2026-02-23 21:07:50,796 - werkzeug - INFO - [31m[1mWARNING: This is a development server. Do not use it in a production deployment. Use a production WSGI server instead.[0m
 * Running on all addresses (0.0.0.0)
 * Running on http://127.0.0.1:5000
 * Running on http://192.168.100.24:5000
2026-02-23 21:07:50,796 - werkzeug - INFO - [33mPress CTRL+C to quit[0m
2026-02-23 21:07:55,182 - httpcore.connection - DEBUG - connect_tcp.started host='127.0.0.1' port=54321 local_address=None timeout=120 socket_options=None
2026-02-23 21:07:55,183 - httpcore.connection - DEBUG - connect_tcp.complete return_value=<httpcore._backends.sync.SyncStream object at 0x000001F60157EF90>
2026-02-23 21:07:55,183 - httpcore.http11 - DEBUG - send_request_headers.started request=<Request [b'GET']>
2026-02-23 21:07:55,184 - httpcore.http11 - DEBUG - send_request_headers.complete
2026-02-23 21:07:55,184 - httpcore.http11 - DEBUG - send_request_body.started request=<Request [b'GET']>
2026-02-23 21:07:55,184 - httpcore.http11 - DEBUG - send_request_body.complete
2026-02-23 21:07:55,184 - httpcore.http11 - DEBUG - receive_response_headers.started request=<Request [b'GET']>
2026-02-23 21:07:55,197 - httpcore.http11 - DEBUG - receive_response_headers.complete return_value=(b'HTTP/1.1', 200, b'OK', [(b'Content-Type', b'application/json; charset=utf-8'), (b'Content-Length', b'506'), (b'Connection', b'keep-alive'), (b'Date', b'Mon, 23 Feb 2026 12:07:55 GMT'), (b'Server', b'postgrest/14.5'), (b'Content-Range', b'0-0/*'), (b'Content-Location', b'/user_settings?id=eq.1&select=%2A'), (b'Content-Profile', b'public'), (b'Access-Control-Allow-Origin', b'*'), (b'X-Kong-Upstream-Latency', b'11'), (b'X-Kong-Proxy-Latency', b'1'), (b'Via', b'kong/2.8.1')])
2026-02-23 21:07:55,198 - httpx - INFO - HTTP Request: GET http://127.0.0.1:54321/rest/v1/user_settings?select=%2A&id=eq.1 "HTTP/1.1 200 OK"
2026-02-23 21:07:55,198 - httpcore.http11 - DEBUG - receive_response_body.started request=<Request [b'GET']>
2026-02-23 21:07:55,198 - httpcore.http11 - DEBUG - receive_response_body.complete
2026-02-23 21:07:55,198 - httpcore.http11 - DEBUG - response_closed.started
2026-02-23 21:07:55,198 - httpcore.http11 - DEBUG - response_closed.complete
2026-02-23 21:07:55,201 - urllib3.connectionpool - DEBUG - Starting new HTTPS connection (1): reservation.knps.or.kr:443
2026-02-23 21:07:55,453 - urllib3.connectionpool - DEBUG - https://reservation.knps.or.kr:443 "POST /reservation/selectCampRemainSiteList.do HTTP/1.1" 200 None
2026-02-23 21:07:55,465 - urllib3.connectionpool - DEBUG - Starting new HTTPS connection (1): reservation.knps.or.kr:443
2026-02-23 21:07:55,723 - urllib3.connectionpool - DEBUG - https://reservation.knps.or.kr:443 "POST /reservation/selectCampRemainSiteList.do HTTP/1.1" 200 None
2026-02-23 21:07:55,727 - urllib3.connectionpool - DEBUG - Starting new HTTPS connection (1): reservation.knps.or.kr:443
2026-02-23 21:07:55,964 - urllib3.connectionpool - DEBUG - https://reservation.knps.or.kr:443 "POST /reservation/selectCampRemainSiteList.do HTTP/1.1" 200 None
2026-02-23 21:07:55,968 - urllib3.connectionpool - DEBUG - Starting new HTTPS connection (1): reservation.knps.or.kr:443
2026-02-23 21:07:56,215 - urllib3.connectionpool - DEBUG - https://reservation.knps.or.kr:443 "POST /reservation/selectCampRemainSiteList.do HTTP/1.1" 200 None
2026-02-23 21:07:56,218 - urllib3.connectionpool - DEBUG - Starting new HTTPS connection (1): reservation.knps.or.kr:443
2026-02-23 21:07:56,466 - urllib3.connectionpool - DEBUG - https://reservation.knps.or.kr:443 "POST /reservation/selectCampRemainSiteList.do HTTP/1.1" 200 None
2026-02-23 21:07:56,469 - urllib3.connectionpool - DEBUG - Starting new HTTPS connection (1): reservation.knps.or.kr:443
2026-02-23 21:07:56,726 - urllib3.connectionpool - DEBUG - https://reservation.knps.or.kr:443 "POST /reservation/selectCampRemainSiteList.do HTTP/1.1" 200 None
2026-02-23 21:07:56,729 - urllib3.connectionpool - DEBUG - Starting new HTTPS connection (1): reservation.knps.or.kr:443
2026-02-23 21:07:56,972 - urllib3.connectionpool - DEBUG - https://reservation.knps.or.kr:443 "POST /reservation/selectCampRemainSiteList.do HTTP/1.1" 200 None
2026-02-23 21:07:56,975 - urllib3.connectionpool - DEBUG - Starting new HTTPS connection (1): reservation.knps.or.kr:443
2026-02-23 21:07:57,230 - urllib3.connectionpool - DEBUG - https://reservation.knps.or.kr:443 "POST /reservation/selectCampRemainSiteList.do HTTP/1.1" 200 None
2026-02-23 21:07:57,234 - urllib3.connectionpool - DEBUG - Starting new HTTPS connection (1): reservation.knps.or.kr:443
2026-02-23 21:07:57,479 - urllib3.connectionpool - DEBUG - https://reservation.knps.or.kr:443 "POST /reservation/selectCampRemainSiteList.do HTTP/1.1" 200 None
2026-02-23 21:07:57,490 - urllib3.connectionpool - DEBUG - Starting new HTTPS connection (1): reservation.knps.or.kr:443
2026-02-23 21:07:57,746 - urllib3.connectionpool - DEBUG - https://reservation.knps.or.kr:443 "POST /reservation/selectCampRemainSiteList.do HTTP/1.1" 200 None
2026-02-23 21:07:57,759 - urllib3.connectionpool - DEBUG - Starting new HTTPS connection (1): reservation.knps.or.kr:443
2026-02-23 21:07:57,998 - urllib3.connectionpool - DEBUG - https://reservation.knps.or.kr:443 "POST /reservation/selectCampRemainSiteList.do HTTP/1.1" 200 None
2026-02-23 21:07:58,002 - urllib3.connectionpool - DEBUG - Starting new HTTPS connection (1): reservation.knps.or.kr:443
2026-02-23 21:07:58,243 - urllib3.connectionpool - DEBUG - https://reservation.knps.or.kr:443 "POST /reservation/selectCampRemainSiteList.do HTTP/1.1" 200 None
2026-02-23 21:07:58,256 - urllib3.connectionpool - DEBUG - Starting new HTTPS connection (1): reservation.knps.or.kr:443
2026-02-23 21:07:58,508 - urllib3.connectionpool - DEBUG - https://reservation.knps.or.kr:443 "POST /reservation/selectCampRemainSiteList.do HTTP/1.1" 200 None
2026-02-23 21:07:58,511 - urllib3.connectionpool - DEBUG - Starting new HTTPS connection (1): reservation.knps.or.kr:443
2026-02-23 21:07:58,745 - urllib3.connectionpool - DEBUG - https://reservation.knps.or.kr:443 "POST /reservation/selectCampRemainSiteList.do HTTP/1.1" 200 None
2026-02-23 21:07:58,748 - urllib3.connectionpool - DEBUG - Starting new HTTPS connection (1): reservation.knps.or.kr:443
2026-02-23 21:07:59,004 - urllib3.connectionpool - DEBUG - https://reservation.knps.or.kr:443 "POST /reservation/selectCampRemainSiteList.do HTTP/1.1" 200 None
2026-02-23 21:07:59,007 - urllib3.connectionpool - DEBUG - Starting new HTTPS connection (1): reservation.knps.or.kr:443
2026-02-23 21:07:59,253 - urllib3.connectionpool - DEBUG - https://reservation.knps.or.kr:443 "POST /reservation/selectCampRemainSiteList.do HTTP/1.1" 200 None
2026-02-23 21:07:59,257 - urllib3.connectionpool - DEBUG - Starting new HTTPS connection (1): reservation.knps.or.kr:443
2026-02-23 21:07:59,511 - urllib3.connectionpool - DEBUG - https://reservation.knps.or.kr:443 "POST /reservation/selectCampRemainSiteList.do HTTP/1.1" 200 None
2026-02-23 21:07:59,515 - urllib3.connectionpool - DEBUG - Starting new HTTPS connection (1): reservation.knps.or.kr:443
2026-02-23 21:07:59,740 - urllib3.connectionpool - DEBUG - https://reservation.knps.or.kr:443 "POST /reservation/selectCampRemainSiteList.do HTTP/1.1" 200 None
2026-02-23 21:07:59,757 - urllib3.connectionpool - DEBUG - Starting new HTTPS connection (1): reservation.knps.or.kr:443
2026-02-23 21:08:00,006 - urllib3.connectionpool - DEBUG - https://reservation.knps.or.kr:443 "POST /reservation/selectCampRemainSiteList.do HTTP/1.1" 200 None
2026-02-23 21:08:00,011 - urllib3.connectionpool - DEBUG - Starting new HTTPS connection (1): reservation.knps.or.kr:443
2026-02-23 21:08:00,249 - urllib3.connectionpool - DEBUG - https://reservation.knps.or.kr:443 "POST /reservation/selectCampRemainSiteList.do HTTP/1.1" 200 None
2026-02-23 21:08:00,253 - urllib3.connectionpool - DEBUG - Starting new HTTPS connection (1): reservation.knps.or.kr:443
2026-02-23 21:08:00,525 - urllib3.connectionpool - DEBUG - https://reservation.knps.or.kr:443 "POST /reservation/selectCampRemainSiteList.do HTTP/1.1" 200 None
2026-02-23 21:08:00,529 - urllib3.connectionpool - DEBUG - Starting new HTTPS connection (1): reservation.knps.or.kr:443
2026-02-23 21:08:00,784 - urllib3.connectionpool - DEBUG - https://reservation.knps.or.kr:443 "POST /reservation/selectCampRemainSiteList.do HTTP/1.1" 200 None
2026-02-23 21:08:00,787 - urllib3.connectionpool - DEBUG - Starting new HTTPS connection (1): reservation.knps.or.kr:443
2026-02-23 21:08:01,051 - urllib3.connectionpool - DEBUG - https://reservation.knps.or.kr:443 "POST /reservation/selectCampRemainSiteList.do HTTP/1.1" 200 None
2026-02-23 21:08:01,053 - urllib3.connectionpool - DEBUG - Starting new HTTPS connection (1): reservation.knps.or.kr:443
2026-02-23 21:08:01,305 - urllib3.connectionpool - DEBUG - https://reservation.knps.or.kr:443 "POST /reservation/selectCampRemainSiteList.do HTTP/1.1" 200 None
2026-02-23 21:08:01,308 - urllib3.connectionpool - DEBUG - Starting new HTTPS connection (1): reservation.knps.or.kr:443
2026-02-23 21:08:01,579 - urllib3.connectionpool - DEBUG - https://reservation.knps.or.kr:443 "POST /reservation/selectCampRemainSiteList.do HTTP/1.1" 200 None
2026-02-23 21:08:01,581 - urllib3.connectionpool - DEBUG - Starting new HTTPS connection (1): reservation.knps.or.kr:443
2026-02-23 21:08:01,831 - urllib3.connectionpool - DEBUG - https://reservation.knps.or.kr:443 "POST /reservation/selectCampRemainSiteList.do HTTP/1.1" 200 None
2026-02-23 21:08:01,844 - urllib3.connectionpool - DEBUG - Starting new HTTPS connection (1): reservation.knps.or.kr:443
2026-02-23 21:08:02,110 - urllib3.connectionpool - DEBUG - https://reservation.knps.or.kr:443 "POST /reservation/selectCampRemainSiteList.do HTTP/1.1" 200 None
2026-02-23 21:08:02,112 - urllib3.connectionpool - DEBUG - Starting new HTTPS connection (1): reservation.knps.or.kr:443
2026-02-23 21:08:02,396 - urllib3.connectionpool - DEBUG - https://reservation.knps.or.kr:443 "POST /reservation/selectCampRemainSiteList.do HTTP/1.1" 200 None
2026-02-23 21:08:02,399 - urllib3.connectionpool - DEBUG - Starting new HTTPS connection (1): reservation.knps.or.kr:443
2026-02-23 21:08:02,656 - urllib3.connectionpool - DEBUG - https://reservation.knps.or.kr:443 "POST /reservation/selectCampRemainSiteList.do HTTP/1.1" 200 None
2026-02-23 21:08:02,660 - urllib3.connectionpool - DEBUG - Starting new HTTPS connection (1): reservation.knps.or.kr:443
2026-02-23 21:08:02,912 - urllib3.connectionpool - DEBUG - https://reservation.knps.or.kr:443 "POST /reservation/selectCampRemainSiteList.do HTTP/1.1" 200 None
2026-02-23 21:08:02,916 - urllib3.connectionpool - DEBUG - Starting new HTTPS connection (1): reservation.knps.or.kr:443
2026-02-23 21:08:03,169 - urllib3.connectionpool - DEBUG - https://reservation.knps.or.kr:443 "POST /reservation/selectCampRemainSiteList.do HTTP/1.1" 200 None
2026-02-23 21:08:03,182 - urllib3.connectionpool - DEBUG - Starting new HTTPS connection (1): reservation.knps.or.kr:443
2026-02-23 21:08:03,446 - urllib3.connectionpool - DEBUG - https://reservation.knps.or.kr:443 "POST /reservation/selectCampRemainSiteList.do HTTP/1.1" 200 None
2026-02-23 21:08:03,448 - urllib3.connectionpool - DEBUG - Starting new HTTPS connection (1): reservation.knps.or.kr:443
2026-02-23 21:08:03,709 - urllib3.connectionpool - DEBUG - https://reservation.knps.or.kr:443 "POST /reservation/selectCampRemainSiteList.do HTTP/1.1" 200 None
2026-02-23 21:08:03,713 - httpcore.connection - DEBUG - close.started
2026-02-23 21:08:03,713 - httpcore.connection - DEBUG - close.complete
2026-02-23 21:08:03,713 - httpcore.connection - DEBUG - connect_tcp.started host='127.0.0.1' port=54321 local_address=None timeout=120 socket_options=None
2026-02-23 21:08:03,714 - httpcore.connection - DEBUG - connect_tcp.complete return_value=<httpcore._backends.sync.SyncStream object at 0x000001F6015BA710>
2026-02-23 21:08:03,714 - httpcore.http11 - DEBUG - send_request_headers.started request=<Request [b'GET']>
2026-02-23 21:08:03,714 - httpcore.http11 - DEBUG - send_request_headers.complete
2026-02-23 21:08:03,714 - httpcore.http11 - DEBUG - send_request_body.started request=<Request [b'GET']>
2026-02-23 21:08:03,714 - httpcore.http11 - DEBUG - send_request_body.complete
2026-02-23 21:08:03,714 - httpcore.http11 - DEBUG - receive_response_headers.started request=<Request [b'GET']>
2026-02-23 21:08:03,719 - httpcore.http11 - DEBUG - receive_response_headers.complete return_value=(b'HTTP/1.1', 200, b'OK', [(b'Content-Type', b'application/json; charset=utf-8'), (b'Content-Length', b'2'), (b'Connection', b'keep-alive'), (b'Date', b'Mon, 23 Feb 2026 12:08:03 GMT'), (b'Server', b'postgrest/14.5'), (b'Content-Range', b'*/*'), (b'Content-Location', b'/notification_history?identifier=eq.20260302_%C3%AA%C2%B0%C2%80%C3%AC%C2%95%C2%BC%C3%AC%C2%82%C2%B0_%C3%AC%C2%B9%C2%B4%C3%AB%C2%9D%C2%BC%C3%AB%C2%B0%C2%98&select=id&sent_at=gt.2026-02-22T21%3A08%3A03.712746'), (b'Content-Profile', b'public'), (b'Access-Control-Allow-Origin', b'*'), (b'X-Kong-Upstream-Latency', b'3'), (b'X-Kong-Proxy-Latency', b'0'), (b'Via', b'kong/2.8.1')])
2026-02-23 21:08:03,719 - httpx - INFO - HTTP Request: GET http://127.0.0.1:54321/rest/v1/notification_history?select=id&identifier=eq.20260302_%EA%B0%80%EC%95%BC%EC%82%B0_%EC%B9%B4%EB%9D%BC%EB%B0%98&sent_at=gt.2026-02-22T21%3A08%3A03.712746 "HTTP/1.1 200 OK"
2026-02-23 21:08:03,719 - httpcore.http11 - DEBUG - receive_response_body.started request=<Request [b'GET']>
2026-02-23 21:08:03,719 - httpcore.http11 - DEBUG - receive_response_body.complete
2026-02-23 21:08:03,719 - httpcore.http11 - DEBUG - response_closed.started
2026-02-23 21:08:03,719 - httpcore.http11 - DEBUG - response_closed.complete
2026-02-23 21:08:03,720 - httpcore.http11 - DEBUG - send_request_headers.started request=<Request [b'GET']>
2026-02-23 21:08:03,720 - httpcore.http11 - DEBUG - send_request_headers.complete
2026-02-23 21:08:03,720 - httpcore.http11 - DEBUG - send_request_body.started request=<Request [b'GET']>
2026-02-23 21:08:03,720 - httpcore.http11 - DEBUG - send_request_body.complete
2026-02-23 21:08:03,720 - httpcore.http11 - DEBUG - receive_response_headers.started request=<Request [b'GET']>
2026-02-23 21:08:03,723 - httpcore.http11 - DEBUG - receive_response_headers.complete return_value=(b'HTTP/1.1', 200, b'OK', [(b'Content-Type', b'application/json; charset=utf-8'), (b'Content-Length', b'2'), (b'Connection', b'keep-alive'), (b'Date', b'Mon, 23 Feb 2026 12:08:03 GMT'), (b'Server', b'postgrest/14.5'), (b'Content-Range', b'*/*'), (b'Content-Location', b'/notification_history?identifier=eq.20260302_%C3%AC%C2%B9%C2%98%C3%AC%C2%95%C2%85%C3%AC%C2%82%C2%B0_%C3%AC%C2%B9%C2%B4%C3%AB%C2%9D%C2%BC%C3%AB%C2%B0%C2%98&select=id&sent_at=gt.2026-02-22T21%3A08%3A03.720031'), (b'Content-Profile', b'public'), (b'Access-Control-Allow-Origin', b'*'), (b'X-Kong-Upstream-Latency', b'1'), (b'X-Kong-Proxy-Latency', b'0'), (b'Via', b'kong/2.8.1')])
2026-02-23 21:08:03,723 - httpx - INFO - HTTP Request: GET http://127.0.0.1:54321/rest/v1/notification_history?select=id&identifier=eq.20260302_%EC%B9%98%EC%95%85%EC%82%B0_%EC%B9%B4%EB%9D%BC%EB%B0%98&sent_at=gt.2026-02-22T21%3A08%3A03.720031 "HTTP/1.1 200 OK"
2026-02-23 21:08:03,723 - httpcore.http11 - DEBUG - receive_response_body.started request=<Request [b'GET']>
2026-02-23 21:08:03,723 - httpcore.http11 - DEBUG - receive_response_body.complete
2026-02-23 21:08:03,723 - httpcore.http11 - DEBUG - response_closed.started
2026-02-23 21:08:03,723 - httpcore.http11 - DEBUG - response_closed.complete
2026-02-23 21:08:03,724 - httpcore.http11 - DEBUG - send_request_headers.started request=<Request [b'GET']>
2026-02-23 21:08:03,724 - httpcore.http11 - DEBUG - send_request_headers.complete
2026-02-23 21:08:03,724 - httpcore.http11 - DEBUG - send_request_body.started request=<Request [b'GET']>
2026-02-23 21:08:03,724 - httpcore.http11 - DEBUG - send_request_body.complete
2026-02-23 21:08:03,724 - httpcore.http11 - DEBUG - receive_response_headers.started request=<Request [b'GET']>
2026-02-23 21:08:03,726 - httpcore.http11 - DEBUG - receive_response_headers.complete return_value=(b'HTTP/1.1', 200, b'OK', [(b'Content-Type', b'application/json; charset=utf-8'), (b'Content-Length', b'2'), (b'Connection', b'keep-alive'), (b'Date', b'Mon, 23 Feb 2026 12:08:03 GMT'), (b'Server', b'postgrest/14.5'), (b'Content-Range', b'*/*'), (b'Content-Location', b'/notification_history?identifier=eq.20260302_%C3%AD%C2%83%C2%9C%C3%AC%C2%95%C2%88%C3%AD%C2%95%C2%B4%C3%AC%C2%95%C2%88_%C3%AC%C2%B9%C2%B4%C3%AB%C2%9D%C2%BC%C3%AB%C2%B0%C2%98&select=id&sent_at=gt.2026-02-22T21%3A08%3A03.723772'), (b'Content-Profile', b'public'), (b'Access-Control-Allow-Origin', b'*'), (b'X-Kong-Upstream-Latency', b'1'), (b'X-Kong-Proxy-Latency', b'0'), (b'Via', b'kong/2.8.1')])
2026-02-23 21:08:03,726 - httpx - INFO - HTTP Request: GET http://127.0.0.1:54321/rest/v1/notification_history?select=id&identifier=eq.20260302_%ED%83%9C%EC%95%88%ED%95%B4%EC%95%88_%EC%B9%B4%EB%9D%BC%EB%B0%98&sent_at=gt.2026-02-22T21%3A08%3A03.723772 "HTTP/1.1 200 OK"
2026-02-23 21:08:03,727 - httpcore.http11 - DEBUG - receive_response_body.started request=<Request [b'GET']>
2026-02-23 21:08:03,727 - httpcore.http11 - DEBUG - receive_response_body.complete
2026-02-23 21:08:03,727 - httpcore.http11 - DEBUG - response_closed.started
2026-02-23 21:08:03,727 - httpcore.http11 - DEBUG - response_closed.complete
2026-02-23 21:08:03,727 - httpcore.http11 - DEBUG - send_request_headers.started request=<Request [b'GET']>
2026-02-23 21:08:03,727 - httpcore.http11 - DEBUG - send_request_headers.complete
2026-02-23 21:08:03,727 - httpcore.http11 - DEBUG - send_request_body.started request=<Request [b'GET']>
2026-02-23 21:08:03,727 - httpcore.http11 - DEBUG - send_request_body.complete
2026-02-23 21:08:03,728 - httpcore.http11 - DEBUG - receive_response_headers.started request=<Request [b'GET']>
2026-02-23 21:08:03,730 - httpcore.http11 - DEBUG - receive_response_headers.complete return_value=(b'HTTP/1.1', 200, b'OK', [(b'Content-Type', b'application/json; charset=utf-8'), (b'Content-Length', b'2'), (b'Connection', b'keep-alive'), (b'Date', b'Mon, 23 Feb 2026 12:08:03 GMT'), (b'Server', b'postgrest/14.5'), (b'Content-Range', b'*/*'), (b'Content-Location', b'/notification_history?identifier=eq.20260303_%C3%AA%C2%B0%C2%80%C3%AC%C2%95%C2%BC%C3%AC%C2%82%C2%B0_%C3%AC%C2%B9%C2%B4%C3%AB%C2%9D%C2%BC%C3%AB%C2%B0%C2%98&select=id&sent_at=gt.2026-02-22T21%3A08%3A03.727317'), (b'Content-Profile', b'public'), (b'Access-Control-Allow-Origin', b'*'), (b'X-Kong-Upstream-Latency', b'1'), (b'X-Kong-Proxy-Latency', b'0'), (b'Via', b'kong/2.8.1')])
2026-02-23 21:08:03,730 - httpx - INFO - HTTP Request: GET http://127.0.0.1:54321/rest/v1/notification_history?select=id&identifier=eq.20260303_%EA%B0%80%EC%95%BC%EC%82%B0_%EC%B9%B4%EB%9D%BC%EB%B0%98&sent_at=gt.2026-02-22T21%3A08%3A03.727317 "HTTP/1.1 200 OK"
2026-02-23 21:08:03,730 - httpcore.http11 - DEBUG - receive_response_body.started request=<Request [b'GET']>
2026-02-23 21:08:03,730 - httpcore.http11 - DEBUG - receive_response_body.complete
2026-02-23 21:08:03,730 - httpcore.http11 - DEBUG - response_closed.started
2026-02-23 21:08:03,730 - httpcore.http11 - DEBUG - response_closed.complete
2026-02-23 21:08:03,731 - httpcore.http11 - DEBUG - send_request_headers.started request=<Request [b'GET']>
2026-02-23 21:08:03,731 - httpcore.http11 - DEBUG - send_request_headers.complete
2026-02-23 21:08:03,731 - httpcore.http11 - DEBUG - send_request_body.started request=<Request [b'GET']>
2026-02-23 21:08:03,731 - httpcore.http11 - DEBUG - send_request_body.complete
2026-02-23 21:08:03,731 - httpcore.http11 - DEBUG - receive_response_headers.started request=<Request [b'GET']>
2026-02-23 21:08:03,733 - httpcore.http11 - DEBUG - receive_response_headers.complete return_value=(b'HTTP/1.1', 200, b'OK', [(b'Content-Type', b'application/json; charset=utf-8'), (b'Content-Length', b'2'), (b'Connection', b'keep-alive'), (b'Date', b'Mon, 23 Feb 2026 12:08:03 GMT'), (b'Server', b'postgrest/14.5'), (b'Content-Range', b'*/*'), (b'Content-Location', b'/notification_history?identifier=eq.20260303_%C3%AC%C2%9B%C2%94%C3%AC%C2%B6%C2%9C%C3%AC%C2%82%C2%B0_%C3%AC%C2%B9%C2%B4%C3%AB%C2%9D%C2%BC%C3%AB%C2%B0%C2%98&select=id&sent_at=gt.2026-02-22T21%3A08%3A03.730837'), (b'Content-Profile', b'public'), (b'Access-Control-Allow-Origin', b'*'), (b'X-Kong-Upstream-Latency', b'1'), (b'X-Kong-Proxy-Latency', b'0'), (b'Via', b'kong/2.8.1')])
2026-02-23 21:08:03,733 - httpx - INFO - HTTP Request: GET http://127.0.0.1:54321/rest/v1/notification_history?select=id&identifier=eq.20260303_%EC%9B%94%EC%B6%9C%EC%82%B0_%EC%B9%B4%EB%9D%BC%EB%B0%98&sent_at=gt.2026-02-22T21%3A08%3A03.730837 "HTTP/1.1 200 OK"
2026-02-23 21:08:03,733 - httpcore.http11 - DEBUG - receive_response_body.started request=<Request [b'GET']>
2026-02-23 21:08:03,733 - httpcore.http11 - DEBUG - receive_response_body.complete
2026-02-23 21:08:03,733 - httpcore.http11 - DEBUG - response_closed.started
2026-02-23 21:08:03,733 - httpcore.http11 - DEBUG - response_closed.complete
2026-02-23 21:08:03,734 - httpcore.http11 - DEBUG - send_request_headers.started request=<Request [b'GET']>
2026-02-23 21:08:03,734 - httpcore.http11 - DEBUG - send_request_headers.complete
2026-02-23 21:08:03,734 - httpcore.http11 - DEBUG - send_request_body.started request=<Request [b'GET']>
2026-02-23 21:08:03,734 - httpcore.http11 - DEBUG - send_request_body.complete
2026-02-23 21:08:03,734 - httpcore.http11 - DEBUG - receive_response_headers.started request=<Request [b'GET']>
2026-02-23 21:08:03,736 - httpcore.http11 - DEBUG - receive_response_headers.complete return_value=(b'HTTP/1.1', 200, b'OK', [(b'Content-Type', b'application/json; charset=utf-8'), (b'Content-Length', b'2'), (b'Connection', b'keep-alive'), (b'Date', b'Mon, 23 Feb 2026 12:08:03 GMT'), (b'Server', b'postgrest/14.5'), (b'Content-Range', b'*/*'), (b'Content-Location', b'/notification_history?identifier=eq.20260303_%C3%AC%C2%B9%C2%98%C3%AC%C2%95%C2%85%C3%AC%C2%82%C2%B0_%C3%AC%C2%B9%C2%B4%C3%AB%C2%9D%C2%BC%C3%AB%C2%B0%C2%98&select=id&sent_at=gt.2026-02-22T21%3A08%3A03.733710'), (b'Content-Profile', b'public'), (b'Access-Control-Allow-Origin', b'*'), (b'X-Kong-Upstream-Latency', b'1'), (b'X-Kong-Proxy-Latency', b'0'), (b'Via', b'kong/2.8.1')])
2026-02-23 21:08:03,736 - httpx - INFO - HTTP Request: GET http://127.0.0.1:54321/rest/v1/notification_history?select=id&identifier=eq.20260303_%EC%B9%98%EC%95%85%EC%82%B0_%EC%B9%B4%EB%9D%BC%EB%B0%98&sent_at=gt.2026-02-22T21%3A08%3A03.733710 "HTTP/1.1 200 OK"
2026-02-23 21:08:03,736 - httpcore.http11 - DEBUG - receive_response_body.started request=<Request [b'GET']>
2026-02-23 21:08:03,736 - httpcore.http11 - DEBUG - receive_response_body.complete
2026-02-23 21:08:03,736 - httpcore.http11 - DEBUG - response_closed.started
2026-02-23 21:08:03,736 - httpcore.http11 - DEBUG - response_closed.complete
2026-02-23 21:08:03,737 - httpcore.http11 - DEBUG - send_request_headers.started request=<Request [b'GET']>
2026-02-23 21:08:03,737 - httpcore.http11 - DEBUG - send_request_headers.complete
2026-02-23 21:08:03,737 - httpcore.http11 - DEBUG - send_request_body.started request=<Request [b'GET']>
2026-02-23 21:08:03,737 - httpcore.http11 - DEBUG - send_request_body.complete
2026-02-23 21:08:03,737 - httpcore.http11 - DEBUG - receive_response_headers.started request=<Request [b'GET']>
2026-02-23 21:08:03,739 - httpcore.http11 - DEBUG - receive_response_headers.complete return_value=(b'HTTP/1.1', 200, b'OK', [(b'Content-Type', b'application/json; charset=utf-8'), (b'Content-Length', b'2'), (b'Connection', b'keep-alive'), (b'Date', b'Mon, 23 Feb 2026 12:08:03 GMT'), (b'Server', b'postgrest/14.5'), (b'Content-Range', b'*/*'), (b'Content-Location', b'/notification_history?identifier=eq.20260303_%C3%AD%C2%83%C2%9C%C3%AC%C2%95%C2%88%C3%AD%C2%95%C2%B4%C3%AC%C2%95%C2%88_%C3%AC%C2%B9%C2%B4%C3%AB%C2%9D%C2%BC%C3%AB%C2%B0%C2%98&select=id&sent_at=gt.2026-02-22T21%3A08%3A03.737018'), (b'Content-Profile', b'public'), (b'Access-Control-Allow-Origin', b'*'), (b'X-Kong-Upstream-Latency', b'2'), (b'X-Kong-Proxy-Latency', b'0'), (b'Via', b'kong/2.8.1')])
2026-02-23 21:08:03,739 - httpx - INFO - HTTP Request: GET http://127.0.0.1:54321/rest/v1/notification_history?select=id&identifier=eq.20260303_%ED%83%9C%EC%95%88%ED%95%B4%EC%95%88_%EC%B9%B4%EB%9D%BC%EB%B0%98&sent_at=gt.2026-02-22T21%3A08%3A03.737018 "HTTP/1.1 200 OK"
2026-02-23 21:08:03,739 - httpcore.http11 - DEBUG - receive_response_body.started request=<Request [b'GET']>
2026-02-23 21:08:03,740 - httpcore.http11 - DEBUG - receive_response_body.complete
2026-02-23 21:08:03,740 - httpcore.http11 - DEBUG - response_closed.started
2026-02-23 21:08:03,740 - httpcore.http11 - DEBUG - response_closed.complete
2026-02-23 21:08:03,740 - httpcore.http11 - DEBUG - send_request_headers.started request=<Request [b'GET']>
2026-02-23 21:08:03,740 - httpcore.http11 - DEBUG - send_request_headers.complete
2026-02-23 21:08:03,740 - httpcore.http11 - DEBUG - send_request_body.started request=<Request [b'GET']>
2026-02-23 21:08:03,740 - httpcore.http11 - DEBUG - send_request_body.complete
2026-02-23 21:08:03,740 - httpcore.http11 - DEBUG - receive_response_headers.started request=<Request [b'GET']>
2026-02-23 21:08:03,742 - httpcore.http11 - DEBUG - receive_response_headers.complete return_value=(b'HTTP/1.1', 200, b'OK', [(b'Content-Type', b'application/json; charset=utf-8'), (b'Content-Length', b'2'), (b'Connection', b'keep-alive'), (b'Date', b'Mon, 23 Feb 2026 12:08:03 GMT'), (b'Server', b'postgrest/14.5'), (b'Content-Range', b'*/*'), (b'Content-Location', b'/notification_history?identifier=eq.20260305_%C3%AA%C2%B0%C2%80%C3%AC%C2%95%C2%BC%C3%AC%C2%82%C2%B0_%C3%AC%C2%B9%C2%B4%C3%AB%C2%9D%C2%BC%C3%AB%C2%B0%C2%98&select=id&sent_at=gt.2026-02-22T21%3A08%3A03.740168'), (b'Content-Profile', b'public'), (b'Access-Control-Allow-Origin', b'*'), (b'X-Kong-Upstream-Latency', b'1'), (b'X-Kong-Proxy-Latency', b'0'), (b'Via', b'kong/2.8.1')])
2026-02-23 21:08:03,742 - httpx - INFO - HTTP Request: GET http://127.0.0.1:54321/rest/v1/notification_history?select=id&identifier=eq.20260305_%EA%B0%80%EC%95%BC%EC%82%B0_%EC%B9%B4%EB%9D%BC%EB%B0%98&sent_at=gt.2026-02-22T21%3A08%3A03.740168 "HTTP/1.1 200 OK"
2026-02-23 21:08:03,742 - httpcore.http11 - DEBUG - receive_response_body.started request=<Request [b'GET']>
2026-02-23 21:08:03,742 - httpcore.http11 - DEBUG - receive_response_body.complete
2026-02-23 21:08:03,742 - httpcore.http11 - DEBUG - response_closed.started
2026-02-23 21:08:03,742 - httpcore.http11 - DEBUG - response_closed.complete
2026-02-23 21:08:03,743 - httpcore.http11 - DEBUG - send_request_headers.started request=<Request [b'GET']>
2026-02-23 21:08:03,743 - httpcore.http11 - DEBUG - send_request_headers.complete
2026-02-23 21:08:03,743 - httpcore.http11 - DEBUG - send_request_body.started request=<Request [b'GET']>
2026-02-23 21:08:03,743 - httpcore.http11 - DEBUG - send_request_body.complete
2026-02-23 21:08:03,743 - httpcore.http11 - DEBUG - receive_response_headers.started request=<Request [b'GET']>
2026-02-23 21:08:03,745 - httpcore.http11 - DEBUG - receive_response_headers.complete return_value=(b'HTTP/1.1', 200, b'OK', [(b'Content-Type', b'application/json; charset=utf-8'), (b'Content-Length', b'2'), (b'Connection', b'keep-alive'), (b'Date', b'Mon, 23 Feb 2026 12:08:03 GMT'), (b'Server', b'postgrest/14.5'), (b'Content-Range', b'*/*'), (b'Content-Location', b'/notification_history?identifier=eq.20260305_%C3%AC%C2%9B%C2%94%C3%AC%C2%B6%C2%9C%C3%AC%C2%82%C2%B0_%C3%AC%C2%B9%C2%B4%C3%AB%C2%9D%C2%BC%C3%AB%C2%B0%C2%98&select=id&sent_at=gt.2026-02-22T21%3A08%3A03.742857'), (b'Content-Profile', b'public'), (b'Access-Control-Allow-Origin', b'*'), (b'X-Kong-Upstream-Latency', b'1'), (b'X-Kong-Proxy-Latency', b'0'), (b'Via', b'kong/2.8.1')])
2026-02-23 21:08:03,746 - httpx - INFO - HTTP Request: GET http://127.0.0.1:54321/rest/v1/notification_history?select=id&identifier=eq.20260305_%EC%9B%94%EC%B6%9C%EC%82%B0_%EC%B9%B4%EB%9D%BC%EB%B0%98&sent_at=gt.2026-02-22T21%3A08%3A03.742857 "HTTP/1.1 200 OK"
2026-02-23 21:08:03,746 - httpcore.http11 - DEBUG - receive_response_body.started request=<Request [b'GET']>
2026-02-23 21:08:03,746 - httpcore.http11 - DEBUG - receive_response_body.complete
2026-02-23 21:08:03,746 - httpcore.http11 - DEBUG - response_closed.started
2026-02-23 21:08:03,746 - httpcore.http11 - DEBUG - response_closed.complete
2026-02-23 21:08:03,746 - httpcore.http11 - DEBUG - send_request_headers.started request=<Request [b'GET']>
2026-02-23 21:08:03,747 - httpcore.http11 - DEBUG - send_request_headers.complete
2026-02-23 21:08:03,747 - httpcore.http11 - DEBUG - send_request_body.started request=<Request [b'GET']>
2026-02-23 21:08:03,747 - httpcore.http11 - DEBUG - send_request_body.complete
2026-02-23 21:08:03,747 - httpcore.http11 - DEBUG - receive_response_headers.started request=<Request [b'GET']>
2026-02-23 21:08:03,748 - httpcore.http11 - DEBUG - receive_response_headers.complete return_value=(b'HTTP/1.1', 200, b'OK', [(b'Content-Type', b'application/json; charset=utf-8'), (b'Content-Length', b'2'), (b'Connection', b'keep-alive'), (b'Date', b'Mon, 23 Feb 2026 12:08:03 GMT'), (b'Server', b'postgrest/14.5'), (b'Content-Range', b'*/*'), (b'Content-Location', b'/notification_history?identifier=eq.20260305_%C3%AC%C2%B9%C2%98%C3%AC%C2%95%C2%85%C3%AC%C2%82%C2%B0_%C3%AC%C2%B9%C2%B4%C3%AB%C2%9D%C2%BC%C3%AB%C2%B0%C2%98&select=id&sent_at=gt.2026-02-22T21%3A08%3A03.746486'), (b'Content-Profile', b'public'), (b'Access-Control-Allow-Origin', b'*'), (b'X-Kong-Upstream-Latency', b'1'), (b'X-Kong-Proxy-Latency', b'0'), (b'Via', b'kong/2.8.1')])
2026-02-23 21:08:03,749 - httpx - INFO - HTTP Request: GET http://127.0.0.1:54321/rest/v1/notification_history?select=id&identifier=eq.20260305_%EC%B9%98%EC%95%85%EC%82%B0_%EC%B9%B4%EB%9D%BC%EB%B0%98&sent_at=gt.2026-02-22T21%3A08%3A03.746486 "HTTP/1.1 200 OK"
2026-02-23 21:08:03,749 - httpcore.http11 - DEBUG - receive_response_body.started request=<Request [b'GET']>
2026-02-23 21:08:03,749 - httpcore.http11 - DEBUG - receive_response_body.complete
2026-02-23 21:08:03,749 - httpcore.http11 - DEBUG - response_closed.started
2026-02-23 21:08:03,749 - httpcore.http11 - DEBUG - response_closed.complete
2026-02-23 21:08:03,749 - httpcore.http11 - DEBUG - send_request_headers.started request=<Request [b'GET']>
2026-02-23 21:08:03,749 - httpcore.http11 - DEBUG - send_request_headers.complete
2026-02-23 21:08:03,749 - httpcore.http11 - DEBUG - send_request_body.started request=<Request [b'GET']>
2026-02-23 21:08:03,749 - httpcore.http11 - DEBUG - send_request_body.complete
2026-02-23 21:08:03,749 - httpcore.http11 - DEBUG - receive_response_headers.started request=<Request [b'GET']>
2026-02-23 21:08:03,751 - httpcore.http11 - DEBUG - receive_response_headers.complete return_value=(b'HTTP/1.1', 200, b'OK', [(b'Content-Type', b'application/json; charset=utf-8'), (b'Content-Length', b'2'), (b'Connection', b'keep-alive'), (b'Date', b'Mon, 23 Feb 2026 12:08:03 GMT'), (b'Server', b'postgrest/14.5'), (b'Content-Range', b'*/*'), (b'Content-Location', b'/notification_history?identifier=eq.20260305_%C3%AD%C2%83%C2%9C%C3%AC%C2%95%C2%88%C3%AD%C2%95%C2%B4%C3%AC%C2%95%C2%88_%C3%AC%C2%B9%C2%B4%C3%AB%C2%9D%C2%BC%C3%AB%C2%B0%C2%98&select=id&sent_at=gt.2026-02-22T21%3A08%3A03.749404'), (b'Content-Profile', b'public'), (b'Access-Control-Allow-Origin', b'*'), (b'X-Kong-Upstream-Latency', b'1'), (b'X-Kong-Proxy-Latency', b'0'), (b'Via', b'kong/2.8.1')])
2026-02-23 21:08:03,752 - httpx - INFO - HTTP Request: GET http://127.0.0.1:54321/rest/v1/notification_history?select=id&identifier=eq.20260305_%ED%83%9C%EC%95%88%ED%95%B4%EC%95%88_%EC%B9%B4%EB%9D%BC%EB%B0%98&sent_at=gt.2026-02-22T21%3A08%3A03.749404 "HTTP/1.1 200 OK"
2026-02-23 21:08:03,752 - httpcore.http11 - DEBUG - receive_response_body.started request=<Request [b'GET']>
2026-02-23 21:08:03,752 - httpcore.http11 - DEBUG - receive_response_body.complete
2026-02-23 21:08:03,752 - httpcore.http11 - DEBUG - response_closed.started
2026-02-23 21:08:03,752 - httpcore.http11 - DEBUG - response_closed.complete
2026-02-23 21:08:03,752 - httpcore.http11 - DEBUG - send_request_headers.started request=<Request [b'GET']>
2026-02-23 21:08:03,752 - httpcore.http11 - DEBUG - send_request_headers.complete
2026-02-23 21:08:03,753 - httpcore.http11 - DEBUG - send_request_body.started request=<Request [b'GET']>
2026-02-23 21:08:03,753 - httpcore.http11 - DEBUG - send_request_body.complete
2026-02-23 21:08:03,753 - httpcore.http11 - DEBUG - receive_response_headers.started request=<Request [b'GET']>
2026-02-23 21:08:03,755 - httpcore.http11 - DEBUG - receive_response_headers.complete return_value=(b'HTTP/1.1', 200, b'OK', [(b'Content-Type', b'application/json; charset=utf-8'), (b'Content-Length', b'2'), (b'Connection', b'keep-alive'), (b'Date', b'Mon, 23 Feb 2026 12:08:03 GMT'), (b'Server', b'postgrest/14.5'), (b'Content-Range', b'*/*'), (b'Content-Location', b'/notification_history?identifier=eq.20260306_%C3%AA%C2%B0%C2%80%C3%AC%C2%95%C2%BC%C3%AC%C2%82%C2%B0_%C3%AC%C2%B9%C2%B4%C3%AB%C2%9D%C2%BC%C3%AB%C2%B0%C2%98&select=id&sent_at=gt.2026-02-22T21%3A08%3A03.752437'), (b'Content-Profile', b'public'), (b'Access-Control-Allow-Origin', b'*'), (b'X-Kong-Upstream-Latency', b'1'), (b'X-Kong-Proxy-Latency', b'0'), (b'Via', b'kong/2.8.1')])
2026-02-23 21:08:03,755 - httpx - INFO - HTTP Request: GET http://127.0.0.1:54321/rest/v1/notification_history?select=id&identifier=eq.20260306_%EA%B0%80%EC%95%BC%EC%82%B0_%EC%B9%B4%EB%9D%BC%EB%B0%98&sent_at=gt.2026-02-22T21%3A08%3A03.752437 "HTTP/1.1 200 OK"
2026-02-23 21:08:03,756 - httpcore.http11 - DEBUG - receive_response_body.started request=<Request [b'GET']>
2026-02-23 21:08:03,756 - httpcore.http11 - DEBUG - receive_response_body.complete
2026-02-23 21:08:03,756 - httpcore.http11 - DEBUG - response_closed.started
2026-02-23 21:08:03,756 - httpcore.http11 - DEBUG - response_closed.complete
2026-02-23 21:08:03,756 - httpcore.http11 - DEBUG - send_request_headers.started request=<Request [b'GET']>
2026-02-23 21:08:03,756 - httpcore.http11 - DEBUG - send_request_headers.complete
2026-02-23 21:08:03,756 - httpcore.http11 - DEBUG - send_request_body.started request=<Request [b'GET']>
2026-02-23 21:08:03,756 - httpcore.http11 - DEBUG - send_request_body.complete
2026-02-23 21:08:03,756 - httpcore.http11 - DEBUG - receive_response_headers.started request=<Request [b'GET']>
2026-02-23 21:08:03,758 - httpcore.http11 - DEBUG - receive_response_headers.complete return_value=(b'HTTP/1.1', 200, b'OK', [(b'Content-Type', b'application/json; charset=utf-8'), (b'Content-Length', b'2'), (b'Connection', b'keep-alive'), (b'Date', b'Mon, 23 Feb 2026 12:08:03 GMT'), (b'Server', b'postgrest/14.5'), (b'Content-Range', b'*/*'), (b'Content-Location', b'/notification_history?identifier=eq.20260306_%C3%AC%C2%B9%C2%98%C3%AC%C2%95%C2%85%C3%AC%C2%82%C2%B0_%C3%AC%C2%B9%C2%B4%C3%AB%C2%9D%C2%BC%C3%AB%C2%B0%C2%98&select=id&sent_at=gt.2026-02-22T21%3A08%3A03.756193'), (b'Content-Profile', b'public'), (b'Access-Control-Allow-Origin', b'*'), (b'X-Kong-Upstream-Latency', b'1'), (b'X-Kong-Proxy-Latency', b'0'), (b'Via', b'kong/2.8.1')])
2026-02-23 21:08:03,758 - httpx - INFO - HTTP Request: GET http://127.0.0.1:54321/rest/v1/notification_history?select=id&identifier=eq.20260306_%EC%B9%98%EC%95%85%EC%82%B0_%EC%B9%B4%EB%9D%BC%EB%B0%98&sent_at=gt.2026-02-22T21%3A08%3A03.756193 "HTTP/1.1 200 OK"
2026-02-23 21:08:03,758 - httpcore.http11 - DEBUG - receive_response_body.started request=<Request [b'GET']>
2026-02-23 21:08:03,759 - httpcore.http11 - DEBUG - receive_response_body.complete
2026-02-23 21:08:03,759 - httpcore.http11 - DEBUG - response_closed.started
2026-02-23 21:08:03,759 - httpcore.http11 - DEBUG - response_closed.complete
2026-02-23 21:08:03,759 - httpcore.http11 - DEBUG - send_request_headers.started request=<Request [b'GET']>
2026-02-23 21:08:03,759 - httpcore.http11 - DEBUG - send_request_headers.complete
2026-02-23 21:08:03,759 - httpcore.http11 - DEBUG - send_request_body.started request=<Request [b'GET']>
2026-02-23 21:08:03,759 - httpcore.http11 - DEBUG - send_request_body.complete
2026-02-23 21:08:03,759 - httpcore.http11 - DEBUG - receive_response_headers.started request=<Request [b'GET']>
2026-02-23 21:08:03,761 - httpcore.http11 - DEBUG - receive_response_headers.complete return_value=(b'HTTP/1.1', 200, b'OK', [(b'Content-Type', b'application/json; charset=utf-8'), (b'Content-Length', b'2'), (b'Connection', b'keep-alive'), (b'Date', b'Mon, 23 Feb 2026 12:08:03 GMT'), (b'Server', b'postgrest/14.5'), (b'Content-Range', b'*/*'), (b'Content-Location', b'/notification_history?identifier=eq.20260306_%C3%AD%C2%83%C2%9C%C3%AC%C2%95%C2%88%C3%AD%C2%95%C2%B4%C3%AC%C2%95%C2%88_%C3%AC%C2%B9%C2%B4%C3%AB%C2%9D%C2%BC%C3%AB%C2%B0%C2%98&select=id&sent_at=gt.2026-02-22T21%3A08%3A03.759228'), (b'Content-Profile', b'public'), (b'Access-Control-Allow-Origin', b'*'), (b'X-Kong-Upstream-Latency', b'1'), (b'X-Kong-Proxy-Latency', b'0'), (b'Via', b'kong/2.8.1')])
2026-02-23 21:08:03,761 - httpx - INFO - HTTP Request: GET http://127.0.0.1:54321/rest/v1/notification_history?select=id&identifier=eq.20260306_%ED%83%9C%EC%95%88%ED%95%B4%EC%95%88_%EC%B9%B4%EB%9D%BC%EB%B0%98&sent_at=gt.2026-02-22T21%3A08%3A03.759228 "HTTP/1.1 200 OK"
2026-02-23 21:08:03,761 - httpcore.http11 - DEBUG - receive_response_body.started request=<Request [b'GET']>
2026-02-23 21:08:03,761 - httpcore.http11 - DEBUG - receive_response_body.complete
2026-02-23 21:08:03,761 - httpcore.http11 - DEBUG - response_closed.started
2026-02-23 21:08:03,761 - httpcore.http11 - DEBUG - response_closed.complete
2026-02-23 21:08:03,762 - httpcore.http11 - DEBUG - send_request_headers.started request=<Request [b'GET']>
2026-02-23 21:08:03,762 - httpcore.http11 - DEBUG - send_request_headers.complete
2026-02-23 21:08:03,762 - httpcore.http11 - DEBUG - send_request_body.started request=<Request [b'GET']>
2026-02-23 21:08:03,762 - httpcore.http11 - DEBUG - send_request_body.complete
2026-02-23 21:08:03,762 - httpcore.http11 - DEBUG - receive_response_headers.started request=<Request [b'GET']>
2026-02-23 21:08:03,764 - httpcore.http11 - DEBUG - receive_response_headers.complete return_value=(b'HTTP/1.1', 200, b'OK', [(b'Content-Type', b'application/json; charset=utf-8'), (b'Content-Length', b'2'), (b'Connection', b'keep-alive'), (b'Date', b'Mon, 23 Feb 2026 12:08:03 GMT'), (b'Server', b'postgrest/14.5'), (b'Content-Range', b'*/*'), (b'Content-Location', b'/notification_history?identifier=eq.20260308_%C3%AA%C2%B0%C2%80%C3%AC%C2%95%C2%BC%C3%AC%C2%82%C2%B0_%C3%AC%C2%B9%C2%B4%C3%AB%C2%9D%C2%BC%C3%AB%C2%B0%C2%98&select=id&sent_at=gt.2026-02-22T21%3A08%3A03.761907'), (b'Content-Profile', b'public'), (b'Access-Control-Allow-Origin', b'*'), (b'X-Kong-Upstream-Latency', b'1'), (b'X-Kong-Proxy-Latency', b'0'), (b'Via', b'kong/2.8.1')])
2026-02-23 21:08:03,764 - httpx - INFO - HTTP Request: GET http://127.0.0.1:54321/rest/v1/notification_history?select=id&identifier=eq.20260308_%EA%B0%80%EC%95%BC%EC%82%B0_%EC%B9%B4%EB%9D%BC%EB%B0%98&sent_at=gt.2026-02-22T21%3A08%3A03.761907 "HTTP/1.1 200 OK"
2026-02-23 21:08:03,764 - httpcore.http11 - DEBUG - receive_response_body.started request=<Request [b'GET']>
2026-02-23 21:08:03,764 - httpcore.http11 - DEBUG - receive_response_body.complete
2026-02-23 21:08:03,764 - httpcore.http11 - DEBUG - response_closed.started
2026-02-23 21:08:03,764 - httpcore.http11 - DEBUG - response_closed.complete
2026-02-23 21:08:03,765 - httpcore.http11 - DEBUG - send_request_headers.started request=<Request [b'GET']>
2026-02-23 21:08:03,765 - httpcore.http11 - DEBUG - send_request_headers.complete
2026-02-23 21:08:03,765 - httpcore.http11 - DEBUG - send_request_body.started request=<Request [b'GET']>
2026-02-23 21:08:03,765 - httpcore.http11 - DEBUG - send_request_body.complete
2026-02-23 21:08:03,765 - httpcore.http11 - DEBUG - receive_response_headers.started request=<Request [b'GET']>
2026-02-23 21:08:03,767 - httpcore.http11 - DEBUG - receive_response_headers.complete return_value=(b'HTTP/1.1', 200, b'OK', [(b'Content-Type', b'application/json; charset=utf-8'), (b'Content-Length', b'2'), (b'Connection', b'keep-alive'), (b'Date', b'Mon, 23 Feb 2026 12:08:03 GMT'), (b'Server', b'postgrest/14.5'), (b'Content-Range', b'*/*'), (b'Content-Location', b'/notification_history?identifier=eq.20260308_%C3%AC%C2%9B%C2%94%C3%AC%C2%B6%C2%9C%C3%AC%C2%82%C2%B0_%C3%AC%C2%B9%C2%B4%C3%AB%C2%9D%C2%BC%C3%AB%C2%B0%C2%98&select=id&sent_at=gt.2026-02-22T21%3A08%3A03.764747'), (b'Content-Profile', b'public'), (b'Access-Control-Allow-Origin', b'*'), (b'X-Kong-Upstream-Latency', b'1'), (b'X-Kong-Proxy-Latency', b'0'), (b'Via', b'kong/2.8.1')])
2026-02-23 21:08:03,767 - httpx - INFO - HTTP Request: GET http://127.0.0.1:54321/rest/v1/notification_history?select=id&identifier=eq.20260308_%EC%9B%94%EC%B6%9C%EC%82%B0_%EC%B9%B4%EB%9D%BC%EB%B0%98&sent_at=gt.2026-02-22T21%3A08%3A03.764747 "HTTP/1.1 200 OK"
2026-02-23 21:08:03,767 - httpcore.http11 - DEBUG - receive_response_body.started request=<Request [b'GET']>
2026-02-23 21:08:03,767 - httpcore.http11 - DEBUG - receive_response_body.complete
2026-02-23 21:08:03,767 - httpcore.http11 - DEBUG - response_closed.started
2026-02-23 21:08:03,767 - httpcore.http11 - DEBUG - response_closed.complete
2026-02-23 21:08:03,767 - httpcore.http11 - DEBUG - send_request_headers.started request=<Request [b'GET']>
2026-02-23 21:08:03,767 - httpcore.http11 - DEBUG - send_request_headers.complete
2026-02-23 21:08:03,767 - httpcore.http11 - DEBUG - send_request_body.started request=<Request [b'GET']>
2026-02-23 21:08:03,767 - httpcore.http11 - DEBUG - send_request_body.complete
2026-02-23 21:08:03,768 - httpcore.http11 - DEBUG - receive_response_headers.started request=<Request [b'GET']>
2026-02-23 21:08:03,769 - httpcore.http11 - DEBUG - receive_response_headers.complete return_value=(b'HTTP/1.1', 200, b'OK', [(b'Content-Type', b'application/json; charset=utf-8'), (b'Content-Length', b'2'), (b'Connection', b'keep-alive'), (b'Date', b'Mon, 23 Feb 2026 12:08:03 GMT'), (b'Server', b'postgrest/14.5'), (b'Content-Range', b'*/*'), (b'Content-Location', b'/notification_history?identifier=eq.20260308_%C3%AC%C2%B9%C2%98%C3%AC%C2%95%C2%85%C3%AC%C2%82%C2%B0_%C3%AC%C2%B9%C2%B4%C3%AB%C2%9D%C2%BC%C3%AB%C2%B0%C2%98&select=id&sent_at=gt.2026-02-22T21%3A08%3A03.767493'), (b'Content-Profile', b'public'), (b'Access-Control-Allow-Origin', b'*'), (b'X-Kong-Upstream-Latency', b'1'), (b'X-Kong-Proxy-Latency', b'0'), (b'Via', b'kong/2.8.1')])
2026-02-23 21:08:03,769 - httpx - INFO - HTTP Request: GET http://127.0.0.1:54321/rest/v1/notification_history?select=id&identifier=eq.20260308_%EC%B9%98%EC%95%85%EC%82%B0_%EC%B9%B4%EB%9D%BC%EB%B0%98&sent_at=gt.2026-02-22T21%3A08%3A03.767493 "HTTP/1.1 200 OK"
2026-02-23 21:08:03,769 - httpcore.http11 - DEBUG - receive_response_body.started request=<Request [b'GET']>
2026-02-23 21:08:03,770 - httpcore.http11 - DEBUG - receive_response_body.complete
2026-02-23 21:08:03,770 - httpcore.http11 - DEBUG - response_closed.started
2026-02-23 21:08:03,770 - httpcore.http11 - DEBUG - response_closed.complete
2026-02-23 21:08:03,770 - httpcore.http11 - DEBUG - send_request_headers.started request=<Request [b'GET']>
2026-02-23 21:08:03,770 - httpcore.http11 - DEBUG - send_request_headers.complete
2026-02-23 21:08:03,770 - httpcore.http11 - DEBUG - send_request_body.started request=<Request [b'GET']>
2026-02-23 21:08:03,770 - httpcore.http11 - DEBUG - send_request_body.complete
2026-02-23 21:08:03,770 - httpcore.http11 - DEBUG - receive_response_headers.started request=<Request [b'GET']>
2026-02-23 21:08:03,776 - httpcore.http11 - DEBUG - receive_response_headers.complete return_value=(b'HTTP/1.1', 200, b'OK', [(b'Content-Type', b'application/json; charset=utf-8'), (b'Content-Length', b'2'), (b'Connection', b'keep-alive'), (b'Date', b'Mon, 23 Feb 2026 12:08:03 GMT'), (b'Server', b'postgrest/14.5'), (b'Content-Range', b'*/*'), (b'Content-Location', b'/notification_history?identifier=eq.20260308_%C3%AD%C2%83%C2%9C%C3%AC%C2%95%C2%88%C3%AD%C2%95%C2%B4%C3%AC%C2%95%C2%88_%C3%AC%C2%B9%C2%B4%C3%AB%C2%9D%C2%BC%C3%AB%C2%B0%C2%98&select=id&sent_at=gt.2026-02-22T21%3A08%3A03.770250'), (b'Content-Profile', b'public'), (b'Access-Control-Allow-Origin', b'*'), (b'X-Kong-Upstream-Latency', b'1'), (b'X-Kong-Proxy-Latency', b'0'), (b'Via', b'kong/2.8.1')])
2026-02-23 21:08:03,776 - httpx - INFO - HTTP Request: GET http://127.0.0.1:54321/rest/v1/notification_history?select=id&identifier=eq.20260308_%ED%83%9C%EC%95%88%ED%95%B4%EC%95%88_%EC%B9%B4%EB%9D%BC%EB%B0%98&sent_at=gt.2026-02-22T21%3A08%3A03.770250 "HTTP/1.1 200 OK"
2026-02-23 21:08:03,776 - httpcore.http11 - DEBUG - receive_response_body.started request=<Request [b'GET']>
2026-02-23 21:08:03,776 - httpcore.http11 - DEBUG - receive_response_body.complete
2026-02-23 21:08:03,776 - httpcore.http11 - DEBUG - response_closed.started
2026-02-23 21:08:03,777 - httpcore.http11 - DEBUG - response_closed.complete
2026-02-23 21:08:03,777 - httpcore.http11 - DEBUG - send_request_headers.started request=<Request [b'GET']>
2026-02-23 21:08:03,777 - httpcore.http11 - DEBUG - send_request_headers.complete
2026-02-23 21:08:03,777 - httpcore.http11 - DEBUG - send_request_body.started request=<Request [b'GET']>
2026-02-23 21:08:03,777 - httpcore.http11 - DEBUG - send_request_body.complete
2026-02-23 21:08:03,777 - httpcore.http11 - DEBUG - receive_response_headers.started request=<Request [b'GET']>
2026-02-23 21:08:03,780 - httpcore.http11 - DEBUG - receive_response_headers.complete return_value=(b'HTTP/1.1', 200, b'OK', [(b'Content-Type', b'application/json; charset=utf-8'), (b'Content-Length', b'2'), (b'Connection', b'keep-alive'), (b'Date', b'Mon, 23 Feb 2026 12:08:03 GMT'), (b'Server', b'postgrest/14.5'), (b'Content-Range', b'*/*'), (b'Content-Location', b'/notification_history?identifier=eq.20260309_%C3%AA%C2%B0%C2%80%C3%AC%C2%95%C2%BC%C3%AC%C2%82%C2%B0_%C3%AC%C2%B9%C2%B4%C3%AB%C2%9D%C2%BC%C3%AB%C2%B0%C2%98&select=id&sent_at=gt.2026-02-22T21%3A08%3A03.777079'), (b'Content-Profile', b'public'), (b'Access-Control-Allow-Origin', b'*'), (b'X-Kong-Upstream-Latency', b'1'), (b'X-Kong-Proxy-Latency', b'0'), (b'Via', b'kong/2.8.1')])
2026-02-23 21:08:03,780 - httpx - INFO - HTTP Request: GET http://127.0.0.1:54321/rest/v1/notification_history?select=id&identifier=eq.20260309_%EA%B0%80%EC%95%BC%EC%82%B0_%EC%B9%B4%EB%9D%BC%EB%B0%98&sent_at=gt.2026-02-22T21%3A08%3A03.777079 "HTTP/1.1 200 OK"
2026-02-23 21:08:03,780 - httpcore.http11 - DEBUG - receive_response_body.started request=<Request [b'GET']>
2026-02-23 21:08:03,780 - httpcore.http11 - DEBUG - receive_response_body.complete
2026-02-23 21:08:03,780 - httpcore.http11 - DEBUG - response_closed.started
2026-02-23 21:08:03,780 - httpcore.http11 - DEBUG - response_closed.complete
2026-02-23 21:08:03,780 - httpcore.http11 - DEBUG - send_request_headers.started request=<Request [b'GET']>
2026-02-23 21:08:03,780 - httpcore.http11 - DEBUG - send_request_headers.complete
2026-02-23 21:08:03,780 - httpcore.http11 - DEBUG - send_request_body.started request=<Request [b'GET']>
2026-02-23 21:08:03,781 - httpcore.http11 - DEBUG - send_request_body.complete
2026-02-23 21:08:03,781 - httpcore.http11 - DEBUG - receive_response_headers.started request=<Request [b'GET']>
2026-02-23 21:08:03,783 - httpcore.http11 - DEBUG - receive_response_headers.complete return_value=(b'HTTP/1.1', 200, b'OK', [(b'Content-Type', b'application/json; charset=utf-8'), (b'Content-Length', b'2'), (b'Connection', b'keep-alive'), (b'Date', b'Mon, 23 Feb 2026 12:08:03 GMT'), (b'Server', b'postgrest/14.5'), (b'Content-Range', b'*/*'), (b'Content-Location', b'/notification_history?identifier=eq.20260309_%C3%AC%C2%9B%C2%94%C3%AC%C2%B6%C2%9C%C3%AC%C2%82%C2%B0_%C3%AC%C2%B9%C2%B4%C3%AB%C2%9D%C2%BC%C3%AB%C2%B0%C2%98&select=id&sent_at=gt.2026-02-22T21%3A08%3A03.780444'), (b'Content-Profile', b'public'), (b'Access-Control-Allow-Origin', b'*'), (b'X-Kong-Upstream-Latency', b'1'), (b'X-Kong-Proxy-Latency', b'0'), (b'Via', b'kong/2.8.1')])
2026-02-23 21:08:03,783 - httpx - INFO - HTTP Request: GET http://127.0.0.1:54321/rest/v1/notification_history?select=id&identifier=eq.20260309_%EC%9B%94%EC%B6%9C%EC%82%B0_%EC%B9%B4%EB%9D%BC%EB%B0%98&sent_at=gt.2026-02-22T21%3A08%3A03.780444 "HTTP/1.1 200 OK"
2026-02-23 21:08:03,783 - httpcore.http11 - DEBUG - receive_response_body.started request=<Request [b'GET']>
2026-02-23 21:08:03,784 - httpcore.http11 - DEBUG - receive_response_body.complete
2026-02-23 21:08:03,784 - httpcore.http11 - DEBUG - response_closed.started
2026-02-23 21:08:03,784 - httpcore.http11 - DEBUG - response_closed.complete
2026-02-23 21:08:03,784 - httpcore.http11 - DEBUG - send_request_headers.started request=<Request [b'GET']>
2026-02-23 21:08:03,785 - httpcore.http11 - DEBUG - send_request_headers.complete
2026-02-23 21:08:03,785 - httpcore.http11 - DEBUG - send_request_body.started request=<Request [b'GET']>
2026-02-23 21:08:03,785 - httpcore.http11 - DEBUG - send_request_body.complete
2026-02-23 21:08:03,785 - httpcore.http11 - DEBUG - receive_response_headers.started request=<Request [b'GET']>
2026-02-23 21:08:03,787 - httpcore.http11 - DEBUG - receive_response_headers.complete return_value=(b'HTTP/1.1', 200, b'OK', [(b'Content-Type', b'application/json; charset=utf-8'), (b'Content-Length', b'2'), (b'Connection', b'keep-alive'), (b'Date', b'Mon, 23 Feb 2026 12:08:03 GMT'), (b'Server', b'postgrest/14.5'), (b'Content-Range', b'*/*'), (b'Content-Location', b'/notification_history?identifier=eq.20260309_%C3%AC%C2%B9%C2%98%C3%AC%C2%95%C2%85%C3%AC%C2%82%C2%B0_%C3%AC%C2%B9%C2%B4%C3%AB%C2%9D%C2%BC%C3%AB%C2%B0%C2%98&select=id&sent_at=gt.2026-02-22T21%3A08%3A03.784627'), (b'Content-Profile', b'public'), (b'Access-Control-Allow-Origin', b'*'), (b'X-Kong-Upstream-Latency', b'1'), (b'X-Kong-Proxy-Latency', b'0'), (b'Via', b'kong/2.8.1')])
2026-02-23 21:08:03,788 - httpx - INFO - HTTP Request: GET http://127.0.0.1:54321/rest/v1/notification_history?select=id&identifier=eq.20260309_%EC%B9%98%EC%95%85%EC%82%B0_%EC%B9%B4%EB%9D%BC%EB%B0%98&sent_at=gt.2026-02-22T21%3A08%3A03.784627 "HTTP/1.1 200 OK"
2026-02-23 21:08:03,788 - httpcore.http11 - DEBUG - receive_response_body.started request=<Request [b'GET']>
2026-02-23 21:08:03,788 - httpcore.http11 - DEBUG - receive_response_body.complete
2026-02-23 21:08:03,788 - httpcore.http11 - DEBUG - response_closed.started
2026-02-23 21:08:03,788 - httpcore.http11 - DEBUG - response_closed.complete
2026-02-23 21:08:03,788 - httpcore.http11 - DEBUG - send_request_headers.started request=<Request [b'GET']>
2026-02-23 21:08:03,788 - httpcore.http11 - DEBUG - send_request_headers.complete
2026-02-23 21:08:03,788 - httpcore.http11 - DEBUG - send_request_body.started request=<Request [b'GET']>
2026-02-23 21:08:03,788 - httpcore.http11 - DEBUG - send_request_body.complete
2026-02-23 21:08:03,788 - httpcore.http11 - DEBUG - receive_response_headers.started request=<Request [b'GET']>
2026-02-23 21:08:03,790 - httpcore.http11 - DEBUG - receive_response_headers.complete return_value=(b'HTTP/1.1', 200, b'OK', [(b'Content-Type', b'application/json; charset=utf-8'), (b'Content-Length', b'2'), (b'Connection', b'keep-alive'), (b'Date', b'Mon, 23 Feb 2026 12:08:03 GMT'), (b'Server', b'postgrest/14.5'), (b'Content-Range', b'*/*'), (b'Content-Location', b'/notification_history?identifier=eq.20260309_%C3%AD%C2%83%C2%9C%C3%AC%C2%95%C2%88%C3%AD%C2%95%C2%B4%C3%AC%C2%95%C2%88_%C3%AC%C2%B9%C2%B4%C3%AB%C2%9D%C2%BC%C3%AB%C2%B0%C2%98&select=id&sent_at=gt.2026-02-22T21%3A08%3A03.788299'), (b'Content-Profile', b'public'), (b'Access-Control-Allow-Origin', b'*'), (b'X-Kong-Upstream-Latency', b'1'), (b'X-Kong-Proxy-Latency', b'1'), (b'Via', b'kong/2.8.1')])
2026-02-23 21:08:03,791 - httpx - INFO - HTTP Request: GET http://127.0.0.1:54321/rest/v1/notification_history?select=id&identifier=eq.20260309_%ED%83%9C%EC%95%88%ED%95%B4%EC%95%88_%EC%B9%B4%EB%9D%BC%EB%B0%98&sent_at=gt.2026-02-22T21%3A08%3A03.788299 "HTTP/1.1 200 OK"
2026-02-23 21:08:03,791 - httpcore.http11 - DEBUG - receive_response_body.started request=<Request [b'GET']>
2026-02-23 21:08:03,791 - httpcore.http11 - DEBUG - receive_response_body.complete
2026-02-23 21:08:03,791 - httpcore.http11 - DEBUG - response_closed.started
2026-02-23 21:08:03,791 - httpcore.http11 - DEBUG - response_closed.complete
2026-02-23 21:08:03,791 - httpcore.http11 - DEBUG - send_request_headers.started request=<Request [b'GET']>
2026-02-23 21:08:03,791 - httpcore.http11 - DEBUG - send_request_headers.complete
2026-02-23 21:08:03,791 - httpcore.http11 - DEBUG - send_request_body.started request=<Request [b'GET']>
2026-02-23 21:08:03,791 - httpcore.http11 - DEBUG - send_request_body.complete
2026-02-23 21:08:03,791 - httpcore.http11 - DEBUG - receive_response_headers.started request=<Request [b'GET']>
2026-02-23 21:08:03,793 - httpcore.http11 - DEBUG - receive_response_headers.complete return_value=(b'HTTP/1.1', 200, b'OK', [(b'Content-Type', b'application/json; charset=utf-8'), (b'Content-Length', b'2'), (b'Connection', b'keep-alive'), (b'Date', b'Mon, 23 Feb 2026 12:08:03 GMT'), (b'Server', b'postgrest/14.5'), (b'Content-Range', b'*/*'), (b'Content-Location', b'/notification_history?identifier=eq.20260310_%C3%AA%C2%B0%C2%80%C3%AC%C2%95%C2%BC%C3%AC%C2%82%C2%B0_%C3%AC%C2%B9%C2%B4%C3%AB%C2%9D%C2%BC%C3%AB%C2%B0%C2%98&select=id&sent_at=gt.2026-02-22T21%3A08%3A03.791333'), (b'Content-Profile', b'public'), (b'Access-Control-Allow-Origin', b'*'), (b'X-Kong-Upstream-Latency', b'1'), (b'X-Kong-Proxy-Latency', b'1'), (b'Via', b'kong/2.8.1')])
2026-02-23 21:08:03,793 - httpx - INFO - HTTP Request: GET http://127.0.0.1:54321/rest/v1/notification_history?select=id&identifier=eq.20260310_%EA%B0%80%EC%95%BC%EC%82%B0_%EC%B9%B4%EB%9D%BC%EB%B0%98&sent_at=gt.2026-02-22T21%3A08%3A03.791333 "HTTP/1.1 200 OK"
2026-02-23 21:08:03,793 - httpcore.http11 - DEBUG - receive_response_body.started request=<Request [b'GET']>
2026-02-23 21:08:03,793 - httpcore.http11 - DEBUG - receive_response_body.complete
2026-02-23 21:08:03,793 - httpcore.http11 - DEBUG - response_closed.started
2026-02-23 21:08:03,794 - httpcore.http11 - DEBUG - response_closed.complete
2026-02-23 21:08:03,794 - httpcore.http11 - DEBUG - send_request_headers.started request=<Request [b'GET']>
2026-02-23 21:08:03,794 - httpcore.http11 - DEBUG - send_request_headers.complete
2026-02-23 21:08:03,794 - httpcore.http11 - DEBUG - send_request_body.started request=<Request [b'GET']>
2026-02-23 21:08:03,794 - httpcore.http11 - DEBUG - send_request_body.complete
2026-02-23 21:08:03,794 - httpcore.http11 - DEBUG - receive_response_headers.started request=<Request [b'GET']>
2026-02-23 21:08:03,797 - httpcore.http11 - DEBUG - receive_response_headers.complete return_value=(b'HTTP/1.1', 200, b'OK', [(b'Content-Type', b'application/json; charset=utf-8'), (b'Content-Length', b'2'), (b'Connection', b'keep-alive'), (b'Date', b'Mon, 23 Feb 2026 12:08:03 GMT'), (b'Server', b'postgrest/14.5'), (b'Content-Range', b'*/*'), (b'Content-Location', b'/notification_history?identifier=eq.20260310_%C3%AC%C2%9B%C2%94%C3%AC%C2%B6%C2%9C%C3%AC%C2%82%C2%B0_%C3%AC%C2%B9%C2%B4%C3%AB%C2%9D%C2%BC%C3%AB%C2%B0%C2%98&select=id&sent_at=gt.2026-02-22T21%3A08%3A03.794107'), (b'Content-Profile', b'public'), (b'Access-Control-Allow-Origin', b'*'), (b'X-Kong-Upstream-Latency', b'1'), (b'X-Kong-Proxy-Latency', b'1'), (b'Via', b'kong/2.8.1')])
2026-02-23 21:08:03,797 - httpx - INFO - HTTP Request: GET http://127.0.0.1:54321/rest/v1/notification_history?select=id&identifier=eq.20260310_%EC%9B%94%EC%B6%9C%EC%82%B0_%EC%B9%B4%EB%9D%BC%EB%B0%98&sent_at=gt.2026-02-22T21%3A08%3A03.794107 "HTTP/1.1 200 OK"
2026-02-23 21:08:03,797 - httpcore.http11 - DEBUG - receive_response_body.started request=<Request [b'GET']>
2026-02-23 21:08:03,797 - httpcore.http11 - DEBUG - receive_response_body.complete
2026-02-23 21:08:03,797 - httpcore.http11 - DEBUG - response_closed.started
2026-02-23 21:08:03,797 - httpcore.http11 - DEBUG - response_closed.complete
2026-02-23 21:08:03,798 - httpcore.http11 - DEBUG - send_request_headers.started request=<Request [b'GET']>
2026-02-23 21:08:03,798 - httpcore.http11 - DEBUG - send_request_headers.complete
2026-02-23 21:08:03,798 - httpcore.http11 - DEBUG - send_request_body.started request=<Request [b'GET']>
2026-02-23 21:08:03,798 - httpcore.http11 - DEBUG - send_request_body.complete
2026-02-23 21:08:03,798 - httpcore.http11 - DEBUG - receive_response_headers.started request=<Request [b'GET']>
2026-02-23 21:08:03,802 - httpcore.http11 - DEBUG - receive_response_headers.complete return_value=(b'HTTP/1.1', 200, b'OK', [(b'Content-Type', b'application/json; charset=utf-8'), (b'Content-Length', b'2'), (b'Connection', b'keep-alive'), (b'Date', b'Mon, 23 Feb 2026 12:08:03 GMT'), (b'Server', b'postgrest/14.5'), (b'Content-Range', b'*/*'), (b'Content-Location', b'/notification_history?identifier=eq.20260310_%C3%AC%C2%B9%C2%98%C3%AC%C2%95%C2%85%C3%AC%C2%82%C2%B0_%C3%AC%C2%B9%C2%B4%C3%AB%C2%9D%C2%BC%C3%AB%C2%B0%C2%98&select=id&sent_at=gt.2026-02-22T21%3A08%3A03.797755'), (b'Content-Profile', b'public'), (b'Access-Control-Allow-Origin', b'*'), (b'X-Kong-Upstream-Latency', b'1'), (b'X-Kong-Proxy-Latency', b'0'), (b'Via', b'kong/2.8.1')])
2026-02-23 21:08:03,802 - httpx - INFO - HTTP Request: GET http://127.0.0.1:54321/rest/v1/notification_history?select=id&identifier=eq.20260310_%EC%B9%98%EC%95%85%EC%82%B0_%EC%B9%B4%EB%9D%BC%EB%B0%98&sent_at=gt.2026-02-22T21%3A08%3A03.797755 "HTTP/1.1 200 OK"
2026-02-23 21:08:03,802 - httpcore.http11 - DEBUG - receive_response_body.started request=<Request [b'GET']>
2026-02-23 21:08:03,802 - httpcore.http11 - DEBUG - receive_response_body.complete
2026-02-23 21:08:03,802 - httpcore.http11 - DEBUG - response_closed.started
2026-02-23 21:08:03,802 - httpcore.http11 - DEBUG - response_closed.complete
2026-02-23 21:08:03,803 - httpcore.http11 - DEBUG - send_request_headers.started request=<Request [b'GET']>
2026-02-23 21:08:03,807 - httpcore.http11 - DEBUG - send_request_headers.complete
2026-02-23 21:08:03,807 - httpcore.http11 - DEBUG - send_request_body.started request=<Request [b'GET']>
2026-02-23 21:08:03,807 - httpcore.http11 - DEBUG - send_request_body.complete
2026-02-23 21:08:03,807 - httpcore.http11 - DEBUG - receive_response_headers.started request=<Request [b'GET']>
2026-02-23 21:08:03,809 - httpcore.http11 - DEBUG - receive_response_headers.complete return_value=(b'HTTP/1.1', 200, b'OK', [(b'Content-Type', b'application/json; charset=utf-8'), (b'Content-Length', b'2'), (b'Connection', b'keep-alive'), (b'Date', b'Mon, 23 Feb 2026 12:08:03 GMT'), (b'Server', b'postgrest/14.5'), (b'Content-Range', b'*/*'), (b'Content-Location', b'/notification_history?identifier=eq.20260310_%C3%AD%C2%83%C2%9C%C3%AC%C2%95%C2%88%C3%AD%C2%95%C2%B4%C3%AC%C2%95%C2%88_%C3%AC%C2%B9%C2%B4%C3%AB%C2%9D%C2%BC%C3%AB%C2%B0%C2%98&select=id&sent_at=gt.2026-02-22T21%3A08%3A03.802703'), (b'Content-Profile', b'public'), (b'Access-Control-Allow-Origin', b'*'), (b'X-Kong-Upstream-Latency', b'1'), (b'X-Kong-Proxy-Latency', b'0'), (b'Via', b'kong/2.8.1')])
2026-02-23 21:08:03,809 - httpx - INFO - HTTP Request: GET http://127.0.0.1:54321/rest/v1/notification_history?select=id&identifier=eq.20260310_%ED%83%9C%EC%95%88%ED%95%B4%EC%95%88_%EC%B9%B4%EB%9D%BC%EB%B0%98&sent_at=gt.2026-02-22T21%3A08%3A03.802703 "HTTP/1.1 200 OK"
2026-02-23 21:08:03,810 - httpcore.http11 - DEBUG - receive_response_body.started request=<Request [b'GET']>
2026-02-23 21:08:03,810 - httpcore.http11 - DEBUG - receive_response_body.complete
2026-02-23 21:08:03,810 - httpcore.http11 - DEBUG - response_closed.started
2026-02-23 21:08:03,810 - httpcore.http11 - DEBUG - response_closed.complete
2026-02-23 21:08:03,810 - httpcore.http11 - DEBUG - send_request_headers.started request=<Request [b'GET']>
2026-02-23 21:08:03,810 - httpcore.http11 - DEBUG - send_request_headers.complete
2026-02-23 21:08:03,810 - httpcore.http11 - DEBUG - send_request_body.started request=<Request [b'GET']>
2026-02-23 21:08:03,810 - httpcore.http11 - DEBUG - send_request_body.complete
2026-02-23 21:08:03,811 - httpcore.http11 - DEBUG - receive_response_headers.started request=<Request [b'GET']>
2026-02-23 21:08:03,813 - httpcore.http11 - DEBUG - receive_response_headers.complete return_value=(b'HTTP/1.1', 200, b'OK', [(b'Content-Type', b'application/json; charset=utf-8'), (b'Content-Length', b'2'), (b'Connection', b'keep-alive'), (b'Date', b'Mon, 23 Feb 2026 12:08:03 GMT'), (b'Server', b'postgrest/14.5'), (b'Content-Range', b'*/*'), (b'Content-Location', b'/notification_history?identifier=eq.20260312_%C3%AA%C2%B0%C2%80%C3%AC%C2%95%C2%BC%C3%AC%C2%82%C2%B0_%C3%AC%C2%B9%C2%B4%C3%AB%C2%9D%C2%BC%C3%AB%C2%B0%C2%98&select=id&sent_at=gt.2026-02-22T21%3A08%3A03.810293'), (b'Content-Profile', b'public'), (b'Access-Control-Allow-Origin', b'*'), (b'X-Kong-Upstream-Latency', b'1'), (b'X-Kong-Proxy-Latency', b'0'), (b'Via', b'kong/2.8.1')])
2026-02-23 21:08:03,813 - httpx - INFO - HTTP Request: GET http://127.0.0.1:54321/rest/v1/notification_history?select=id&identifier=eq.20260312_%EA%B0%80%EC%95%BC%EC%82%B0_%EC%B9%B4%EB%9D%BC%EB%B0%98&sent_at=gt.2026-02-22T21%3A08%3A03.810293 "HTTP/1.1 200 OK"
2026-02-23 21:08:03,814 - httpcore.http11 - DEBUG - receive_response_body.started request=<Request [b'GET']>
2026-02-23 21:08:03,814 - httpcore.http11 - DEBUG - receive_response_body.complete
2026-02-23 21:08:03,814 - httpcore.http11 - DEBUG - response_closed.started
2026-02-23 21:08:03,814 - httpcore.http11 - DEBUG - response_closed.complete
2026-02-23 21:08:03,814 - httpcore.http11 - DEBUG - send_request_headers.started request=<Request [b'GET']>
2026-02-23 21:08:03,815 - httpcore.http11 - DEBUG - send_request_headers.complete
2026-02-23 21:08:03,815 - httpcore.http11 - DEBUG - send_request_body.started request=<Request [b'GET']>
2026-02-23 21:08:03,815 - httpcore.http11 - DEBUG - send_request_body.complete
2026-02-23 21:08:03,815 - httpcore.http11 - DEBUG - receive_response_headers.started request=<Request [b'GET']>
2026-02-23 21:08:03,818 - httpcore.http11 - DEBUG - receive_response_headers.complete return_value=(b'HTTP/1.1', 200, b'OK', [(b'Content-Type', b'application/json; charset=utf-8'), (b'Content-Length', b'2'), (b'Connection', b'keep-alive'), (b'Date', b'Mon, 23 Feb 2026 12:08:03 GMT'), (b'Server', b'postgrest/14.5'), (b'Content-Range', b'*/*'), (b'Content-Location', b'/notification_history?identifier=eq.20260312_%C3%AC%C2%9B%C2%94%C3%AC%C2%B6%C2%9C%C3%AC%C2%82%C2%B0_%C3%AC%C2%B9%C2%B4%C3%AB%C2%9D%C2%BC%C3%AB%C2%B0%C2%98&select=id&sent_at=gt.2026-02-22T21%3A08%3A03.814627'), (b'Content-Profile', b'public'), (b'Access-Control-Allow-Origin', b'*'), (b'X-Kong-Upstream-Latency', b'2'), (b'X-Kong-Proxy-Latency', b'0'), (b'Via', b'kong/2.8.1')])
2026-02-23 21:08:03,818 - httpx - INFO - HTTP Request: GET http://127.0.0.1:54321/rest/v1/notification_history?select=id&identifier=eq.20260312_%EC%9B%94%EC%B6%9C%EC%82%B0_%EC%B9%B4%EB%9D%BC%EB%B0%98&sent_at=gt.2026-02-22T21%3A08%3A03.814627 "HTTP/1.1 200 OK"
2026-02-23 21:08:03,818 - httpcore.http11 - DEBUG - receive_response_body.started request=<Request [b'GET']>
2026-02-23 21:08:03,818 - httpcore.http11 - DEBUG - receive_response_body.complete
2026-02-23 21:08:03,818 - httpcore.http11 - DEBUG - response_closed.started
2026-02-23 21:08:03,818 - httpcore.http11 - DEBUG - response_closed.complete
2026-02-23 21:08:03,819 - httpcore.http11 - DEBUG - send_request_headers.started request=<Request [b'GET']>
2026-02-23 21:08:03,819 - httpcore.http11 - DEBUG - send_request_headers.complete
2026-02-23 21:08:03,819 - httpcore.http11 - DEBUG - send_request_body.started request=<Request [b'GET']>
2026-02-23 21:08:03,819 - httpcore.http11 - DEBUG - send_request_body.complete
2026-02-23 21:08:03,819 - httpcore.http11 - DEBUG - receive_response_headers.started request=<Request [b'GET']>
2026-02-23 21:08:03,823 - httpcore.http11 - DEBUG - receive_response_headers.complete return_value=(b'HTTP/1.1', 200, b'OK', [(b'Content-Type', b'application/json; charset=utf-8'), (b'Content-Length', b'2'), (b'Connection', b'keep-alive'), (b'Date', b'Mon, 23 Feb 2026 12:08:03 GMT'), (b'Server', b'postgrest/14.5'), (b'Content-Range', b'*/*'), (b'Content-Location', b'/notification_history?identifier=eq.20260312_%C3%AC%C2%B9%C2%98%C3%AC%C2%95%C2%85%C3%AC%C2%82%C2%B0_%C3%AC%C2%B9%C2%B4%C3%AB%C2%9D%C2%BC%C3%AB%C2%B0%C2%98&select=id&sent_at=gt.2026-02-22T21%3A08%3A03.819001'), (b'Content-Profile', b'public'), (b'Access-Control-Allow-Origin', b'*'), (b'X-Kong-Upstream-Latency', b'2'), (b'X-Kong-Proxy-Latency', b'0'), (b'Via', b'kong/2.8.1')])
2026-02-23 21:08:03,823 - httpx - INFO - HTTP Request: GET http://127.0.0.1:54321/rest/v1/notification_history?select=id&identifier=eq.20260312_%EC%B9%98%EC%95%85%EC%82%B0_%EC%B9%B4%EB%9D%BC%EB%B0%98&sent_at=gt.2026-02-22T21%3A08%3A03.819001 "HTTP/1.1 200 OK"
2026-02-23 21:08:03,823 - httpcore.http11 - DEBUG - receive_response_body.started request=<Request [b'GET']>
2026-02-23 21:08:03,823 - httpcore.http11 - DEBUG - receive_response_body.complete
2026-02-23 21:08:03,823 - httpcore.http11 - DEBUG - response_closed.started
2026-02-23 21:08:03,823 - httpcore.http11 - DEBUG - response_closed.complete
2026-02-23 21:08:03,824 - httpcore.http11 - DEBUG - send_request_headers.started request=<Request [b'GET']>
2026-02-23 21:08:03,824 - httpcore.http11 - DEBUG - send_request_headers.complete
2026-02-23 21:08:03,824 - httpcore.http11 - DEBUG - send_request_body.started request=<Request [b'GET']>
2026-02-23 21:08:03,824 - httpcore.http11 - DEBUG - send_request_body.complete
2026-02-23 21:08:03,824 - httpcore.http11 - DEBUG - receive_response_headers.started request=<Request [b'GET']>
2026-02-23 21:08:03,828 - httpcore.http11 - DEBUG - receive_response_headers.complete return_value=(b'HTTP/1.1', 200, b'OK', [(b'Content-Type', b'application/json; charset=utf-8'), (b'Content-Length', b'2'), (b'Connection', b'keep-alive'), (b'Date', b'Mon, 23 Feb 2026 12:08:03 GMT'), (b'Server', b'postgrest/14.5'), (b'Content-Range', b'*/*'), (b'Content-Location', b'/notification_history?identifier=eq.20260312_%C3%AD%C2%83%C2%9C%C3%AC%C2%95%C2%88%C3%AD%C2%95%C2%B4%C3%AC%C2%95%C2%88_%C3%AC%C2%B9%C2%B4%C3%AB%C2%9D%C2%BC%C3%AB%C2%B0%C2%98&select=id&sent_at=gt.2026-02-22T21%3A08%3A03.823842'), (b'Content-Profile', b'public'), (b'Access-Control-Allow-Origin', b'*'), (b'X-Kong-Upstream-Latency', b'1'), (b'X-Kong-Proxy-Latency', b'2'), (b'Via', b'kong/2.8.1')])
2026-02-23 21:08:03,829 - httpx - INFO - HTTP Request: GET http://127.0.0.1:54321/rest/v1/notification_history?select=id&identifier=eq.20260312_%ED%83%9C%EC%95%88%ED%95%B4%EC%95%88_%EC%B9%B4%EB%9D%BC%EB%B0%98&sent_at=gt.2026-02-22T21%3A08%3A03.823842 "HTTP/1.1 200 OK"
2026-02-23 21:08:03,829 - httpcore.http11 - DEBUG - receive_response_body.started request=<Request [b'GET']>
2026-02-23 21:08:03,829 - httpcore.http11 - DEBUG - receive_response_body.complete
2026-02-23 21:08:03,829 - httpcore.http11 - DEBUG - response_closed.started
2026-02-23 21:08:03,829 - httpcore.http11 - DEBUG - response_closed.complete
2026-02-23 21:08:03,829 - httpcore.http11 - DEBUG - send_request_headers.started request=<Request [b'GET']>
2026-02-23 21:08:03,829 - httpcore.http11 - DEBUG - send_request_headers.complete
2026-02-23 21:08:03,829 - httpcore.http11 - DEBUG - send_request_body.started request=<Request [b'GET']>
2026-02-23 21:08:03,829 - httpcore.http11 - DEBUG - send_request_body.complete
2026-02-23 21:08:03,829 - httpcore.http11 - DEBUG - receive_response_headers.started request=<Request [b'GET']>
2026-02-23 21:08:03,833 - httpcore.http11 - DEBUG - receive_response_headers.complete return_value=(b'HTTP/1.1', 200, b'OK', [(b'Content-Type', b'application/json; charset=utf-8'), (b'Content-Length', b'2'), (b'Connection', b'keep-alive'), (b'Date', b'Mon, 23 Feb 2026 12:08:03 GMT'), (b'Server', b'postgrest/14.5'), (b'Content-Range', b'*/*'), (b'Content-Location', b'/notification_history?identifier=eq.20260313_%C3%AA%C2%B0%C2%80%C3%AC%C2%95%C2%BC%C3%AC%C2%82%C2%B0_%C3%AC%C2%B9%C2%B4%C3%AB%C2%9D%C2%BC%C3%AB%C2%B0%C2%98&select=id&sent_at=gt.2026-02-22T21%3A08%3A03.829376'), (b'Content-Profile', b'public'), (b'Access-Control-Allow-Origin', b'*'), (b'X-Kong-Upstream-Latency', b'2'), (b'X-Kong-Proxy-Latency', b'0'), (b'Via', b'kong/2.8.1')])
2026-02-23 21:08:03,833 - httpx - INFO - HTTP Request: GET http://127.0.0.1:54321/rest/v1/notification_history?select=id&identifier=eq.20260313_%EA%B0%80%EC%95%BC%EC%82%B0_%EC%B9%B4%EB%9D%BC%EB%B0%98&sent_at=gt.2026-02-22T21%3A08%3A03.829376 "HTTP/1.1 200 OK"
2026-02-23 21:08:03,833 - httpcore.http11 - DEBUG - receive_response_body.started request=<Request [b'GET']>
2026-02-23 21:08:03,833 - httpcore.http11 - DEBUG - receive_response_body.complete
2026-02-23 21:08:03,833 - httpcore.http11 - DEBUG - response_closed.started
2026-02-23 21:08:03,833 - httpcore.http11 - DEBUG - response_closed.complete
2026-02-23 21:08:03,834 - httpcore.http11 - DEBUG - send_request_headers.started request=<Request [b'GET']>
2026-02-23 21:08:03,834 - httpcore.http11 - DEBUG - send_request_headers.complete
2026-02-23 21:08:03,834 - httpcore.http11 - DEBUG - send_request_body.started request=<Request [b'GET']>
2026-02-23 21:08:03,834 - httpcore.http11 - DEBUG - send_request_body.complete
2026-02-23 21:08:03,834 - httpcore.http11 - DEBUG - receive_response_headers.started request=<Request [b'GET']>
2026-02-23 21:08:03,837 - httpcore.http11 - DEBUG - receive_response_headers.complete return_value=(b'HTTP/1.1', 200, b'OK', [(b'Content-Type', b'application/json; charset=utf-8'), (b'Content-Length', b'2'), (b'Connection', b'keep-alive'), (b'Date', b'Mon, 23 Feb 2026 12:08:03 GMT'), (b'Server', b'postgrest/14.5'), (b'Content-Range', b'*/*'), (b'Content-Location', b'/notification_history?identifier=eq.20260313_%C3%AB%C2%8D%C2%95%C3%AC%C2%9C%C2%A0%C3%AC%C2%82%C2%B0_%C3%AC%C2%B9%C2%B4%C3%AB%C2%9D%C2%BC%C3%AB%C2%B0%C2%98&select=id&sent_at=gt.2026-02-22T21%3A08%3A03.833892'), (b'Content-Profile', b'public'), (b'Access-Control-Allow-Origin', b'*'), (b'X-Kong-Upstream-Latency', b'2'), (b'X-Kong-Proxy-Latency', b'0'), (b'Via', b'kong/2.8.1')])
2026-02-23 21:08:03,837 - httpx - INFO - HTTP Request: GET http://127.0.0.1:54321/rest/v1/notification_history?select=id&identifier=eq.20260313_%EB%8D%95%EC%9C%A0%EC%82%B0_%EC%B9%B4%EB%9D%BC%EB%B0%98&sent_at=gt.2026-02-22T21%3A08%3A03.833892 "HTTP/1.1 200 OK"
2026-02-23 21:08:03,837 - httpcore.http11 - DEBUG - receive_response_body.started request=<Request [b'GET']>
2026-02-23 21:08:03,837 - httpcore.http11 - DEBUG - receive_response_body.complete
2026-02-23 21:08:03,837 - httpcore.http11 - DEBUG - response_closed.started
2026-02-23 21:08:03,837 - httpcore.http11 - DEBUG - response_closed.complete
2026-02-23 21:08:03,838 - httpcore.http11 - DEBUG - send_request_headers.started request=<Request [b'GET']>
2026-02-23 21:08:03,838 - httpcore.http11 - DEBUG - send_request_headers.complete
2026-02-23 21:08:03,838 - httpcore.http11 - DEBUG - send_request_body.started request=<Request [b'GET']>
2026-02-23 21:08:03,838 - httpcore.http11 - DEBUG - send_request_body.complete
2026-02-23 21:08:03,838 - httpcore.http11 - DEBUG - receive_response_headers.started request=<Request [b'GET']>
2026-02-23 21:08:03,840 - httpcore.http11 - DEBUG - receive_response_headers.complete return_value=(b'HTTP/1.1', 200, b'OK', [(b'Content-Type', b'application/json; charset=utf-8'), (b'Content-Length', b'2'), (b'Connection', b'keep-alive'), (b'Date', b'Mon, 23 Feb 2026 12:08:03 GMT'), (b'Server', b'postgrest/14.5'), (b'Content-Range', b'*/*'), (b'Content-Location', b'/notification_history?identifier=eq.20260313_%C3%AC%C2%B9%C2%98%C3%AC%C2%95%C2%85%C3%AC%C2%82%C2%B0_%C3%AC%C2%B9%C2%B4%C3%AB%C2%9D%C2%BC%C3%AB%C2%B0%C2%98&select=id&sent_at=gt.2026-02-22T21%3A08%3A03.837882'), (b'Content-Profile', b'public'), (b'Access-Control-Allow-Origin', b'*'), (b'X-Kong-Upstream-Latency', b'1'), (b'X-Kong-Proxy-Latency', b'0'), (b'Via', b'kong/2.8.1')])
2026-02-23 21:08:03,840 - httpx - INFO - HTTP Request: GET http://127.0.0.1:54321/rest/v1/notification_history?select=id&identifier=eq.20260313_%EC%B9%98%EC%95%85%EC%82%B0_%EC%B9%B4%EB%9D%BC%EB%B0%98&sent_at=gt.2026-02-22T21%3A08%3A03.837882 "HTTP/1.1 200 OK"
2026-02-23 21:08:03,841 - httpcore.http11 - DEBUG - receive_response_body.started request=<Request [b'GET']>
2026-02-23 21:08:03,841 - httpcore.http11 - DEBUG - receive_response_body.complete
2026-02-23 21:08:03,841 - httpcore.http11 - DEBUG - response_closed.started
2026-02-23 21:08:03,841 - httpcore.http11 - DEBUG - response_closed.complete
2026-02-23 21:08:03,841 - httpcore.http11 - DEBUG - send_request_headers.started request=<Request [b'GET']>
2026-02-23 21:08:03,841 - httpcore.http11 - DEBUG - send_request_headers.complete
2026-02-23 21:08:03,841 - httpcore.http11 - DEBUG - send_request_body.started request=<Request [b'GET']>
2026-02-23 21:08:03,842 - httpcore.http11 - DEBUG - send_request_body.complete
2026-02-23 21:08:03,842 - httpcore.http11 - DEBUG - receive_response_headers.started request=<Request [b'GET']>
2026-02-23 21:08:03,844 - httpcore.http11 - DEBUG - receive_response_headers.complete return_value=(b'HTTP/1.1', 200, b'OK', [(b'Content-Type', b'application/json; charset=utf-8'), (b'Content-Length', b'2'), (b'Connection', b'keep-alive'), (b'Date', b'Mon, 23 Feb 2026 12:08:03 GMT'), (b'Server', b'postgrest/14.5'), (b'Content-Range', b'*/*'), (b'Content-Location', b'/notification_history?identifier=eq.20260313_%C3%AD%C2%83%C2%9C%C3%AC%C2%95%C2%88%C3%AD%C2%95%C2%B4%C3%AC%C2%95%C2%88_%C3%AC%C2%B9%C2%B4%C3%AB%C2%9D%C2%BC%C3%AB%C2%B0%C2%98&select=id&sent_at=gt.2026-02-22T21%3A08%3A03.841320'), (b'Content-Profile', b'public'), (b'Access-Control-Allow-Origin', b'*'), (b'X-Kong-Upstream-Latency', b'1'), (b'X-Kong-Proxy-Latency', b'0'), (b'Via', b'kong/2.8.1')])
2026-02-23 21:08:03,844 - httpx - INFO - HTTP Request: GET http://127.0.0.1:54321/rest/v1/notification_history?select=id&identifier=eq.20260313_%ED%83%9C%EC%95%88%ED%95%B4%EC%95%88_%EC%B9%B4%EB%9D%BC%EB%B0%98&sent_at=gt.2026-02-22T21%3A08%3A03.841320 "HTTP/1.1 200 OK"
2026-02-23 21:08:03,844 - httpcore.http11 - DEBUG - receive_response_body.started request=<Request [b'GET']>
2026-02-23 21:08:03,845 - httpcore.http11 - DEBUG - receive_response_body.complete
2026-02-23 21:08:03,845 - httpcore.http11 - DEBUG - response_closed.started
2026-02-23 21:08:03,845 - httpcore.http11 - DEBUG - response_closed.complete
2026-02-23 21:08:03,845 - httpcore.http11 - DEBUG - send_request_headers.started request=<Request [b'GET']>
2026-02-23 21:08:03,845 - httpcore.http11 - DEBUG - send_request_headers.complete
2026-02-23 21:08:03,845 - httpcore.http11 - DEBUG - send_request_body.started request=<Request [b'GET']>
2026-02-23 21:08:03,846 - httpcore.http11 - DEBUG - send_request_body.complete
2026-02-23 21:08:03,846 - httpcore.http11 - DEBUG - receive_response_headers.started request=<Request [b'GET']>
2026-02-23 21:08:03,848 - httpcore.http11 - DEBUG - receive_response_headers.complete return_value=(b'HTTP/1.1', 200, b'OK', [(b'Content-Type', b'application/json; charset=utf-8'), (b'Content-Length', b'2'), (b'Connection', b'keep-alive'), (b'Date', b'Mon, 23 Feb 2026 12:08:03 GMT'), (b'Server', b'postgrest/14.5'), (b'Content-Range', b'*/*'), (b'Content-Location', b'/notification_history?identifier=eq.20260315_%C3%AA%C2%B0%C2%80%C3%AC%C2%95%C2%BC%C3%AC%C2%82%C2%B0_%C3%AC%C2%B9%C2%B4%C3%AB%C2%9D%C2%BC%C3%AB%C2%B0%C2%98&select=id&sent_at=gt.2026-02-22T21%3A08%3A03.845328'), (b'Content-Profile', b'public'), (b'Access-Control-Allow-Origin', b'*'), (b'X-Kong-Upstream-Latency', b'1'), (b'X-Kong-Proxy-Latency', b'0'), (b'Via', b'kong/2.8.1')])
2026-02-23 21:08:03,848 - httpx - INFO - HTTP Request: GET http://127.0.0.1:54321/rest/v1/notification_history?select=id&identifier=eq.20260315_%EA%B0%80%EC%95%BC%EC%82%B0_%EC%B9%B4%EB%9D%BC%EB%B0%98&sent_at=gt.2026-02-22T21%3A08%3A03.845328 "HTTP/1.1 200 OK"
2026-02-23 21:08:03,848 - httpcore.http11 - DEBUG - receive_response_body.started request=<Request [b'GET']>
2026-02-23 21:08:03,848 - httpcore.http11 - DEBUG - receive_response_body.complete
2026-02-23 21:08:03,848 - httpcore.http11 - DEBUG - response_closed.started
2026-02-23 21:08:03,849 - httpcore.http11 - DEBUG - response_closed.complete
2026-02-23 21:08:03,849 - httpcore.http11 - DEBUG - send_request_headers.started request=<Request [b'GET']>
2026-02-23 21:08:03,849 - httpcore.http11 - DEBUG - send_request_headers.complete
2026-02-23 21:08:03,849 - httpcore.http11 - DEBUG - send_request_body.started request=<Request [b'GET']>
2026-02-23 21:08:03,849 - httpcore.http11 - DEBUG - send_request_body.complete
2026-02-23 21:08:03,849 - httpcore.http11 - DEBUG - receive_response_headers.started request=<Request [b'GET']>
2026-02-23 21:08:03,852 - httpcore.http11 - DEBUG - receive_response_headers.complete return_value=(b'HTTP/1.1', 200, b'OK', [(b'Content-Type', b'application/json; charset=utf-8'), (b'Content-Length', b'2'), (b'Connection', b'keep-alive'), (b'Date', b'Mon, 23 Feb 2026 12:08:03 GMT'), (b'Server', b'postgrest/14.5'), (b'Content-Range', b'*/*'), (b'Content-Location', b'/notification_history?identifier=eq.20260315_%C3%AB%C2%8D%C2%95%C3%AC%C2%9C%C2%A0%C3%AC%C2%82%C2%B0_%C3%AC%C2%B9%C2%B4%C3%AB%C2%9D%C2%BC%C3%AB%C2%B0%C2%98&select=id&sent_at=gt.2026-02-22T21%3A08%3A03.849097'), (b'Content-Profile', b'public'), (b'Access-Control-Allow-Origin', b'*'), (b'X-Kong-Upstream-Latency', b'2'), (b'X-Kong-Proxy-Latency', b'1'), (b'Via', b'kong/2.8.1')])
2026-02-23 21:08:03,852 - httpx - INFO - HTTP Request: GET http://127.0.0.1:54321/rest/v1/notification_history?select=id&identifier=eq.20260315_%EB%8D%95%EC%9C%A0%EC%82%B0_%EC%B9%B4%EB%9D%BC%EB%B0%98&sent_at=gt.2026-02-22T21%3A08%3A03.849097 "HTTP/1.1 200 OK"
2026-02-23 21:08:03,853 - httpcore.http11 - DEBUG - receive_response_body.started request=<Request [b'GET']>
2026-02-23 21:08:03,853 - httpcore.http11 - DEBUG - receive_response_body.complete
2026-02-23 21:08:03,853 - httpcore.http11 - DEBUG - response_closed.started
2026-02-23 21:08:03,853 - httpcore.http11 - DEBUG - response_closed.complete
2026-02-23 21:08:03,853 - httpcore.http11 - DEBUG - send_request_headers.started request=<Request [b'GET']>
2026-02-23 21:08:03,853 - httpcore.http11 - DEBUG - send_request_headers.complete
2026-02-23 21:08:03,853 - httpcore.http11 - DEBUG - send_request_body.started request=<Request [b'GET']>
2026-02-23 21:08:03,854 - httpcore.http11 - DEBUG - send_request_body.complete
2026-02-23 21:08:03,854 - httpcore.http11 - DEBUG - receive_response_headers.started request=<Request [b'GET']>
2026-02-23 21:08:03,856 - httpcore.http11 - DEBUG - receive_response_headers.complete return_value=(b'HTTP/1.1', 200, b'OK', [(b'Content-Type', b'application/json; charset=utf-8'), (b'Content-Length', b'2'), (b'Connection', b'keep-alive'), (b'Date', b'Mon, 23 Feb 2026 12:08:03 GMT'), (b'Server', b'postgrest/14.5'), (b'Content-Range', b'*/*'), (b'Content-Location', b'/notification_history?identifier=eq.20260315_%C3%AC%C2%9B%C2%94%C3%AC%C2%B6%C2%9C%C3%AC%C2%82%C2%B0_%C3%AC%C2%B9%C2%B4%C3%AB%C2%9D%C2%BC%C3%AB%C2%B0%C2%98&select=id&sent_at=gt.2026-02-22T21%3A08%3A03.853445'), (b'Content-Profile', b'public'), (b'Access-Control-Allow-Origin', b'*'), (b'X-Kong-Upstream-Latency', b'1'), (b'X-Kong-Proxy-Latency', b'0'), (b'Via', b'kong/2.8.1')])
2026-02-23 21:08:03,856 - httpx - INFO - HTTP Request: GET http://127.0.0.1:54321/rest/v1/notification_history?select=id&identifier=eq.20260315_%EC%9B%94%EC%B6%9C%EC%82%B0_%EC%B9%B4%EB%9D%BC%EB%B0%98&sent_at=gt.2026-02-22T21%3A08%3A03.853445 "HTTP/1.1 200 OK"
2026-02-23 21:08:03,856 - httpcore.http11 - DEBUG - receive_response_body.started request=<Request [b'GET']>
2026-02-23 21:08:03,856 - httpcore.http11 - DEBUG - receive_response_body.complete
2026-02-23 21:08:03,856 - httpcore.http11 - DEBUG - response_closed.started
2026-02-23 21:08:03,856 - httpcore.http11 - DEBUG - response_closed.complete
2026-02-23 21:08:03,856 - httpcore.http11 - DEBUG - send_request_headers.started request=<Request [b'GET']>
2026-02-23 21:08:03,857 - httpcore.http11 - DEBUG - send_request_headers.complete
2026-02-23 21:08:03,857 - httpcore.http11 - DEBUG - send_request_body.started request=<Request [b'GET']>
2026-02-23 21:08:03,857 - httpcore.http11 - DEBUG - send_request_body.complete
2026-02-23 21:08:03,857 - httpcore.http11 - DEBUG - receive_response_headers.started request=<Request [b'GET']>
2026-02-23 21:08:03,861 - httpcore.http11 - DEBUG - receive_response_headers.complete return_value=(b'HTTP/1.1', 200, b'OK', [(b'Content-Type', b'application/json; charset=utf-8'), (b'Content-Length', b'2'), (b'Connection', b'keep-alive'), (b'Date', b'Mon, 23 Feb 2026 12:08:03 GMT'), (b'Server', b'postgrest/14.5'), (b'Content-Range', b'*/*'), (b'Content-Location', b'/notification_history?identifier=eq.20260315_%C3%AC%C2%B9%C2%98%C3%AC%C2%95%C2%85%C3%AC%C2%82%C2%B0_%C3%AC%C2%B9%C2%B4%C3%AB%C2%9D%C2%BC%C3%AB%C2%B0%C2%98&select=id&sent_at=gt.2026-02-22T21%3A08%3A03.856615'), (b'Content-Profile', b'public'), (b'Access-Control-Allow-Origin', b'*'), (b'X-Kong-Upstream-Latency', b'1'), (b'X-Kong-Proxy-Latency', b'0'), (b'Via', b'kong/2.8.1')])
2026-02-23 21:08:03,861 - httpx - INFO - HTTP Request: GET http://127.0.0.1:54321/rest/v1/notification_history?select=id&identifier=eq.20260315_%EC%B9%98%EC%95%85%EC%82%B0_%EC%B9%B4%EB%9D%BC%EB%B0%98&sent_at=gt.2026-02-22T21%3A08%3A03.856615 "HTTP/1.1 200 OK"
2026-02-23 21:08:03,861 - httpcore.http11 - DEBUG - receive_response_body.started request=<Request [b'GET']>
2026-02-23 21:08:03,861 - httpcore.http11 - DEBUG - receive_response_body.complete
2026-02-23 21:08:03,861 - httpcore.http11 - DEBUG - response_closed.started
2026-02-23 21:08:03,861 - httpcore.http11 - DEBUG - response_closed.complete
2026-02-23 21:08:03,861 - httpcore.http11 - DEBUG - send_request_headers.started request=<Request [b'GET']>
2026-02-23 21:08:03,862 - httpcore.http11 - DEBUG - send_request_headers.complete
2026-02-23 21:08:03,862 - httpcore.http11 - DEBUG - send_request_body.started request=<Request [b'GET']>
2026-02-23 21:08:03,862 - httpcore.http11 - DEBUG - send_request_body.complete
2026-02-23 21:08:03,862 - httpcore.http11 - DEBUG - receive_response_headers.started request=<Request [b'GET']>
2026-02-23 21:08:03,863 - httpcore.http11 - DEBUG - receive_response_headers.complete return_value=(b'HTTP/1.1', 200, b'OK', [(b'Content-Type', b'application/json; charset=utf-8'), (b'Content-Length', b'2'), (b'Connection', b'keep-alive'), (b'Date', b'Mon, 23 Feb 2026 12:08:03 GMT'), (b'Server', b'postgrest/14.5'), (b'Content-Range', b'*/*'), (b'Content-Location', b'/notification_history?identifier=eq.20260315_%C3%AD%C2%83%C2%9C%C3%AC%C2%95%C2%88%C3%AD%C2%95%C2%B4%C3%AC%C2%95%C2%88_%C3%AC%C2%B9%C2%B4%C3%AB%C2%9D%C2%BC%C3%AB%C2%B0%C2%98&select=id&sent_at=gt.2026-02-22T21%3A08%3A03.861645'), (b'Content-Profile', b'public'), (b'Access-Control-Allow-Origin', b'*'), (b'X-Kong-Upstream-Latency', b'1'), (b'X-Kong-Proxy-Latency', b'0'), (b'Via', b'kong/2.8.1')])
2026-02-23 21:08:03,864 - httpx - INFO - HTTP Request: GET http://127.0.0.1:54321/rest/v1/notification_history?select=id&identifier=eq.20260315_%ED%83%9C%EC%95%88%ED%95%B4%EC%95%88_%EC%B9%B4%EB%9D%BC%EB%B0%98&sent_at=gt.2026-02-22T21%3A08%3A03.861645 "HTTP/1.1 200 OK"
2026-02-23 21:08:03,864 - httpcore.http11 - DEBUG - receive_response_body.started request=<Request [b'GET']>
2026-02-23 21:08:03,864 - httpcore.http11 - DEBUG - receive_response_body.complete
2026-02-23 21:08:03,864 - httpcore.http11 - DEBUG - response_closed.started
2026-02-23 21:08:03,864 - httpcore.http11 - DEBUG - response_closed.complete
2026-02-23 21:08:03,864 - httpcore.http11 - DEBUG - send_request_headers.started request=<Request [b'GET']>
2026-02-23 21:08:03,864 - httpcore.http11 - DEBUG - send_request_headers.complete
2026-02-23 21:08:03,864 - httpcore.http11 - DEBUG - send_request_body.started request=<Request [b'GET']>
2026-02-23 21:08:03,865 - httpcore.http11 - DEBUG - send_request_body.complete
2026-02-23 21:08:03,865 - httpcore.http11 - DEBUG - receive_response_headers.started request=<Request [b'GET']>
2026-02-23 21:08:03,867 - httpcore.http11 - DEBUG - receive_response_headers.complete return_value=(b'HTTP/1.1', 200, b'OK', [(b'Content-Type', b'application/json; charset=utf-8'), (b'Content-Length', b'2'), (b'Connection', b'keep-alive'), (b'Date', b'Mon, 23 Feb 2026 12:08:03 GMT'), (b'Server', b'postgrest/14.5'), (b'Content-Range', b'*/*'), (b'Content-Location', b'/notification_history?identifier=eq.20260316_%C3%AA%C2%B0%C2%80%C3%AC%C2%95%C2%BC%C3%AC%C2%82%C2%B0_%C3%AC%C2%B9%C2%B4%C3%AB%C2%9D%C2%BC%C3%AB%C2%B0%C2%98&select=id&sent_at=gt.2026-02-22T21%3A08%3A03.864428'), (b'Content-Profile', b'public'), (b'Access-Control-Allow-Origin', b'*'), (b'X-Kong-Upstream-Latency', b'1'), (b'X-Kong-Proxy-Latency', b'0'), (b'Via', b'kong/2.8.1')])
2026-02-23 21:08:03,867 - httpx - INFO - HTTP Request: GET http://127.0.0.1:54321/rest/v1/notification_history?select=id&identifier=eq.20260316_%EA%B0%80%EC%95%BC%EC%82%B0_%EC%B9%B4%EB%9D%BC%EB%B0%98&sent_at=gt.2026-02-22T21%3A08%3A03.864428 "HTTP/1.1 200 OK"
2026-02-23 21:08:03,867 - httpcore.http11 - DEBUG - receive_response_body.started request=<Request [b'GET']>
2026-02-23 21:08:03,867 - httpcore.http11 - DEBUG - receive_response_body.complete
2026-02-23 21:08:03,867 - httpcore.http11 - DEBUG - response_closed.started
2026-02-23 21:08:03,867 - httpcore.http11 - DEBUG - response_closed.complete
2026-02-23 21:08:03,867 - httpcore.http11 - DEBUG - send_request_headers.started request=<Request [b'GET']>
2026-02-23 21:08:03,867 - httpcore.http11 - DEBUG - send_request_headers.complete
2026-02-23 21:08:03,868 - httpcore.http11 - DEBUG - send_request_body.started request=<Request [b'GET']>
2026-02-23 21:08:03,868 - httpcore.http11 - DEBUG - send_request_body.complete
2026-02-23 21:08:03,868 - httpcore.http11 - DEBUG - receive_response_headers.started request=<Request [b'GET']>
2026-02-23 21:08:03,870 - httpcore.http11 - DEBUG - receive_response_headers.complete return_value=(b'HTTP/1.1', 200, b'OK', [(b'Content-Type', b'application/json; charset=utf-8'), (b'Content-Length', b'2'), (b'Connection', b'keep-alive'), (b'Date', b'Mon, 23 Feb 2026 12:08:03 GMT'), (b'Server', b'postgrest/14.5'), (b'Content-Range', b'*/*'), (b'Content-Location', b'/notification_history?identifier=eq.20260316_%C3%AB%C2%8D%C2%95%C3%AC%C2%9C%C2%A0%C3%AC%C2%82%C2%B0_%C3%AC%C2%B9%C2%B4%C3%AB%C2%9D%C2%BC%C3%AB%C2%B0%C2%98&select=id&sent_at=gt.2026-02-22T21%3A08%3A03.867487'), (b'Content-Profile', b'public'), (b'Access-Control-Allow-Origin', b'*'), (b'X-Kong-Upstream-Latency', b'1'), (b'X-Kong-Proxy-Latency', b'0'), (b'Via', b'kong/2.8.1')])
2026-02-23 21:08:03,870 - httpx - INFO - HTTP Request: GET http://127.0.0.1:54321/rest/v1/notification_history?select=id&identifier=eq.20260316_%EB%8D%95%EC%9C%A0%EC%82%B0_%EC%B9%B4%EB%9D%BC%EB%B0%98&sent_at=gt.2026-02-22T21%3A08%3A03.867487 "HTTP/1.1 200 OK"
2026-02-23 21:08:03,870 - httpcore.http11 - DEBUG - receive_response_body.started request=<Request [b'GET']>
2026-02-23 21:08:03,870 - httpcore.http11 - DEBUG - receive_response_body.complete
2026-02-23 21:08:03,870 - httpcore.http11 - DEBUG - response_closed.started
2026-02-23 21:08:03,870 - httpcore.http11 - DEBUG - response_closed.complete
2026-02-23 21:08:03,870 - httpcore.http11 - DEBUG - send_request_headers.started request=<Request [b'GET']>
2026-02-23 21:08:03,871 - httpcore.http11 - DEBUG - send_request_headers.complete
2026-02-23 21:08:03,871 - httpcore.http11 - DEBUG - send_request_body.started request=<Request [b'GET']>
2026-02-23 21:08:03,871 - httpcore.http11 - DEBUG - send_request_body.complete
2026-02-23 21:08:03,871 - httpcore.http11 - DEBUG - receive_response_headers.started request=<Request [b'GET']>
2026-02-23 21:08:03,873 - httpcore.http11 - DEBUG - receive_response_headers.complete return_value=(b'HTTP/1.1', 200, b'OK', [(b'Content-Type', b'application/json; charset=utf-8'), (b'Content-Length', b'2'), (b'Connection', b'keep-alive'), (b'Date', b'Mon, 23 Feb 2026 12:08:03 GMT'), (b'Server', b'postgrest/14.5'), (b'Content-Range', b'*/*'), (b'Content-Location', b'/notification_history?identifier=eq.20260316_%C3%AC%C2%9B%C2%94%C3%AC%C2%B6%C2%9C%C3%AC%C2%82%C2%B0_%C3%AC%C2%B9%C2%B4%C3%AB%C2%9D%C2%BC%C3%AB%C2%B0%C2%98&select=id&sent_at=gt.2026-02-22T21%3A08%3A03.870638'), (b'Content-Profile', b'public'), (b'Access-Control-Allow-Origin', b'*'), (b'X-Kong-Upstream-Latency', b'1'), (b'X-Kong-Proxy-Latency', b'0'), (b'Via', b'kong/2.8.1')])
2026-02-23 21:08:03,873 - httpx - INFO - HTTP Request: GET http://127.0.0.1:54321/rest/v1/notification_history?select=id&identifier=eq.20260316_%EC%9B%94%EC%B6%9C%EC%82%B0_%EC%B9%B4%EB%9D%BC%EB%B0%98&sent_at=gt.2026-02-22T21%3A08%3A03.870638 "HTTP/1.1 200 OK"
2026-02-23 21:08:03,873 - httpcore.http11 - DEBUG - receive_response_body.started request=<Request [b'GET']>
2026-02-23 21:08:03,873 - httpcore.http11 - DEBUG - receive_response_body.complete
2026-02-23 21:08:03,873 - httpcore.http11 - DEBUG - response_closed.started
2026-02-23 21:08:03,873 - httpcore.http11 - DEBUG - response_closed.complete
2026-02-23 21:08:03,874 - httpcore.http11 - DEBUG - send_request_headers.started request=<Request [b'GET']>
2026-02-23 21:08:03,874 - httpcore.http11 - DEBUG - send_request_headers.complete
2026-02-23 21:08:03,874 - httpcore.http11 - DEBUG - send_request_body.started request=<Request [b'GET']>
2026-02-23 21:08:03,874 - httpcore.http11 - DEBUG - send_request_body.complete
2026-02-23 21:08:03,874 - httpcore.http11 - DEBUG - receive_response_headers.started request=<Request [b'GET']>
2026-02-23 21:08:03,876 - httpcore.http11 - DEBUG - receive_response_headers.complete return_value=(b'HTTP/1.1', 200, b'OK', [(b'Content-Type', b'application/json; charset=utf-8'), (b'Content-Length', b'2'), (b'Connection', b'keep-alive'), (b'Date', b'Mon, 23 Feb 2026 12:08:03 GMT'), (b'Server', b'postgrest/14.5'), (b'Content-Range', b'*/*'), (b'Content-Location', b'/notification_history?identifier=eq.20260316_%C3%AC%C2%B9%C2%98%C3%AC%C2%95%C2%85%C3%AC%C2%82%C2%B0_%C3%AC%C2%B9%C2%B4%C3%AB%C2%9D%C2%BC%C3%AB%C2%B0%C2%98&select=id&sent_at=gt.2026-02-22T21%3A08%3A03.873741'), (b'Content-Profile', b'public'), (b'Access-Control-Allow-Origin', b'*'), (b'X-Kong-Upstream-Latency', b'1'), (b'X-Kong-Proxy-Latency', b'0'), (b'Via', b'kong/2.8.1')])
2026-02-23 21:08:03,876 - httpx - INFO - HTTP Request: GET http://127.0.0.1:54321/rest/v1/notification_history?select=id&identifier=eq.20260316_%EC%B9%98%EC%95%85%EC%82%B0_%EC%B9%B4%EB%9D%BC%EB%B0%98&sent_at=gt.2026-02-22T21%3A08%3A03.873741 "HTTP/1.1 200 OK"
2026-02-23 21:08:03,876 - httpcore.http11 - DEBUG - receive_response_body.started request=<Request [b'GET']>
2026-02-23 21:08:03,876 - httpcore.http11 - DEBUG - receive_response_body.complete
2026-02-23 21:08:03,877 - httpcore.http11 - DEBUG - response_closed.started
2026-02-23 21:08:03,877 - httpcore.http11 - DEBUG - response_closed.complete
2026-02-23 21:08:03,877 - httpcore.http11 - DEBUG - send_request_headers.started request=<Request [b'GET']>
2026-02-23 21:08:03,877 - httpcore.http11 - DEBUG - send_request_headers.complete
2026-02-23 21:08:03,877 - httpcore.http11 - DEBUG - send_request_body.started request=<Request [b'GET']>
2026-02-23 21:08:03,877 - httpcore.http11 - DEBUG - send_request_body.complete
2026-02-23 21:08:03,877 - httpcore.http11 - DEBUG - receive_response_headers.started request=<Request [b'GET']>
2026-02-23 21:08:03,879 - httpcore.http11 - DEBUG - receive_response_headers.complete return_value=(b'HTTP/1.1', 200, b'OK', [(b'Content-Type', b'application/json; charset=utf-8'), (b'Content-Length', b'2'), (b'Connection', b'keep-alive'), (b'Date', b'Mon, 23 Feb 2026 12:08:03 GMT'), (b'Server', b'postgrest/14.5'), (b'Content-Range', b'*/*'), (b'Content-Location', b'/notification_history?identifier=eq.20260316_%C3%AD%C2%83%C2%9C%C3%AC%C2%95%C2%88%C3%AD%C2%95%C2%B4%C3%AC%C2%95%C2%88_%C3%AC%C2%B9%C2%B4%C3%AB%C2%9D%C2%BC%C3%AB%C2%B0%C2%98&select=id&sent_at=gt.2026-02-22T21%3A08%3A03.877145'), (b'Content-Profile', b'public'), (b'Access-Control-Allow-Origin', b'*'), (b'X-Kong-Upstream-Latency', b'1'), (b'X-Kong-Proxy-Latency', b'0'), (b'Via', b'kong/2.8.1')])
2026-02-23 21:08:03,879 - httpx - INFO - HTTP Request: GET http://127.0.0.1:54321/rest/v1/notification_history?select=id&identifier=eq.20260316_%ED%83%9C%EC%95%88%ED%95%B4%EC%95%88_%EC%B9%B4%EB%9D%BC%EB%B0%98&sent_at=gt.2026-02-22T21%3A08%3A03.877145 "HTTP/1.1 200 OK"
2026-02-23 21:08:03,879 - httpcore.http11 - DEBUG - receive_response_body.started request=<Request [b'GET']>
2026-02-23 21:08:03,879 - httpcore.http11 - DEBUG - receive_response_body.complete
2026-02-23 21:08:03,880 - httpcore.http11 - DEBUG - response_closed.started
2026-02-23 21:08:03,880 - httpcore.http11 - DEBUG - response_closed.complete
2026-02-23 21:08:03,880 - httpcore.http11 - DEBUG - send_request_headers.started request=<Request [b'GET']>
2026-02-23 21:08:03,880 - httpcore.http11 - DEBUG - send_request_headers.complete
2026-02-23 21:08:03,880 - httpcore.http11 - DEBUG - send_request_body.started request=<Request [b'GET']>
2026-02-23 21:08:03,880 - httpcore.http11 - DEBUG - send_request_body.complete
2026-02-23 21:08:03,880 - httpcore.http11 - DEBUG - receive_response_headers.started request=<Request [b'GET']>
2026-02-23 21:08:03,882 - httpcore.http11 - DEBUG - receive_response_headers.complete return_value=(b'HTTP/1.1', 200, b'OK', [(b'Content-Type', b'application/json; charset=utf-8'), (b'Content-Length', b'2'), (b'Connection', b'keep-alive'), (b'Date', b'Mon, 23 Feb 2026 12:08:03 GMT'), (b'Server', b'postgrest/14.5'), (b'Content-Range', b'*/*'), (b'Content-Location', b'/notification_history?identifier=eq.20260317_%C3%AA%C2%B0%C2%80%C3%AC%C2%95%C2%BC%C3%AC%C2%82%C2%B0_%C3%AC%C2%B9%C2%B4%C3%AB%C2%9D%C2%BC%C3%AB%C2%B0%C2%98&select=id&sent_at=gt.2026-02-22T21%3A08%3A03.880123'), (b'Content-Profile', b'public'), (b'Access-Control-Allow-Origin', b'*'), (b'X-Kong-Upstream-Latency', b'1'), (b'X-Kong-Proxy-Latency', b'0'), (b'Via', b'kong/2.8.1')])
2026-02-23 21:08:03,882 - httpx - INFO - HTTP Request: GET http://127.0.0.1:54321/rest/v1/notification_history?select=id&identifier=eq.20260317_%EA%B0%80%EC%95%BC%EC%82%B0_%EC%B9%B4%EB%9D%BC%EB%B0%98&sent_at=gt.2026-02-22T21%3A08%3A03.880123 "HTTP/1.1 200 OK"
2026-02-23 21:08:03,882 - httpcore.http11 - DEBUG - receive_response_body.started request=<Request [b'GET']>
2026-02-23 21:08:03,882 - httpcore.http11 - DEBUG - receive_response_body.complete
2026-02-23 21:08:03,882 - httpcore.http11 - DEBUG - response_closed.started
2026-02-23 21:08:03,882 - httpcore.http11 - DEBUG - response_closed.complete
2026-02-23 21:08:03,883 - httpcore.http11 - DEBUG - send_request_headers.started request=<Request [b'GET']>
2026-02-23 21:08:03,883 - httpcore.http11 - DEBUG - send_request_headers.complete
2026-02-23 21:08:03,883 - httpcore.http11 - DEBUG - send_request_body.started request=<Request [b'GET']>
2026-02-23 21:08:03,883 - httpcore.http11 - DEBUG - send_request_body.complete
2026-02-23 21:08:03,883 - httpcore.http11 - DEBUG - receive_response_headers.started request=<Request [b'GET']>
2026-02-23 21:08:03,885 - httpcore.http11 - DEBUG - receive_response_headers.complete return_value=(b'HTTP/1.1', 200, b'OK', [(b'Content-Type', b'application/json; charset=utf-8'), (b'Content-Length', b'2'), (b'Connection', b'keep-alive'), (b'Date', b'Mon, 23 Feb 2026 12:08:03 GMT'), (b'Server', b'postgrest/14.5'), (b'Content-Range', b'*/*'), (b'Content-Location', b'/notification_history?identifier=eq.20260317_%C3%AB%C2%8D%C2%95%C3%AC%C2%9C%C2%A0%C3%AC%C2%82%C2%B0_%C3%AC%C2%B9%C2%B4%C3%AB%C2%9D%C2%BC%C3%AB%C2%B0%C2%98&select=id&sent_at=gt.2026-02-22T21%3A08%3A03.882974'), (b'Content-Profile', b'public'), (b'Access-Control-Allow-Origin', b'*'), (b'X-Kong-Upstream-Latency', b'1'), (b'X-Kong-Proxy-Latency', b'0'), (b'Via', b'kong/2.8.1')])
2026-02-23 21:08:03,885 - httpx - INFO - HTTP Request: GET http://127.0.0.1:54321/rest/v1/notification_history?select=id&identifier=eq.20260317_%EB%8D%95%EC%9C%A0%EC%82%B0_%EC%B9%B4%EB%9D%BC%EB%B0%98&sent_at=gt.2026-02-22T21%3A08%3A03.882974 "HTTP/1.1 200 OK"
2026-02-23 21:08:03,885 - httpcore.http11 - DEBUG - receive_response_body.started request=<Request [b'GET']>
2026-02-23 21:08:03,885 - httpcore.http11 - DEBUG - receive_response_body.complete
2026-02-23 21:08:03,885 - httpcore.http11 - DEBUG - response_closed.started
2026-02-23 21:08:03,885 - httpcore.http11 - DEBUG - response_closed.complete
2026-02-23 21:08:03,886 - httpcore.http11 - DEBUG - send_request_headers.started request=<Request [b'GET']>
2026-02-23 21:08:03,886 - httpcore.http11 - DEBUG - send_request_headers.complete
2026-02-23 21:08:03,886 - httpcore.http11 - DEBUG - send_request_body.started request=<Request [b'GET']>
2026-02-23 21:08:03,886 - httpcore.http11 - DEBUG - send_request_body.complete
2026-02-23 21:08:03,886 - httpcore.http11 - DEBUG - receive_response_headers.started request=<Request [b'GET']>
2026-02-23 21:08:03,888 - httpcore.http11 - DEBUG - receive_response_headers.complete return_value=(b'HTTP/1.1', 200, b'OK', [(b'Content-Type', b'application/json; charset=utf-8'), (b'Content-Length', b'2'), (b'Connection', b'keep-alive'), (b'Date', b'Mon, 23 Feb 2026 12:08:03 GMT'), (b'Server', b'postgrest/14.5'), (b'Content-Range', b'*/*'), (b'Content-Location', b'/notification_history?identifier=eq.20260317_%C3%AC%C2%B9%C2%98%C3%AC%C2%95%C2%85%C3%AC%C2%82%C2%B0_%C3%AC%C2%B9%C2%B4%C3%AB%C2%9D%C2%BC%C3%AB%C2%B0%C2%98&select=id&sent_at=gt.2026-02-22T21%3A08%3A03.885900'), (b'Content-Profile', b'public'), (b'Access-Control-Allow-Origin', b'*'), (b'X-Kong-Upstream-Latency', b'1'), (b'X-Kong-Proxy-Latency', b'0'), (b'Via', b'kong/2.8.1')])
2026-02-23 21:08:03,888 - httpx - INFO - HTTP Request: GET http://127.0.0.1:54321/rest/v1/notification_history?select=id&identifier=eq.20260317_%EC%B9%98%EC%95%85%EC%82%B0_%EC%B9%B4%EB%9D%BC%EB%B0%98&sent_at=gt.2026-02-22T21%3A08%3A03.885900 "HTTP/1.1 200 OK"
2026-02-23 21:08:03,888 - httpcore.http11 - DEBUG - receive_response_body.started request=<Request [b'GET']>
2026-02-23 21:08:03,888 - httpcore.http11 - DEBUG - receive_response_body.complete
2026-02-23 21:08:03,888 - httpcore.http11 - DEBUG - response_closed.started
2026-02-23 21:08:03,888 - httpcore.http11 - DEBUG - response_closed.complete
2026-02-23 21:08:03,889 - httpcore.http11 - DEBUG - send_request_headers.started request=<Request [b'GET']>
2026-02-23 21:08:03,889 - httpcore.http11 - DEBUG - send_request_headers.complete
2026-02-23 21:08:03,889 - httpcore.http11 - DEBUG - send_request_body.started request=<Request [b'GET']>
2026-02-23 21:08:03,889 - httpcore.http11 - DEBUG - send_request_body.complete
2026-02-23 21:08:03,889 - httpcore.http11 - DEBUG - receive_response_headers.started request=<Request [b'GET']>
2026-02-23 21:08:03,891 - httpcore.http11 - DEBUG - receive_response_headers.complete return_value=(b'HTTP/1.1', 200, b'OK', [(b'Content-Type', b'application/json; charset=utf-8'), (b'Content-Length', b'2'), (b'Connection', b'keep-alive'), (b'Date', b'Mon, 23 Feb 2026 12:08:03 GMT'), (b'Server', b'postgrest/14.5'), (b'Content-Range', b'*/*'), (b'Content-Location', b'/notification_history?identifier=eq.20260317_%C3%AD%C2%83%C2%9C%C3%AC%C2%95%C2%88%C3%AD%C2%95%C2%B4%C3%AC%C2%95%C2%88_%C3%AC%C2%B9%C2%B4%C3%AB%C2%9D%C2%BC%C3%AB%C2%B0%C2%98&select=id&sent_at=gt.2026-02-22T21%3A08%3A03.888921'), (b'Content-Profile', b'public'), (b'Access-Control-Allow-Origin', b'*'), (b'X-Kong-Upstream-Latency', b'1'), (b'X-Kong-Proxy-Latency', b'0'), (b'Via', b'kong/2.8.1')])
2026-02-23 21:08:03,891 - httpx - INFO - HTTP Request: GET http://127.0.0.1:54321/rest/v1/notification_history?select=id&identifier=eq.20260317_%ED%83%9C%EC%95%88%ED%95%B4%EC%95%88_%EC%B9%B4%EB%9D%BC%EB%B0%98&sent_at=gt.2026-02-22T21%3A08%3A03.888921 "HTTP/1.1 200 OK"
2026-02-23 21:08:03,891 - httpcore.http11 - DEBUG - receive_response_body.started request=<Request [b'GET']>
2026-02-23 21:08:03,891 - httpcore.http11 - DEBUG - receive_response_body.complete
2026-02-23 21:08:03,891 - httpcore.http11 - DEBUG - response_closed.started
2026-02-23 21:08:03,891 - httpcore.http11 - DEBUG - response_closed.complete
2026-02-23 21:08:03,892 - httpcore.http11 - DEBUG - send_request_headers.started request=<Request [b'GET']>
2026-02-23 21:08:03,892 - httpcore.http11 - DEBUG - send_request_headers.complete
2026-02-23 21:08:03,892 - httpcore.http11 - DEBUG - send_request_body.started request=<Request [b'GET']>
2026-02-23 21:08:03,892 - httpcore.http11 - DEBUG - send_request_body.complete
2026-02-23 21:08:03,892 - httpcore.http11 - DEBUG - receive_response_headers.started request=<Request [b'GET']>
2026-02-23 21:08:03,894 - httpcore.http11 - DEBUG - receive_response_headers.complete return_value=(b'HTTP/1.1', 200, b'OK', [(b'Content-Type', b'application/json; charset=utf-8'), (b'Content-Length', b'2'), (b'Connection', b'keep-alive'), (b'Date', b'Mon, 23 Feb 2026 12:08:03 GMT'), (b'Server', b'postgrest/14.5'), (b'Content-Range', b'*/*'), (b'Content-Location', b'/notification_history?identifier=eq.20260319_%C3%AA%C2%B0%C2%80%C3%AC%C2%95%C2%BC%C3%AC%C2%82%C2%B0_%C3%AC%C2%B9%C2%B4%C3%AB%C2%9D%C2%BC%C3%AB%C2%B0%C2%98&select=id&sent_at=gt.2026-02-22T21%3A08%3A03.891760'), (b'Content-Profile', b'public'), (b'Access-Control-Allow-Origin', b'*'), (b'X-Kong-Upstream-Latency', b'1'), (b'X-Kong-Proxy-Latency', b'0'), (b'Via', b'kong/2.8.1')])
2026-02-23 21:08:03,894 - httpx - INFO - HTTP Request: GET http://127.0.0.1:54321/rest/v1/notification_history?select=id&identifier=eq.20260319_%EA%B0%80%EC%95%BC%EC%82%B0_%EC%B9%B4%EB%9D%BC%EB%B0%98&sent_at=gt.2026-02-22T21%3A08%3A03.891760 "HTTP/1.1 200 OK"
2026-02-23 21:08:03,894 - httpcore.http11 - DEBUG - receive_response_body.started request=<Request [b'GET']>
2026-02-23 21:08:03,894 - httpcore.http11 - DEBUG - receive_response_body.complete
2026-02-23 21:08:03,894 - httpcore.http11 - DEBUG - response_closed.started
2026-02-23 21:08:03,894 - httpcore.http11 - DEBUG - response_closed.complete
2026-02-23 21:08:03,895 - httpcore.http11 - DEBUG - send_request_headers.started request=<Request [b'GET']>
2026-02-23 21:08:03,895 - httpcore.http11 - DEBUG - send_request_headers.complete
2026-02-23 21:08:03,895 - httpcore.http11 - DEBUG - send_request_body.started request=<Request [b'GET']>
2026-02-23 21:08:03,895 - httpcore.http11 - DEBUG - send_request_body.complete
2026-02-23 21:08:03,895 - httpcore.http11 - DEBUG - receive_response_headers.started request=<Request [b'GET']>
2026-02-23 21:08:03,897 - httpcore.http11 - DEBUG - receive_response_headers.complete return_value=(b'HTTP/1.1', 200, b'OK', [(b'Content-Type', b'application/json; charset=utf-8'), (b'Content-Length', b'2'), (b'Connection', b'keep-alive'), (b'Date', b'Mon, 23 Feb 2026 12:08:03 GMT'), (b'Server', b'postgrest/14.5'), (b'Content-Range', b'*/*'), (b'Content-Location', b'/notification_history?identifier=eq.20260319_%C3%AB%C2%8D%C2%95%C3%AC%C2%9C%C2%A0%C3%AC%C2%82%C2%B0_%C3%AC%C2%B9%C2%B4%C3%AB%C2%9D%C2%BC%C3%AB%C2%B0%C2%98&select=id&sent_at=gt.2026-02-22T21%3A08%3A03.894791'), (b'Content-Profile', b'public'), (b'Access-Control-Allow-Origin', b'*'), (b'X-Kong-Upstream-Latency', b'1'), (b'X-Kong-Proxy-Latency', b'0'), (b'Via', b'kong/2.8.1')])
2026-02-23 21:08:03,897 - httpx - INFO - HTTP Request: GET http://127.0.0.1:54321/rest/v1/notification_history?select=id&identifier=eq.20260319_%EB%8D%95%EC%9C%A0%EC%82%B0_%EC%B9%B4%EB%9D%BC%EB%B0%98&sent_at=gt.2026-02-22T21%3A08%3A03.894791 "HTTP/1.1 200 OK"
2026-02-23 21:08:03,897 - httpcore.http11 - DEBUG - receive_response_body.started request=<Request [b'GET']>
2026-02-23 21:08:03,897 - httpcore.http11 - DEBUG - receive_response_body.complete
2026-02-23 21:08:03,897 - httpcore.http11 - DEBUG - response_closed.started
2026-02-23 21:08:03,897 - httpcore.http11 - DEBUG - response_closed.complete
2026-02-23 21:08:03,897 - httpcore.http11 - DEBUG - send_request_headers.started request=<Request [b'GET']>
2026-02-23 21:08:03,898 - httpcore.http11 - DEBUG - send_request_headers.complete
2026-02-23 21:08:03,898 - httpcore.http11 - DEBUG - send_request_body.started request=<Request [b'GET']>
2026-02-23 21:08:03,898 - httpcore.http11 - DEBUG - send_request_body.complete
2026-02-23 21:08:03,898 - httpcore.http11 - DEBUG - receive_response_headers.started request=<Request [b'GET']>
2026-02-23 21:08:03,899 - httpcore.http11 - DEBUG - receive_response_headers.complete return_value=(b'HTTP/1.1', 200, b'OK', [(b'Content-Type', b'application/json; charset=utf-8'), (b'Content-Length', b'2'), (b'Connection', b'keep-alive'), (b'Date', b'Mon, 23 Feb 2026 12:08:03 GMT'), (b'Server', b'postgrest/14.5'), (b'Content-Range', b'*/*'), (b'Content-Location', b'/notification_history?identifier=eq.20260319_%C3%AC%C2%9B%C2%94%C3%AC%C2%B6%C2%9C%C3%AC%C2%82%C2%B0_%C3%AC%C2%B9%C2%B4%C3%AB%C2%9D%C2%BC%C3%AB%C2%B0%C2%98&select=id&sent_at=gt.2026-02-22T21%3A08%3A03.897637'), (b'Content-Profile', b'public'), (b'Access-Control-Allow-Origin', b'*'), (b'X-Kong-Upstream-Latency', b'1'), (b'X-Kong-Proxy-Latency', b'0'), (b'Via', b'kong/2.8.1')])
2026-02-23 21:08:03,900 - httpx - INFO - HTTP Request: GET http://127.0.0.1:54321/rest/v1/notification_history?select=id&identifier=eq.20260319_%EC%9B%94%EC%B6%9C%EC%82%B0_%EC%B9%B4%EB%9D%BC%EB%B0%98&sent_at=gt.2026-02-22T21%3A08%3A03.897637 "HTTP/1.1 200 OK"
2026-02-23 21:08:03,900 - httpcore.http11 - DEBUG - receive_response_body.started request=<Request [b'GET']>
2026-02-23 21:08:03,900 - httpcore.http11 - DEBUG - receive_response_body.complete
2026-02-23 21:08:03,900 - httpcore.http11 - DEBUG - response_closed.started
2026-02-23 21:08:03,900 - httpcore.http11 - DEBUG - response_closed.complete
2026-02-23 21:08:03,900 - httpcore.http11 - DEBUG - send_request_headers.started request=<Request [b'GET']>
2026-02-23 21:08:03,900 - httpcore.http11 - DEBUG - send_request_headers.complete
2026-02-23 21:08:03,901 - httpcore.http11 - DEBUG - send_request_body.started request=<Request [b'GET']>
2026-02-23 21:08:03,901 - httpcore.http11 - DEBUG - send_request_body.complete
2026-02-23 21:08:03,901 - httpcore.http11 - DEBUG - receive_response_headers.started request=<Request [b'GET']>
2026-02-23 21:08:03,902 - httpcore.http11 - DEBUG - receive_response_headers.complete return_value=(b'HTTP/1.1', 200, b'OK', [(b'Content-Type', b'application/json; charset=utf-8'), (b'Content-Length', b'2'), (b'Connection', b'keep-alive'), (b'Date', b'Mon, 23 Feb 2026 12:08:03 GMT'), (b'Server', b'postgrest/14.5'), (b'Content-Range', b'*/*'), (b'Content-Location', b'/notification_history?identifier=eq.20260319_%C3%AC%C2%B9%C2%98%C3%AC%C2%95%C2%85%C3%AC%C2%82%C2%B0_%C3%AC%C2%B9%C2%B4%C3%AB%C2%9D%C2%BC%C3%AB%C2%B0%C2%98&select=id&sent_at=gt.2026-02-22T21%3A08%3A03.900492'), (b'Content-Profile', b'public'), (b'Access-Control-Allow-Origin', b'*'), (b'X-Kong-Upstream-Latency', b'1'), (b'X-Kong-Proxy-Latency', b'0'), (b'Via', b'kong/2.8.1')])
2026-02-23 21:08:03,902 - httpx - INFO - HTTP Request: GET http://127.0.0.1:54321/rest/v1/notification_history?select=id&identifier=eq.20260319_%EC%B9%98%EC%95%85%EC%82%B0_%EC%B9%B4%EB%9D%BC%EB%B0%98&sent_at=gt.2026-02-22T21%3A08%3A03.900492 "HTTP/1.1 200 OK"
2026-02-23 21:08:03,903 - httpcore.http11 - DEBUG - receive_response_body.started request=<Request [b'GET']>
2026-02-23 21:08:03,903 - httpcore.http11 - DEBUG - receive_response_body.complete
2026-02-23 21:08:03,903 - httpcore.http11 - DEBUG - response_closed.started
2026-02-23 21:08:03,903 - httpcore.http11 - DEBUG - response_closed.complete
2026-02-23 21:08:03,903 - httpcore.http11 - DEBUG - send_request_headers.started request=<Request [b'GET']>
2026-02-23 21:08:03,903 - httpcore.http11 - DEBUG - send_request_headers.complete
2026-02-23 21:08:03,903 - httpcore.http11 - DEBUG - send_request_body.started request=<Request [b'GET']>
2026-02-23 21:08:03,904 - httpcore.http11 - DEBUG - send_request_body.complete
2026-02-23 21:08:03,904 - httpcore.http11 - DEBUG - receive_response_headers.started request=<Request [b'GET']>
2026-02-23 21:08:03,906 - httpcore.http11 - DEBUG - receive_response_headers.complete return_value=(b'HTTP/1.1', 200, b'OK', [(b'Content-Type', b'application/json; charset=utf-8'), (b'Content-Length', b'2'), (b'Connection', b'keep-alive'), (b'Date', b'Mon, 23 Feb 2026 12:08:03 GMT'), (b'Server', b'postgrest/14.5'), (b'Content-Range', b'*/*'), (b'Content-Location', b'/notification_history?identifier=eq.20260319_%C3%AD%C2%83%C2%9C%C3%AC%C2%95%C2%88%C3%AD%C2%95%C2%B4%C3%AC%C2%95%C2%88_%C3%AC%C2%B9%C2%B4%C3%AB%C2%9D%C2%BC%C3%AB%C2%B0%C2%98&select=id&sent_at=gt.2026-02-22T21%3A08%3A03.903384'), (b'Content-Profile', b'public'), (b'Access-Control-Allow-Origin', b'*'), (b'X-Kong-Upstream-Latency', b'1'), (b'X-Kong-Proxy-Latency', b'0'), (b'Via', b'kong/2.8.1')])
2026-02-23 21:08:03,906 - httpx - INFO - HTTP Request: GET http://127.0.0.1:54321/rest/v1/notification_history?select=id&identifier=eq.20260319_%ED%83%9C%EC%95%88%ED%95%B4%EC%95%88_%EC%B9%B4%EB%9D%BC%EB%B0%98&sent_at=gt.2026-02-22T21%3A08%3A03.903384 "HTTP/1.1 200 OK"
2026-02-23 21:08:03,906 - httpcore.http11 - DEBUG - receive_response_body.started request=<Request [b'GET']>
2026-02-23 21:08:03,906 - httpcore.http11 - DEBUG - receive_response_body.complete
2026-02-23 21:08:03,906 - httpcore.http11 - DEBUG - response_closed.started
2026-02-23 21:08:03,906 - httpcore.http11 - DEBUG - response_closed.complete
2026-02-23 21:08:03,906 - httpcore.http11 - DEBUG - send_request_headers.started request=<Request [b'GET']>
2026-02-23 21:08:03,906 - httpcore.http11 - DEBUG - send_request_headers.complete
2026-02-23 21:08:03,906 - httpcore.http11 - DEBUG - send_request_body.started request=<Request [b'GET']>
2026-02-23 21:08:03,906 - httpcore.http11 - DEBUG - send_request_body.complete
2026-02-23 21:08:03,907 - httpcore.http11 - DEBUG - receive_response_headers.started request=<Request [b'GET']>
2026-02-23 21:08:03,908 - httpcore.http11 - DEBUG - receive_response_headers.complete return_value=(b'HTTP/1.1', 200, b'OK', [(b'Content-Type', b'application/json; charset=utf-8'), (b'Content-Length', b'2'), (b'Connection', b'keep-alive'), (b'Date', b'Mon, 23 Feb 2026 12:08:03 GMT'), (b'Server', b'postgrest/14.5'), (b'Content-Range', b'*/*'), (b'Content-Location', b'/notification_history?identifier=eq.20260320_%C3%AA%C2%B0%C2%80%C3%AC%C2%95%C2%BC%C3%AC%C2%82%C2%B0_%C3%AC%C2%B9%C2%B4%C3%AB%C2%9D%C2%BC%C3%AB%C2%B0%C2%98&select=id&sent_at=gt.2026-02-22T21%3A08%3A03.906462'), (b'Content-Profile', b'public'), (b'Access-Control-Allow-Origin', b'*'), (b'X-Kong-Upstream-Latency', b'1'), (b'X-Kong-Proxy-Latency', b'0'), (b'Via', b'kong/2.8.1')])
2026-02-23 21:08:03,909 - httpx - INFO - HTTP Request: GET http://127.0.0.1:54321/rest/v1/notification_history?select=id&identifier=eq.20260320_%EA%B0%80%EC%95%BC%EC%82%B0_%EC%B9%B4%EB%9D%BC%EB%B0%98&sent_at=gt.2026-02-22T21%3A08%3A03.906462 "HTTP/1.1 200 OK"
2026-02-23 21:08:03,909 - httpcore.http11 - DEBUG - receive_response_body.started request=<Request [b'GET']>
2026-02-23 21:08:03,909 - httpcore.http11 - DEBUG - receive_response_body.complete
2026-02-23 21:08:03,909 - httpcore.http11 - DEBUG - response_closed.started
2026-02-23 21:08:03,909 - httpcore.http11 - DEBUG - response_closed.complete
2026-02-23 21:08:03,909 - httpcore.http11 - DEBUG - send_request_headers.started request=<Request [b'GET']>
2026-02-23 21:08:03,909 - httpcore.http11 - DEBUG - send_request_headers.complete
2026-02-23 21:08:03,910 - httpcore.http11 - DEBUG - send_request_body.started request=<Request [b'GET']>
2026-02-23 21:08:03,910 - httpcore.http11 - DEBUG - send_request_body.complete
2026-02-23 21:08:03,910 - httpcore.http11 - DEBUG - receive_response_headers.started request=<Request [b'GET']>
2026-02-23 21:08:03,912 - httpcore.http11 - DEBUG - receive_response_headers.complete return_value=(b'HTTP/1.1', 200, b'OK', [(b'Content-Type', b'application/json; charset=utf-8'), (b'Content-Length', b'2'), (b'Connection', b'keep-alive'), (b'Date', b'Mon, 23 Feb 2026 12:08:03 GMT'), (b'Server', b'postgrest/14.5'), (b'Content-Range', b'*/*'), (b'Content-Location', b'/notification_history?identifier=eq.20260320_%C3%AB%C2%8D%C2%95%C3%AC%C2%9C%C2%A0%C3%AC%C2%82%C2%B0_%C3%AC%C2%B9%C2%B4%C3%AB%C2%9D%C2%BC%C3%AB%C2%B0%C2%98&select=id&sent_at=gt.2026-02-22T21%3A08%3A03.909461'), (b'Content-Profile', b'public'), (b'Access-Control-Allow-Origin', b'*'), (b'X-Kong-Upstream-Latency', b'1'), (b'X-Kong-Proxy-Latency', b'0'), (b'Via', b'kong/2.8.1')])
2026-02-23 21:08:03,912 - httpx - INFO - HTTP Request: GET http://127.0.0.1:54321/rest/v1/notification_history?select=id&identifier=eq.20260320_%EB%8D%95%EC%9C%A0%EC%82%B0_%EC%B9%B4%EB%9D%BC%EB%B0%98&sent_at=gt.2026-02-22T21%3A08%3A03.909461 "HTTP/1.1 200 OK"
2026-02-23 21:08:03,912 - httpcore.http11 - DEBUG - receive_response_body.started request=<Request [b'GET']>
2026-02-23 21:08:03,912 - httpcore.http11 - DEBUG - receive_response_body.complete
2026-02-23 21:08:03,912 - httpcore.http11 - DEBUG - response_closed.started
2026-02-23 21:08:03,912 - httpcore.http11 - DEBUG - response_closed.complete
2026-02-23 21:08:03,913 - httpcore.http11 - DEBUG - send_request_headers.started request=<Request [b'GET']>
2026-02-23 21:08:03,913 - httpcore.http11 - DEBUG - send_request_headers.complete
2026-02-23 21:08:03,913 - httpcore.http11 - DEBUG - send_request_body.started request=<Request [b'GET']>
2026-02-23 21:08:03,913 - httpcore.http11 - DEBUG - send_request_body.complete
2026-02-23 21:08:03,913 - httpcore.http11 - DEBUG - receive_response_headers.started request=<Request [b'GET']>
2026-02-23 21:08:03,915 - httpcore.http11 - DEBUG - receive_response_headers.complete return_value=(b'HTTP/1.1', 200, b'OK', [(b'Content-Type', b'application/json; charset=utf-8'), (b'Content-Length', b'2'), (b'Connection', b'keep-alive'), (b'Date', b'Mon, 23 Feb 2026 12:08:03 GMT'), (b'Server', b'postgrest/14.5'), (b'Content-Range', b'*/*'), (b'Content-Location', b'/notification_history?identifier=eq.20260320_%C3%AC%C2%B9%C2%98%C3%AC%C2%95%C2%85%C3%AC%C2%82%C2%B0_%C3%AC%C2%B9%C2%B4%C3%AB%C2%9D%C2%BC%C3%AB%C2%B0%C2%98&select=id&sent_at=gt.2026-02-22T21%3A08%3A03.912720'), (b'Content-Profile', b'public'), (b'Access-Control-Allow-Origin', b'*'), (b'X-Kong-Upstream-Latency', b'1'), (b'X-Kong-Proxy-Latency', b'0'), (b'Via', b'kong/2.8.1')])
2026-02-23 21:08:03,915 - httpx - INFO - HTTP Request: GET http://127.0.0.1:54321/rest/v1/notification_history?select=id&identifier=eq.20260320_%EC%B9%98%EC%95%85%EC%82%B0_%EC%B9%B4%EB%9D%BC%EB%B0%98&sent_at=gt.2026-02-22T21%3A08%3A03.912720 "HTTP/1.1 200 OK"
2026-02-23 21:08:03,915 - httpcore.http11 - DEBUG - receive_response_body.started request=<Request [b'GET']>
2026-02-23 21:08:03,915 - httpcore.http11 - DEBUG - receive_response_body.complete
2026-02-23 21:08:03,915 - httpcore.http11 - DEBUG - response_closed.started
2026-02-23 21:08:03,915 - httpcore.http11 - DEBUG - response_closed.complete
2026-02-23 21:08:03,916 - httpcore.http11 - DEBUG - send_request_headers.started request=<Request [b'GET']>
2026-02-23 21:08:03,916 - httpcore.http11 - DEBUG - send_request_headers.complete
2026-02-23 21:08:03,916 - httpcore.http11 - DEBUG - send_request_body.started request=<Request [b'GET']>
2026-02-23 21:08:03,916 - httpcore.http11 - DEBUG - send_request_body.complete
2026-02-23 21:08:03,916 - httpcore.http11 - DEBUG - receive_response_headers.started request=<Request [b'GET']>
2026-02-23 21:08:03,918 - httpcore.http11 - DEBUG - receive_response_headers.complete return_value=(b'HTTP/1.1', 200, b'OK', [(b'Content-Type', b'application/json; charset=utf-8'), (b'Content-Length', b'2'), (b'Connection', b'keep-alive'), (b'Date', b'Mon, 23 Feb 2026 12:08:03 GMT'), (b'Server', b'postgrest/14.5'), (b'Content-Range', b'*/*'), (b'Content-Location', b'/notification_history?identifier=eq.20260322_%C3%AA%C2%B0%C2%80%C3%AC%C2%95%C2%BC%C3%AC%C2%82%C2%B0_%C3%AC%C2%B9%C2%B4%C3%AB%C2%9D%C2%BC%C3%AB%C2%B0%C2%98&select=id&sent_at=gt.2026-02-22T21%3A08%3A03.915943'), (b'Content-Profile', b'public'), (b'Access-Control-Allow-Origin', b'*'), (b'X-Kong-Upstream-Latency', b'1'), (b'X-Kong-Proxy-Latency', b'0'), (b'Via', b'kong/2.8.1')])
2026-02-23 21:08:03,918 - httpx - INFO - HTTP Request: GET http://127.0.0.1:54321/rest/v1/notification_history?select=id&identifier=eq.20260322_%EA%B0%80%EC%95%BC%EC%82%B0_%EC%B9%B4%EB%9D%BC%EB%B0%98&sent_at=gt.2026-02-22T21%3A08%3A03.915943 "HTTP/1.1 200 OK"
2026-02-23 21:08:03,918 - httpcore.http11 - DEBUG - receive_response_body.started request=<Request [b'GET']>
2026-02-23 21:08:03,918 - httpcore.http11 - DEBUG - receive_response_body.complete
2026-02-23 21:08:03,918 - httpcore.http11 - DEBUG - response_closed.started
2026-02-23 21:08:03,918 - httpcore.http11 - DEBUG - response_closed.complete
2026-02-23 21:08:03,919 - httpcore.http11 - DEBUG - send_request_headers.started request=<Request [b'GET']>
2026-02-23 21:08:03,919 - httpcore.http11 - DEBUG - send_request_headers.complete
2026-02-23 21:08:03,919 - httpcore.http11 - DEBUG - send_request_body.started request=<Request [b'GET']>
2026-02-23 21:08:03,919 - httpcore.http11 - DEBUG - send_request_body.complete
2026-02-23 21:08:03,919 - httpcore.http11 - DEBUG - receive_response_headers.started request=<Request [b'GET']>
2026-02-23 21:08:03,921 - httpcore.http11 - DEBUG - receive_response_headers.complete return_value=(b'HTTP/1.1', 200, b'OK', [(b'Content-Type', b'application/json; charset=utf-8'), (b'Content-Length', b'2'), (b'Connection', b'keep-alive'), (b'Date', b'Mon, 23 Feb 2026 12:08:03 GMT'), (b'Server', b'postgrest/14.5'), (b'Content-Range', b'*/*'), (b'Content-Location', b'/notification_history?identifier=eq.20260322_%C3%AB%C2%8D%C2%95%C3%AC%C2%9C%C2%A0%C3%AC%C2%82%C2%B0_%C3%AC%C2%B9%C2%B4%C3%AB%C2%9D%C2%BC%C3%AB%C2%B0%C2%98&select=id&sent_at=gt.2026-02-22T21%3A08%3A03.918781'), (b'Content-Profile', b'public'), (b'Access-Control-Allow-Origin', b'*'), (b'X-Kong-Upstream-Latency', b'1'), (b'X-Kong-Proxy-Latency', b'0'), (b'Via', b'kong/2.8.1')])
2026-02-23 21:08:03,921 - httpx - INFO - HTTP Request: GET http://127.0.0.1:54321/rest/v1/notification_history?select=id&identifier=eq.20260322_%EB%8D%95%EC%9C%A0%EC%82%B0_%EC%B9%B4%EB%9D%BC%EB%B0%98&sent_at=gt.2026-02-22T21%3A08%3A03.918781 "HTTP/1.1 200 OK"
2026-02-23 21:08:03,921 - httpcore.http11 - DEBUG - receive_response_body.started request=<Request [b'GET']>
2026-02-23 21:08:03,921 - httpcore.http11 - DEBUG - receive_response_body.complete
2026-02-23 21:08:03,921 - httpcore.http11 - DEBUG - response_closed.started
2026-02-23 21:08:03,921 - httpcore.http11 - DEBUG - response_closed.complete
2026-02-23 21:08:03,921 - httpcore.http11 - DEBUG - send_request_headers.started request=<Request [b'GET']>
2026-02-23 21:08:03,922 - httpcore.http11 - DEBUG - send_request_headers.complete
2026-02-23 21:08:03,922 - httpcore.http11 - DEBUG - send_request_body.started request=<Request [b'GET']>
2026-02-23 21:08:03,922 - httpcore.http11 - DEBUG - send_request_body.complete
2026-02-23 21:08:03,922 - httpcore.http11 - DEBUG - receive_response_headers.started request=<Request [b'GET']>
2026-02-23 21:08:03,924 - httpcore.http11 - DEBUG - receive_response_headers.complete return_value=(b'HTTP/1.1', 200, b'OK', [(b'Content-Type', b'application/json; charset=utf-8'), (b'Content-Length', b'2'), (b'Connection', b'keep-alive'), (b'Date', b'Mon, 23 Feb 2026 12:08:03 GMT'), (b'Server', b'postgrest/14.5'), (b'Content-Range', b'*/*'), (b'Content-Location', b'/notification_history?identifier=eq.20260322_%C3%AC%C2%9B%C2%94%C3%AC%C2%B6%C2%9C%C3%AC%C2%82%C2%B0_%C3%AC%C2%B9%C2%B4%C3%AB%C2%9D%C2%BC%C3%AB%C2%B0%C2%98&select=id&sent_at=gt.2026-02-22T21%3A08%3A03.921636'), (b'Content-Profile', b'public'), (b'Access-Control-Allow-Origin', b'*'), (b'X-Kong-Upstream-Latency', b'1'), (b'X-Kong-Proxy-Latency', b'0'), (b'Via', b'kong/2.8.1')])
2026-02-23 21:08:03,924 - httpx - INFO - HTTP Request: GET http://127.0.0.1:54321/rest/v1/notification_history?select=id&identifier=eq.20260322_%EC%9B%94%EC%B6%9C%EC%82%B0_%EC%B9%B4%EB%9D%BC%EB%B0%98&sent_at=gt.2026-02-22T21%3A08%3A03.921636 "HTTP/1.1 200 OK"
2026-02-23 21:08:03,924 - httpcore.http11 - DEBUG - receive_response_body.started request=<Request [b'GET']>
2026-02-23 21:08:03,924 - httpcore.http11 - DEBUG - receive_response_body.complete
2026-02-23 21:08:03,924 - httpcore.http11 - DEBUG - response_closed.started
2026-02-23 21:08:03,924 - httpcore.http11 - DEBUG - response_closed.complete
2026-02-23 21:08:03,925 - httpcore.http11 - DEBUG - send_request_headers.started request=<Request [b'GET']>
2026-02-23 21:08:03,925 - httpcore.http11 - DEBUG - send_request_headers.complete
2026-02-23 21:08:03,925 - httpcore.http11 - DEBUG - send_request_body.started request=<Request [b'GET']>
2026-02-23 21:08:03,925 - httpcore.http11 - DEBUG - send_request_body.complete
2026-02-23 21:08:03,925 - httpcore.http11 - DEBUG - receive_response_headers.started request=<Request [b'GET']>
2026-02-23 21:08:03,928 - httpcore.http11 - DEBUG - receive_response_headers.complete return_value=(b'HTTP/1.1', 200, b'OK', [(b'Content-Type', b'application/json; charset=utf-8'), (b'Content-Length', b'2'), (b'Connection', b'keep-alive'), (b'Date', b'Mon, 23 Feb 2026 12:08:03 GMT'), (b'Server', b'postgrest/14.5'), (b'Content-Range', b'*/*'), (b'Content-Location', b'/notification_history?identifier=eq.20260322_%C3%AC%C2%B9%C2%98%C3%AC%C2%95%C2%85%C3%AC%C2%82%C2%B0_%C3%AC%C2%B9%C2%B4%C3%AB%C2%9D%C2%BC%C3%AB%C2%B0%C2%98&select=id&sent_at=gt.2026-02-22T21%3A08%3A03.924716'), (b'Content-Profile', b'public'), (b'Access-Control-Allow-Origin', b'*'), (b'X-Kong-Upstream-Latency', b'2'), (b'X-Kong-Proxy-Latency', b'0'), (b'Via', b'kong/2.8.1')])
2026-02-23 21:08:03,928 - httpx - INFO - HTTP Request: GET http://127.0.0.1:54321/rest/v1/notification_history?select=id&identifier=eq.20260322_%EC%B9%98%EC%95%85%EC%82%B0_%EC%B9%B4%EB%9D%BC%EB%B0%98&sent_at=gt.2026-02-22T21%3A08%3A03.924716 "HTTP/1.1 200 OK"
2026-02-23 21:08:03,928 - httpcore.http11 - DEBUG - receive_response_body.started request=<Request [b'GET']>
2026-02-23 21:08:03,928 - httpcore.http11 - DEBUG - receive_response_body.complete
2026-02-23 21:08:03,928 - httpcore.http11 - DEBUG - response_closed.started
2026-02-23 21:08:03,928 - httpcore.http11 - DEBUG - response_closed.complete
2026-02-23 21:08:03,928 - httpcore.http11 - DEBUG - send_request_headers.started request=<Request [b'GET']>
2026-02-23 21:08:03,929 - httpcore.http11 - DEBUG - send_request_headers.complete
2026-02-23 21:08:03,929 - httpcore.http11 - DEBUG - send_request_body.started request=<Request [b'GET']>
2026-02-23 21:08:03,929 - httpcore.http11 - DEBUG - send_request_body.complete
2026-02-23 21:08:03,929 - httpcore.http11 - DEBUG - receive_response_headers.started request=<Request [b'GET']>
2026-02-23 21:08:03,932 - httpcore.http11 - DEBUG - receive_response_headers.complete return_value=(b'HTTP/1.1', 200, b'OK', [(b'Content-Type', b'application/json; charset=utf-8'), (b'Content-Length', b'2'), (b'Connection', b'keep-alive'), (b'Date', b'Mon, 23 Feb 2026 12:08:03 GMT'), (b'Server', b'postgrest/14.5'), (b'Content-Range', b'*/*'), (b'Content-Location', b'/notification_history?identifier=eq.20260322_%C3%AD%C2%83%C2%9C%C3%AC%C2%95%C2%88%C3%AD%C2%95%C2%B4%C3%AC%C2%95%C2%88_%C3%AC%C2%B9%C2%B4%C3%AB%C2%9D%C2%BC%C3%AB%C2%B0%C2%98&select=id&sent_at=gt.2026-02-22T21%3A08%3A03.928571'), (b'Content-Profile', b'public'), (b'Access-Control-Allow-Origin', b'*'), (b'X-Kong-Upstream-Latency', b'1'), (b'X-Kong-Proxy-Latency', b'0'), (b'Via', b'kong/2.8.1')])
2026-02-23 21:08:03,932 - httpx - INFO - HTTP Request: GET http://127.0.0.1:54321/rest/v1/notification_history?select=id&identifier=eq.20260322_%ED%83%9C%EC%95%88%ED%95%B4%EC%95%88_%EC%B9%B4%EB%9D%BC%EB%B0%98&sent_at=gt.2026-02-22T21%3A08%3A03.928571 "HTTP/1.1 200 OK"
2026-02-23 21:08:03,932 - httpcore.http11 - DEBUG - receive_response_body.started request=<Request [b'GET']>
2026-02-23 21:08:03,932 - httpcore.http11 - DEBUG - receive_response_body.complete
2026-02-23 21:08:03,932 - httpcore.http11 - DEBUG - response_closed.started
2026-02-23 21:08:03,932 - httpcore.http11 - DEBUG - response_closed.complete
2026-02-23 21:08:03,933 - httpcore.http11 - DEBUG - send_request_headers.started request=<Request [b'GET']>
2026-02-23 21:08:03,933 - httpcore.http11 - DEBUG - send_request_headers.complete
2026-02-23 21:08:03,933 - httpcore.http11 - DEBUG - send_request_body.started request=<Request [b'GET']>
2026-02-23 21:08:03,933 - httpcore.http11 - DEBUG - send_request_body.complete
2026-02-23 21:08:03,933 - httpcore.http11 - DEBUG - receive_response_headers.started request=<Request [b'GET']>
2026-02-23 21:08:03,935 - httpcore.http11 - DEBUG - receive_response_headers.complete return_value=(b'HTTP/1.1', 200, b'OK', [(b'Content-Type', b'application/json; charset=utf-8'), (b'Content-Length', b'2'), (b'Connection', b'keep-alive'), (b'Date', b'Mon, 23 Feb 2026 12:08:03 GMT'), (b'Server', b'postgrest/14.5'), (b'Content-Range', b'*/*'), (b'Content-Location', b'/notification_history?identifier=eq.20260323_%C3%AA%C2%B0%C2%80%C3%AC%C2%95%C2%BC%C3%AC%C2%82%C2%B0_%C3%AC%C2%B9%C2%B4%C3%AB%C2%9D%C2%BC%C3%AB%C2%B0%C2%98&select=id&sent_at=gt.2026-02-22T21%3A08%3A03.932747'), (b'Content-Profile', b'public'), (b'Access-Control-Allow-Origin', b'*'), (b'X-Kong-Upstream-Latency', b'1'), (b'X-Kong-Proxy-Latency', b'0'), (b'Via', b'kong/2.8.1')])
2026-02-23 21:08:03,935 - httpx - INFO - HTTP Request: GET http://127.0.0.1:54321/rest/v1/notification_history?select=id&identifier=eq.20260323_%EA%B0%80%EC%95%BC%EC%82%B0_%EC%B9%B4%EB%9D%BC%EB%B0%98&sent_at=gt.2026-02-22T21%3A08%3A03.932747 "HTTP/1.1 200 OK"
2026-02-23 21:08:03,935 - httpcore.http11 - DEBUG - receive_response_body.started request=<Request [b'GET']>
2026-02-23 21:08:03,935 - httpcore.http11 - DEBUG - receive_response_body.complete
2026-02-23 21:08:03,935 - httpcore.http11 - DEBUG - response_closed.started
2026-02-23 21:08:03,935 - httpcore.http11 - DEBUG - response_closed.complete
2026-02-23 21:08:03,936 - httpcore.http11 - DEBUG - send_request_headers.started request=<Request [b'GET']>
2026-02-23 21:08:03,936 - httpcore.http11 - DEBUG - send_request_headers.complete
2026-02-23 21:08:03,936 - httpcore.http11 - DEBUG - send_request_body.started request=<Request [b'GET']>
2026-02-23 21:08:03,936 - httpcore.http11 - DEBUG - send_request_body.complete
2026-02-23 21:08:03,936 - httpcore.http11 - DEBUG - receive_response_headers.started request=<Request [b'GET']>
2026-02-23 21:08:03,938 - httpcore.http11 - DEBUG - receive_response_headers.complete return_value=(b'HTTP/1.1', 200, b'OK', [(b'Content-Type', b'application/json; charset=utf-8'), (b'Content-Length', b'2'), (b'Connection', b'keep-alive'), (b'Date', b'Mon, 23 Feb 2026 12:08:03 GMT'), (b'Server', b'postgrest/14.5'), (b'Content-Range', b'*/*'), (b'Content-Location', b'/notification_history?identifier=eq.20260323_%C3%AB%C2%8D%C2%95%C3%AC%C2%9C%C2%A0%C3%AC%C2%82%C2%B0_%C3%AC%C2%B9%C2%B4%C3%AB%C2%9D%C2%BC%C3%AB%C2%B0%C2%98&select=id&sent_at=gt.2026-02-22T21%3A08%3A03.935691'), (b'Content-Profile', b'public'), (b'Access-Control-Allow-Origin', b'*'), (b'X-Kong-Upstream-Latency', b'1'), (b'X-Kong-Proxy-Latency', b'0'), (b'Via', b'kong/2.8.1')])
2026-02-23 21:08:03,938 - httpx - INFO - HTTP Request: GET http://127.0.0.1:54321/rest/v1/notification_history?select=id&identifier=eq.20260323_%EB%8D%95%EC%9C%A0%EC%82%B0_%EC%B9%B4%EB%9D%BC%EB%B0%98&sent_at=gt.2026-02-22T21%3A08%3A03.935691 "HTTP/1.1 200 OK"
2026-02-23 21:08:03,938 - httpcore.http11 - DEBUG - receive_response_body.started request=<Request [b'GET']>
2026-02-23 21:08:03,938 - httpcore.http11 - DEBUG - receive_response_body.complete
2026-02-23 21:08:03,938 - httpcore.http11 - DEBUG - response_closed.started
2026-02-23 21:08:03,938 - httpcore.http11 - DEBUG - response_closed.complete
2026-02-23 21:08:03,939 - httpcore.http11 - DEBUG - send_request_headers.started request=<Request [b'GET']>
2026-02-23 21:08:03,939 - httpcore.http11 - DEBUG - send_request_headers.complete
2026-02-23 21:08:03,939 - httpcore.http11 - DEBUG - send_request_body.started request=<Request [b'GET']>
2026-02-23 21:08:03,939 - httpcore.http11 - DEBUG - send_request_body.complete
2026-02-23 21:08:03,939 - httpcore.http11 - DEBUG - receive_response_headers.started request=<Request [b'GET']>
2026-02-23 21:08:03,941 - httpcore.http11 - DEBUG - receive_response_headers.complete return_value=(b'HTTP/1.1', 200, b'OK', [(b'Content-Type', b'application/json; charset=utf-8'), (b'Content-Length', b'2'), (b'Connection', b'keep-alive'), (b'Date', b'Mon, 23 Feb 2026 12:08:03 GMT'), (b'Server', b'postgrest/14.5'), (b'Content-Range', b'*/*'), (b'Content-Location', b'/notification_history?identifier=eq.20260323_%C3%AC%C2%9B%C2%94%C3%AC%C2%B6%C2%9C%C3%AC%C2%82%C2%B0_%C3%AC%C2%B9%C2%B4%C3%AB%C2%9D%C2%BC%C3%AB%C2%B0%C2%98&select=id&sent_at=gt.2026-02-22T21%3A08%3A03.938837'), (b'Content-Profile', b'public'), (b'Access-Control-Allow-Origin', b'*'), (b'X-Kong-Upstream-Latency', b'1'), (b'X-Kong-Proxy-Latency', b'0'), (b'Via', b'kong/2.8.1')])
2026-02-23 21:08:03,941 - httpx - INFO - HTTP Request: GET http://127.0.0.1:54321/rest/v1/notification_history?select=id&identifier=eq.20260323_%EC%9B%94%EC%B6%9C%EC%82%B0_%EC%B9%B4%EB%9D%BC%EB%B0%98&sent_at=gt.2026-02-22T21%3A08%3A03.938837 "HTTP/1.1 200 OK"
2026-02-23 21:08:03,941 - httpcore.http11 - DEBUG - receive_response_body.started request=<Request [b'GET']>
2026-02-23 21:08:03,942 - httpcore.http11 - DEBUG - receive_response_body.complete
2026-02-23 21:08:03,942 - httpcore.http11 - DEBUG - response_closed.started
2026-02-23 21:08:03,942 - httpcore.http11 - DEBUG - response_closed.complete
2026-02-23 21:08:03,942 - httpcore.http11 - DEBUG - send_request_headers.started request=<Request [b'GET']>
2026-02-23 21:08:03,942 - httpcore.http11 - DEBUG - send_request_headers.complete
2026-02-23 21:08:03,942 - httpcore.http11 - DEBUG - send_request_body.started request=<Request [b'GET']>
2026-02-23 21:08:03,942 - httpcore.http11 - DEBUG - send_request_body.complete
2026-02-23 21:08:03,942 - httpcore.http11 - DEBUG - receive_response_headers.started request=<Request [b'GET']>
2026-02-23 21:08:03,945 - httpcore.http11 - DEBUG - receive_response_headers.complete return_value=(b'HTTP/1.1', 200, b'OK', [(b'Content-Type', b'application/json; charset=utf-8'), (b'Content-Length', b'2'), (b'Connection', b'keep-alive'), (b'Date', b'Mon, 23 Feb 2026 12:08:03 GMT'), (b'Server', b'postgrest/14.5'), (b'Content-Range', b'*/*'), (b'Content-Location', b'/notification_history?identifier=eq.20260323_%C3%AC%C2%B9%C2%98%C3%AC%C2%95%C2%85%C3%AC%C2%82%C2%B0_%C3%AC%C2%B9%C2%B4%C3%AB%C2%9D%C2%BC%C3%AB%C2%B0%C2%98&select=id&sent_at=gt.2026-02-22T21%3A08%3A03.942180'), (b'Content-Profile', b'public'), (b'Access-Control-Allow-Origin', b'*'), (b'X-Kong-Upstream-Latency', b'1'), (b'X-Kong-Proxy-Latency', b'0'), (b'Via', b'kong/2.8.1')])
2026-02-23 21:08:03,945 - httpx - INFO - HTTP Request: GET http://127.0.0.1:54321/rest/v1/notification_history?select=id&identifier=eq.20260323_%EC%B9%98%EC%95%85%EC%82%B0_%EC%B9%B4%EB%9D%BC%EB%B0%98&sent_at=gt.2026-02-22T21%3A08%3A03.942180 "HTTP/1.1 200 OK"
2026-02-23 21:08:03,945 - httpcore.http11 - DEBUG - receive_response_body.started request=<Request [b'GET']>
2026-02-23 21:08:03,945 - httpcore.http11 - DEBUG - receive_response_body.complete
2026-02-23 21:08:03,945 - httpcore.http11 - DEBUG - response_closed.started
2026-02-23 21:08:03,945 - httpcore.http11 - DEBUG - response_closed.complete
2026-02-23 21:08:03,946 - httpcore.http11 - DEBUG - send_request_headers.started request=<Request [b'GET']>
2026-02-23 21:08:03,946 - httpcore.http11 - DEBUG - send_request_headers.complete
2026-02-23 21:08:03,946 - httpcore.http11 - DEBUG - send_request_body.started request=<Request [b'GET']>
2026-02-23 21:08:03,946 - httpcore.http11 - DEBUG - send_request_body.complete
2026-02-23 21:08:03,946 - httpcore.http11 - DEBUG - receive_response_headers.started request=<Request [b'GET']>
2026-02-23 21:08:03,948 - httpcore.http11 - DEBUG - receive_response_headers.complete return_value=(b'HTTP/1.1', 200, b'OK', [(b'Content-Type', b'application/json; charset=utf-8'), (b'Content-Length', b'2'), (b'Connection', b'keep-alive'), (b'Date', b'Mon, 23 Feb 2026 12:08:03 GMT'), (b'Server', b'postgrest/14.5'), (b'Content-Range', b'*/*'), (b'Content-Location', b'/notification_history?identifier=eq.20260323_%C3%AD%C2%83%C2%9C%C3%AC%C2%95%C2%88%C3%AD%C2%95%C2%B4%C3%AC%C2%95%C2%88_%C3%AC%C2%B9%C2%B4%C3%AB%C2%9D%C2%BC%C3%AB%C2%B0%C2%98&select=id&sent_at=gt.2026-02-22T21%3A08%3A03.945757'), (b'Content-Profile', b'public'), (b'Access-Control-Allow-Origin', b'*'), (b'X-Kong-Upstream-Latency', b'1'), (b'X-Kong-Proxy-Latency', b'0'), (b'Via', b'kong/2.8.1')])
2026-02-23 21:08:03,948 - httpx - INFO - HTTP Request: GET http://127.0.0.1:54321/rest/v1/notification_history?select=id&identifier=eq.20260323_%ED%83%9C%EC%95%88%ED%95%B4%EC%95%88_%EC%B9%B4%EB%9D%BC%EB%B0%98&sent_at=gt.2026-02-22T21%3A08%3A03.945757 "HTTP/1.1 200 OK"
2026-02-23 21:08:03,948 - httpcore.http11 - DEBUG - receive_response_body.started request=<Request [b'GET']>
2026-02-23 21:08:03,948 - httpcore.http11 - DEBUG - receive_response_body.complete
2026-02-23 21:08:03,948 - httpcore.http11 - DEBUG - response_closed.started
2026-02-23 21:08:03,948 - httpcore.http11 - DEBUG - response_closed.complete
2026-02-23 21:08:03,949 - httpcore.http11 - DEBUG - send_request_headers.started request=<Request [b'GET']>
2026-02-23 21:08:03,949 - httpcore.http11 - DEBUG - send_request_headers.complete
2026-02-23 21:08:03,949 - httpcore.http11 - DEBUG - send_request_body.started request=<Request [b'GET']>
2026-02-23 21:08:03,949 - httpcore.http11 - DEBUG - send_request_body.complete
2026-02-23 21:08:03,949 - httpcore.http11 - DEBUG - receive_response_headers.started request=<Request [b'GET']>
2026-02-23 21:08:03,951 - httpcore.http11 - DEBUG - receive_response_headers.complete return_value=(b'HTTP/1.1', 200, b'OK', [(b'Content-Type', b'application/json; charset=utf-8'), (b'Content-Length', b'2'), (b'Connection', b'keep-alive'), (b'Date', b'Mon, 23 Feb 2026 12:08:03 GMT'), (b'Server', b'postgrest/14.5'), (b'Content-Range', b'*/*'), (b'Content-Location', b'/notification_history?identifier=eq.20260324_%C3%AA%C2%B0%C2%80%C3%AC%C2%95%C2%BC%C3%AC%C2%82%C2%B0_%C3%AC%C2%B9%C2%B4%C3%AB%C2%9D%C2%BC%C3%AB%C2%B0%C2%98&select=id&sent_at=gt.2026-02-22T21%3A08%3A03.948823'), (b'Content-Profile', b'public'), (b'Access-Control-Allow-Origin', b'*'), (b'X-Kong-Upstream-Latency', b'1'), (b'X-Kong-Proxy-Latency', b'0'), (b'Via', b'kong/2.8.1')])
2026-02-23 21:08:03,951 - httpx - INFO - HTTP Request: GET http://127.0.0.1:54321/rest/v1/notification_history?select=id&identifier=eq.20260324_%EA%B0%80%EC%95%BC%EC%82%B0_%EC%B9%B4%EB%9D%BC%EB%B0%98&sent_at=gt.2026-02-22T21%3A08%3A03.948823 "HTTP/1.1 200 OK"
2026-02-23 21:08:03,952 - httpcore.http11 - DEBUG - receive_response_body.started request=<Request [b'GET']>
2026-02-23 21:08:03,952 - httpcore.http11 - DEBUG - receive_response_body.complete
2026-02-23 21:08:03,952 - httpcore.http11 - DEBUG - response_closed.started
2026-02-23 21:08:03,952 - httpcore.http11 - DEBUG - response_closed.complete
2026-02-23 21:08:03,952 - httpcore.http11 - DEBUG - send_request_headers.started request=<Request [b'GET']>
2026-02-23 21:08:03,953 - httpcore.http11 - DEBUG - send_request_headers.complete
2026-02-23 21:08:03,953 - httpcore.http11 - DEBUG - send_request_body.started request=<Request [b'GET']>
2026-02-23 21:08:03,953 - httpcore.http11 - DEBUG - send_request_body.complete
2026-02-23 21:08:03,954 - httpcore.http11 - DEBUG - receive_response_headers.started request=<Request [b'GET']>
2026-02-23 21:08:03,955 - httpcore.http11 - DEBUG - receive_response_headers.complete return_value=(b'HTTP/1.1', 200, b'OK', [(b'Content-Type', b'application/json; charset=utf-8'), (b'Content-Length', b'2'), (b'Connection', b'keep-alive'), (b'Date', b'Mon, 23 Feb 2026 12:08:03 GMT'), (b'Server', b'postgrest/14.5'), (b'Content-Range', b'*/*'), (b'Content-Location', b'/notification_history?identifier=eq.20260324_%C3%AB%C2%8D%C2%95%C3%AC%C2%9C%C2%A0%C3%AC%C2%82%C2%B0_%C3%AC%C2%B9%C2%B4%C3%AB%C2%9D%C2%BC%C3%AB%C2%B0%C2%98&select=id&sent_at=gt.2026-02-22T21%3A08%3A03.952341'), (b'Content-Profile', b'public'), (b'Access-Control-Allow-Origin', b'*'), (b'X-Kong-Upstream-Latency', b'1'), (b'X-Kong-Proxy-Latency', b'0'), (b'Via', b'kong/2.8.1')])
2026-02-23 21:08:03,955 - httpx - INFO - HTTP Request: GET http://127.0.0.1:54321/rest/v1/notification_history?select=id&identifier=eq.20260324_%EB%8D%95%EC%9C%A0%EC%82%B0_%EC%B9%B4%EB%9D%BC%EB%B0%98&sent_at=gt.2026-02-22T21%3A08%3A03.952341 "HTTP/1.1 200 OK"
2026-02-23 21:08:03,955 - httpcore.http11 - DEBUG - receive_response_body.started request=<Request [b'GET']>
2026-02-23 21:08:03,955 - httpcore.http11 - DEBUG - receive_response_body.complete
2026-02-23 21:08:03,955 - httpcore.http11 - DEBUG - response_closed.started
2026-02-23 21:08:03,956 - httpcore.http11 - DEBUG - response_closed.complete
2026-02-23 21:08:03,956 - httpcore.http11 - DEBUG - send_request_headers.started request=<Request [b'GET']>
2026-02-23 21:08:03,956 - httpcore.http11 - DEBUG - send_request_headers.complete
2026-02-23 21:08:03,956 - httpcore.http11 - DEBUG - send_request_body.started request=<Request [b'GET']>
2026-02-23 21:08:03,956 - httpcore.http11 - DEBUG - send_request_body.complete
2026-02-23 21:08:03,956 - httpcore.http11 - DEBUG - receive_response_headers.started request=<Request [b'GET']>
2026-02-23 21:08:03,958 - httpcore.http11 - DEBUG - receive_response_headers.complete return_value=(b'HTTP/1.1', 200, b'OK', [(b'Content-Type', b'application/json; charset=utf-8'), (b'Content-Length', b'2'), (b'Connection', b'keep-alive'), (b'Date', b'Mon, 23 Feb 2026 12:08:03 GMT'), (b'Server', b'postgrest/14.5'), (b'Content-Range', b'*/*'), (b'Content-Location', b'/notification_history?identifier=eq.20260324_%C3%AC%C2%9B%C2%94%C3%AC%C2%B6%C2%9C%C3%AC%C2%82%C2%B0_%C3%AC%C2%B9%C2%B4%C3%AB%C2%9D%C2%BC%C3%AB%C2%B0%C2%98&select=id&sent_at=gt.2026-02-22T21%3A08%3A03.956197'), (b'Content-Profile', b'public'), (b'Access-Control-Allow-Origin', b'*'), (b'X-Kong-Upstream-Latency', b'0'), (b'X-Kong-Proxy-Latency', b'1'), (b'Via', b'kong/2.8.1')])
2026-02-23 21:08:03,958 - httpx - INFO - HTTP Request: GET http://127.0.0.1:54321/rest/v1/notification_history?select=id&identifier=eq.20260324_%EC%9B%94%EC%B6%9C%EC%82%B0_%EC%B9%B4%EB%9D%BC%EB%B0%98&sent_at=gt.2026-02-22T21%3A08%3A03.956197 "HTTP/1.1 200 OK"
2026-02-23 21:08:03,958 - httpcore.http11 - DEBUG - receive_response_body.started request=<Request [b'GET']>
2026-02-23 21:08:03,959 - httpcore.http11 - DEBUG - receive_response_body.complete
2026-02-23 21:08:03,959 - httpcore.http11 - DEBUG - response_closed.started
2026-02-23 21:08:03,959 - httpcore.http11 - DEBUG - response_closed.complete
2026-02-23 21:08:03,959 - httpcore.http11 - DEBUG - send_request_headers.started request=<Request [b'GET']>
2026-02-23 21:08:03,959 - httpcore.http11 - DEBUG - send_request_headers.complete
2026-02-23 21:08:03,959 - httpcore.http11 - DEBUG - send_request_body.started request=<Request [b'GET']>
2026-02-23 21:08:03,959 - httpcore.http11 - DEBUG - send_request_body.complete
2026-02-23 21:08:03,959 - httpcore.http11 - DEBUG - receive_response_headers.started request=<Request [b'GET']>
2026-02-23 21:08:03,962 - httpcore.http11 - DEBUG - receive_response_headers.complete return_value=(b'HTTP/1.1', 200, b'OK', [(b'Content-Type', b'application/json; charset=utf-8'), (b'Content-Length', b'2'), (b'Connection', b'keep-alive'), (b'Date', b'Mon, 23 Feb 2026 12:08:03 GMT'), (b'Server', b'postgrest/14.5'), (b'Content-Range', b'*/*'), (b'Content-Location', b'/notification_history?identifier=eq.20260324_%C3%AC%C2%B9%C2%98%C3%AC%C2%95%C2%85%C3%AC%C2%82%C2%B0_%C3%AC%C2%B9%C2%B4%C3%AB%C2%9D%C2%BC%C3%AB%C2%B0%C2%98&select=id&sent_at=gt.2026-02-22T21%3A08%3A03.959257'), (b'Content-Profile', b'public'), (b'Access-Control-Allow-Origin', b'*'), (b'X-Kong-Upstream-Latency', b'1'), (b'X-Kong-Proxy-Latency', b'1'), (b'Via', b'kong/2.8.1')])
2026-02-23 21:08:03,962 - httpx - INFO - HTTP Request: GET http://127.0.0.1:54321/rest/v1/notification_history?select=id&identifier=eq.20260324_%EC%B9%98%EC%95%85%EC%82%B0_%EC%B9%B4%EB%9D%BC%EB%B0%98&sent_at=gt.2026-02-22T21%3A08%3A03.959257 "HTTP/1.1 200 OK"
2026-02-23 21:08:03,962 - httpcore.http11 - DEBUG - receive_response_body.started request=<Request [b'GET']>
2026-02-23 21:08:03,962 - httpcore.http11 - DEBUG - receive_response_body.complete
2026-02-23 21:08:03,962 - httpcore.http11 - DEBUG - response_closed.started
2026-02-23 21:08:03,962 - httpcore.http11 - DEBUG - response_closed.complete
2026-02-23 21:08:03,962 - httpcore.http11 - DEBUG - send_request_headers.started request=<Request [b'GET']>
2026-02-23 21:08:03,963 - httpcore.http11 - DEBUG - send_request_headers.complete
2026-02-23 21:08:03,963 - httpcore.http11 - DEBUG - send_request_body.started request=<Request [b'GET']>
2026-02-23 21:08:03,963 - httpcore.http11 - DEBUG - send_request_body.complete
2026-02-23 21:08:03,963 - httpcore.http11 - DEBUG - receive_response_headers.started request=<Request [b'GET']>
2026-02-23 21:08:03,965 - httpcore.http11 - DEBUG - receive_response_headers.complete return_value=(b'HTTP/1.1', 200, b'OK', [(b'Content-Type', b'application/json; charset=utf-8'), (b'Content-Length', b'2'), (b'Connection', b'keep-alive'), (b'Date', b'Mon, 23 Feb 2026 12:08:03 GMT'), (b'Server', b'postgrest/14.5'), (b'Content-Range', b'*/*'), (b'Content-Location', b'/notification_history?identifier=eq.20260324_%C3%AD%C2%83%C2%9C%C3%AC%C2%95%C2%88%C3%AD%C2%95%C2%B4%C3%AC%C2%95%C2%88_%C3%AC%C2%B9%C2%B4%C3%AB%C2%9D%C2%BC%C3%AB%C2%B0%C2%98&select=id&sent_at=gt.2026-02-22T21%3A08%3A03.962550'), (b'Content-Profile', b'public'), (b'Access-Control-Allow-Origin', b'*'), (b'X-Kong-Upstream-Latency', b'1'), (b'X-Kong-Proxy-Latency', b'0'), (b'Via', b'kong/2.8.1')])
2026-02-23 21:08:03,965 - httpx - INFO - HTTP Request: GET http://127.0.0.1:54321/rest/v1/notification_history?select=id&identifier=eq.20260324_%ED%83%9C%EC%95%88%ED%95%B4%EC%95%88_%EC%B9%B4%EB%9D%BC%EB%B0%98&sent_at=gt.2026-02-22T21%3A08%3A03.962550 "HTTP/1.1 200 OK"
2026-02-23 21:08:03,966 - httpcore.http11 - DEBUG - receive_response_body.started request=<Request [b'GET']>
2026-02-23 21:08:03,966 - httpcore.http11 - DEBUG - receive_response_body.complete
2026-02-23 21:08:03,966 - httpcore.http11 - DEBUG - response_closed.started
2026-02-23 21:08:03,966 - httpcore.http11 - DEBUG - response_closed.complete
2026-02-23 21:08:03,966 - httpcore.http11 - DEBUG - send_request_headers.started request=<Request [b'GET']>
2026-02-23 21:08:03,966 - httpcore.http11 - DEBUG - send_request_headers.complete
2026-02-23 21:08:03,967 - httpcore.http11 - DEBUG - send_request_body.started request=<Request [b'GET']>
2026-02-23 21:08:03,967 - httpcore.http11 - DEBUG - send_request_body.complete
2026-02-23 21:08:03,967 - httpcore.http11 - DEBUG - receive_response_headers.started request=<Request [b'GET']>
2026-02-23 21:08:03,968 - httpcore.http11 - DEBUG - receive_response_headers.complete return_value=(b'HTTP/1.1', 200, b'OK', [(b'Content-Type', b'application/json; charset=utf-8'), (b'Content-Length', b'2'), (b'Connection', b'keep-alive'), (b'Date', b'Mon, 23 Feb 2026 12:08:03 GMT'), (b'Server', b'postgrest/14.5'), (b'Content-Range', b'*/*'), (b'Content-Location', b'/notification_history?identifier=eq.20260326_%C3%AA%C2%B0%C2%80%C3%AC%C2%95%C2%BC%C3%AC%C2%82%C2%B0_%C3%AC%C2%B9%C2%B4%C3%AB%C2%9D%C2%BC%C3%AB%C2%B0%C2%98&select=id&sent_at=gt.2026-02-22T21%3A08%3A03.966337'), (b'Content-Profile', b'public'), (b'Access-Control-Allow-Origin', b'*'), (b'X-Kong-Upstream-Latency', b'1'), (b'X-Kong-Proxy-Latency', b'0'), (b'Via', b'kong/2.8.1')])
2026-02-23 21:08:03,969 - httpx - INFO - HTTP Request: GET http://127.0.0.1:54321/rest/v1/notification_history?select=id&identifier=eq.20260326_%EA%B0%80%EC%95%BC%EC%82%B0_%EC%B9%B4%EB%9D%BC%EB%B0%98&sent_at=gt.2026-02-22T21%3A08%3A03.966337 "HTTP/1.1 200 OK"
2026-02-23 21:08:03,969 - httpcore.http11 - DEBUG - receive_response_body.started request=<Request [b'GET']>
2026-02-23 21:08:03,969 - httpcore.http11 - DEBUG - receive_response_body.complete
2026-02-23 21:08:03,969 - httpcore.http11 - DEBUG - response_closed.started
2026-02-23 21:08:03,969 - httpcore.http11 - DEBUG - response_closed.complete
2026-02-23 21:08:03,969 - httpcore.http11 - DEBUG - send_request_headers.started request=<Request [b'GET']>
2026-02-23 21:08:03,969 - httpcore.http11 - DEBUG - send_request_headers.complete
2026-02-23 21:08:03,969 - httpcore.http11 - DEBUG - send_request_body.started request=<Request [b'GET']>
2026-02-23 21:08:03,970 - httpcore.http11 - DEBUG - send_request_body.complete
2026-02-23 21:08:03,970 - httpcore.http11 - DEBUG - receive_response_headers.started request=<Request [b'GET']>
2026-02-23 21:08:03,972 - httpcore.http11 - DEBUG - receive_response_headers.complete return_value=(b'HTTP/1.1', 200, b'OK', [(b'Content-Type', b'application/json; charset=utf-8'), (b'Content-Length', b'2'), (b'Connection', b'keep-alive'), (b'Date', b'Mon, 23 Feb 2026 12:08:03 GMT'), (b'Server', b'postgrest/14.5'), (b'Content-Range', b'*/*'), (b'Content-Location', b'/notification_history?identifier=eq.20260326_%C3%AB%C2%8D%C2%95%C3%AC%C2%9C%C2%A0%C3%AC%C2%82%C2%B0_%C3%AC%C2%B9%C2%B4%C3%AB%C2%9D%C2%BC%C3%AB%C2%B0%C2%98&select=id&sent_at=gt.2026-02-22T21%3A08%3A03.969477'), (b'Content-Profile', b'public'), (b'Access-Control-Allow-Origin', b'*'), (b'X-Kong-Upstream-Latency', b'2'), (b'X-Kong-Proxy-Latency', b'0'), (b'Via', b'kong/2.8.1')])
2026-02-23 21:08:03,972 - httpx - INFO - HTTP Request: GET http://127.0.0.1:54321/rest/v1/notification_history?select=id&identifier=eq.20260326_%EB%8D%95%EC%9C%A0%EC%82%B0_%EC%B9%B4%EB%9D%BC%EB%B0%98&sent_at=gt.2026-02-22T21%3A08%3A03.969477 "HTTP/1.1 200 OK"
2026-02-23 21:08:03,972 - httpcore.http11 - DEBUG - receive_response_body.started request=<Request [b'GET']>
2026-02-23 21:08:03,973 - httpcore.http11 - DEBUG - receive_response_body.complete
2026-02-23 21:08:03,973 - httpcore.http11 - DEBUG - response_closed.started
2026-02-23 21:08:03,973 - httpcore.http11 - DEBUG - response_closed.complete
2026-02-23 21:08:03,973 - httpcore.http11 - DEBUG - send_request_headers.started request=<Request [b'GET']>
2026-02-23 21:08:03,973 - httpcore.http11 - DEBUG - send_request_headers.complete
2026-02-23 21:08:03,973 - httpcore.http11 - DEBUG - send_request_body.started request=<Request [b'GET']>
2026-02-23 21:08:03,973 - httpcore.http11 - DEBUG - send_request_body.complete
2026-02-23 21:08:03,973 - httpcore.http11 - DEBUG - receive_response_headers.started request=<Request [b'GET']>
2026-02-23 21:08:03,975 - httpcore.http11 - DEBUG - receive_response_headers.complete return_value=(b'HTTP/1.1', 200, b'OK', [(b'Content-Type', b'application/json; charset=utf-8'), (b'Content-Length', b'2'), (b'Connection', b'keep-alive'), (b'Date', b'Mon, 23 Feb 2026 12:08:03 GMT'), (b'Server', b'postgrest/14.5'), (b'Content-Range', b'*/*'), (b'Content-Location', b'/notification_history?identifier=eq.20260326_%C3%AC%C2%9B%C2%94%C3%AC%C2%B6%C2%9C%C3%AC%C2%82%C2%B0_%C3%AC%C2%B9%C2%B4%C3%AB%C2%9D%C2%BC%C3%AB%C2%B0%C2%98&select=id&sent_at=gt.2026-02-22T21%3A08%3A03.973142'), (b'Content-Profile', b'public'), (b'Access-Control-Allow-Origin', b'*'), (b'X-Kong-Upstream-Latency', b'0'), (b'X-Kong-Proxy-Latency', b'1'), (b'Via', b'kong/2.8.1')])
2026-02-23 21:08:03,975 - httpx - INFO - HTTP Request: GET http://127.0.0.1:54321/rest/v1/notification_history?select=id&identifier=eq.20260326_%EC%9B%94%EC%B6%9C%EC%82%B0_%EC%B9%B4%EB%9D%BC%EB%B0%98&sent_at=gt.2026-02-22T21%3A08%3A03.973142 "HTTP/1.1 200 OK"
2026-02-23 21:08:03,975 - httpcore.http11 - DEBUG - receive_response_body.started request=<Request [b'GET']>
2026-02-23 21:08:03,975 - httpcore.http11 - DEBUG - receive_response_body.complete
2026-02-23 21:08:03,975 - httpcore.http11 - DEBUG - response_closed.started
2026-02-23 21:08:03,975 - httpcore.http11 - DEBUG - response_closed.complete
2026-02-23 21:08:03,976 - httpcore.http11 - DEBUG - send_request_headers.started request=<Request [b'GET']>
2026-02-23 21:08:03,976 - httpcore.http11 - DEBUG - send_request_headers.complete
2026-02-23 21:08:03,976 - httpcore.http11 - DEBUG - send_request_body.started request=<Request [b'GET']>
2026-02-23 21:08:03,976 - httpcore.http11 - DEBUG - send_request_body.complete
2026-02-23 21:08:03,976 - httpcore.http11 - DEBUG - receive_response_headers.started request=<Request [b'GET']>
2026-02-23 21:08:03,978 - httpcore.http11 - DEBUG - receive_response_headers.complete return_value=(b'HTTP/1.1', 200, b'OK', [(b'Content-Type', b'application/json; charset=utf-8'), (b'Content-Length', b'2'), (b'Connection', b'keep-alive'), (b'Date', b'Mon, 23 Feb 2026 12:08:03 GMT'), (b'Server', b'postgrest/14.5'), (b'Content-Range', b'*/*'), (b'Content-Location', b'/notification_history?identifier=eq.20260326_%C3%AC%C2%B9%C2%98%C3%AC%C2%95%C2%85%C3%AC%C2%82%C2%B0_%C3%AC%C2%B9%C2%B4%C3%AB%C2%9D%C2%BC%C3%AB%C2%B0%C2%98&select=id&sent_at=gt.2026-02-22T21%3A08%3A03.975959'), (b'Content-Profile', b'public'), (b'Access-Control-Allow-Origin', b'*'), (b'X-Kong-Upstream-Latency', b'1'), (b'X-Kong-Proxy-Latency', b'0'), (b'Via', b'kong/2.8.1')])
2026-02-23 21:08:03,978 - httpx - INFO - HTTP Request: GET http://127.0.0.1:54321/rest/v1/notification_history?select=id&identifier=eq.20260326_%EC%B9%98%EC%95%85%EC%82%B0_%EC%B9%B4%EB%9D%BC%EB%B0%98&sent_at=gt.2026-02-22T21%3A08%3A03.975959 "HTTP/1.1 200 OK"
2026-02-23 21:08:03,978 - httpcore.http11 - DEBUG - receive_response_body.started request=<Request [b'GET']>
2026-02-23 21:08:03,978 - httpcore.http11 - DEBUG - receive_response_body.complete
2026-02-23 21:08:03,978 - httpcore.http11 - DEBUG - response_closed.started
2026-02-23 21:08:03,978 - httpcore.http11 - DEBUG - response_closed.complete
2026-02-23 21:08:03,978 - httpcore.http11 - DEBUG - send_request_headers.started request=<Request [b'GET']>
2026-02-23 21:08:03,979 - httpcore.http11 - DEBUG - send_request_headers.complete
2026-02-23 21:08:03,979 - httpcore.http11 - DEBUG - send_request_body.started request=<Request [b'GET']>
2026-02-23 21:08:03,979 - httpcore.http11 - DEBUG - send_request_body.complete
2026-02-23 21:08:03,979 - httpcore.http11 - DEBUG - receive_response_headers.started request=<Request [b'GET']>
2026-02-23 21:08:03,981 - httpcore.http11 - DEBUG - receive_response_headers.complete return_value=(b'HTTP/1.1', 200, b'OK', [(b'Content-Type', b'application/json; charset=utf-8'), (b'Content-Length', b'2'), (b'Connection', b'keep-alive'), (b'Date', b'Mon, 23 Feb 2026 12:08:03 GMT'), (b'Server', b'postgrest/14.5'), (b'Content-Range', b'*/*'), (b'Content-Location', b'/notification_history?identifier=eq.20260326_%C3%AD%C2%83%C2%9C%C3%AC%C2%95%C2%88%C3%AD%C2%95%C2%B4%C3%AC%C2%95%C2%88_%C3%AC%C2%B9%C2%B4%C3%AB%C2%9D%C2%BC%C3%AB%C2%B0%C2%98&select=id&sent_at=gt.2026-02-22T21%3A08%3A03.978656'), (b'Content-Profile', b'public'), (b'Access-Control-Allow-Origin', b'*'), (b'X-Kong-Upstream-Latency', b'1'), (b'X-Kong-Proxy-Latency', b'0'), (b'Via', b'kong/2.8.1')])
2026-02-23 21:08:03,981 - httpx - INFO - HTTP Request: GET http://127.0.0.1:54321/rest/v1/notification_history?select=id&identifier=eq.20260326_%ED%83%9C%EC%95%88%ED%95%B4%EC%95%88_%EC%B9%B4%EB%9D%BC%EB%B0%98&sent_at=gt.2026-02-22T21%3A08%3A03.978656 "HTTP/1.1 200 OK"
2026-02-23 21:08:03,981 - httpcore.http11 - DEBUG - receive_response_body.started request=<Request [b'GET']>
2026-02-23 21:08:03,981 - httpcore.http11 - DEBUG - receive_response_body.complete
2026-02-23 21:08:03,981 - httpcore.http11 - DEBUG - response_closed.started
2026-02-23 21:08:03,981 - httpcore.http11 - DEBUG - response_closed.complete
2026-02-23 21:08:03,982 - httpcore.http11 - DEBUG - send_request_headers.started request=<Request [b'GET']>
2026-02-23 21:08:03,982 - httpcore.http11 - DEBUG - send_request_headers.complete
2026-02-23 21:08:03,982 - httpcore.http11 - DEBUG - send_request_body.started request=<Request [b'GET']>
2026-02-23 21:08:03,982 - httpcore.http11 - DEBUG - send_request_body.complete
2026-02-23 21:08:03,982 - httpcore.http11 - DEBUG - receive_response_headers.started request=<Request [b'GET']>
2026-02-23 21:08:03,984 - httpcore.http11 - DEBUG - receive_response_headers.complete return_value=(b'HTTP/1.1', 200, b'OK', [(b'Content-Type', b'application/json; charset=utf-8'), (b'Content-Length', b'2'), (b'Connection', b'keep-alive'), (b'Date', b'Mon, 23 Feb 2026 12:08:03 GMT'), (b'Server', b'postgrest/14.5'), (b'Content-Range', b'*/*'), (b'Content-Location', b'/notification_history?identifier=eq.20260327_%C3%AA%C2%B0%C2%80%C3%AC%C2%95%C2%BC%C3%AC%C2%82%C2%B0_%C3%AC%C2%B9%C2%B4%C3%AB%C2%9D%C2%BC%C3%AB%C2%B0%C2%98&select=id&sent_at=gt.2026-02-22T21%3A08%3A03.981786'), (b'Content-Profile', b'public'), (b'Access-Control-Allow-Origin', b'*'), (b'X-Kong-Upstream-Latency', b'1'), (b'X-Kong-Proxy-Latency', b'0'), (b'Via', b'kong/2.8.1')])
2026-02-23 21:08:03,984 - httpx - INFO - HTTP Request: GET http://127.0.0.1:54321/rest/v1/notification_history?select=id&identifier=eq.20260327_%EA%B0%80%EC%95%BC%EC%82%B0_%EC%B9%B4%EB%9D%BC%EB%B0%98&sent_at=gt.2026-02-22T21%3A08%3A03.981786 "HTTP/1.1 200 OK"
2026-02-23 21:08:03,984 - httpcore.http11 - DEBUG - receive_response_body.started request=<Request [b'GET']>
2026-02-23 21:08:03,984 - httpcore.http11 - DEBUG - receive_response_body.complete
2026-02-23 21:08:03,984 - httpcore.http11 - DEBUG - response_closed.started
2026-02-23 21:08:03,984 - httpcore.http11 - DEBUG - response_closed.complete
2026-02-23 21:08:03,985 - httpcore.http11 - DEBUG - send_request_headers.started request=<Request [b'GET']>
2026-02-23 21:08:03,985 - httpcore.http11 - DEBUG - send_request_headers.complete
2026-02-23 21:08:03,985 - httpcore.http11 - DEBUG - send_request_body.started request=<Request [b'GET']>
2026-02-23 21:08:03,985 - httpcore.http11 - DEBUG - send_request_body.complete
2026-02-23 21:08:03,985 - httpcore.http11 - DEBUG - receive_response_headers.started request=<Request [b'GET']>
2026-02-23 21:08:03,987 - httpcore.http11 - DEBUG - receive_response_headers.complete return_value=(b'HTTP/1.1', 200, b'OK', [(b'Content-Type', b'application/json; charset=utf-8'), (b'Content-Length', b'2'), (b'Connection', b'keep-alive'), (b'Date', b'Mon, 23 Feb 2026 12:08:03 GMT'), (b'Server', b'postgrest/14.5'), (b'Content-Range', b'*/*'), (b'Content-Location', b'/notification_history?identifier=eq.20260327_%C3%AB%C2%8D%C2%95%C3%AC%C2%9C%C2%A0%C3%AC%C2%82%C2%B0_%C3%AC%C2%B9%C2%B4%C3%AB%C2%9D%C2%BC%C3%AB%C2%B0%C2%98&select=id&sent_at=gt.2026-02-22T21%3A08%3A03.985064'), (b'Content-Profile', b'public'), (b'Access-Control-Allow-Origin', b'*'), (b'X-Kong-Upstream-Latency', b'1'), (b'X-Kong-Proxy-Latency', b'0'), (b'Via', b'kong/2.8.1')])
2026-02-23 21:08:03,987 - httpx - INFO - HTTP Request: GET http://127.0.0.1:54321/rest/v1/notification_history?select=id&identifier=eq.20260327_%EB%8D%95%EC%9C%A0%EC%82%B0_%EC%B9%B4%EB%9D%BC%EB%B0%98&sent_at=gt.2026-02-22T21%3A08%3A03.985064 "HTTP/1.1 200 OK"
2026-02-23 21:08:03,987 - httpcore.http11 - DEBUG - receive_response_body.started request=<Request [b'GET']>
2026-02-23 21:08:03,987 - httpcore.http11 - DEBUG - receive_response_body.complete
2026-02-23 21:08:03,987 - httpcore.http11 - DEBUG - response_closed.started
2026-02-23 21:08:03,987 - httpcore.http11 - DEBUG - response_closed.complete
2026-02-23 21:08:03,988 - httpcore.http11 - DEBUG - send_request_headers.started request=<Request [b'GET']>
2026-02-23 21:08:03,988 - httpcore.http11 - DEBUG - send_request_headers.complete
2026-02-23 21:08:03,988 - httpcore.http11 - DEBUG - send_request_body.started request=<Request [b'GET']>
2026-02-23 21:08:03,988 - httpcore.http11 - DEBUG - send_request_body.complete
2026-02-23 21:08:03,988 - httpcore.http11 - DEBUG - receive_response_headers.started request=<Request [b'GET']>
2026-02-23 21:08:03,990 - httpcore.http11 - DEBUG - receive_response_headers.complete return_value=(b'HTTP/1.1', 200, b'OK', [(b'Content-Type', b'application/json; charset=utf-8'), (b'Content-Length', b'2'), (b'Connection', b'keep-alive'), (b'Date', b'Mon, 23 Feb 2026 12:08:03 GMT'), (b'Server', b'postgrest/14.5'), (b'Content-Range', b'*/*'), (b'Content-Location', b'/notification_history?identifier=eq.20260327_%C3%AC%C2%B9%C2%98%C3%AC%C2%95%C2%85%C3%AC%C2%82%C2%B0_%C3%AC%C2%B9%C2%B4%C3%AB%C2%9D%C2%BC%C3%AB%C2%B0%C2%98&select=id&sent_at=gt.2026-02-22T21%3A08%3A03.987945'), (b'Content-Profile', b'public'), (b'Access-Control-Allow-Origin', b'*'), (b'X-Kong-Upstream-Latency', b'2'), (b'X-Kong-Proxy-Latency', b'0'), (b'Via', b'kong/2.8.1')])
2026-02-23 21:08:03,991 - httpx - INFO - HTTP Request: GET http://127.0.0.1:54321/rest/v1/notification_history?select=id&identifier=eq.20260327_%EC%B9%98%EC%95%85%EC%82%B0_%EC%B9%B4%EB%9D%BC%EB%B0%98&sent_at=gt.2026-02-22T21%3A08%3A03.987945 "HTTP/1.1 200 OK"
2026-02-23 21:08:03,991 - httpcore.http11 - DEBUG - receive_response_body.started request=<Request [b'GET']>
2026-02-23 21:08:03,991 - httpcore.http11 - DEBUG - receive_response_body.complete
2026-02-23 21:08:03,991 - httpcore.http11 - DEBUG - response_closed.started
2026-02-23 21:08:03,991 - httpcore.http11 - DEBUG - response_closed.complete
2026-02-23 21:08:03,991 - httpcore.http11 - DEBUG - send_request_headers.started request=<Request [b'GET']>
2026-02-23 21:08:03,991 - httpcore.http11 - DEBUG - send_request_headers.complete
2026-02-23 21:08:03,992 - httpcore.http11 - DEBUG - send_request_body.started request=<Request [b'GET']>
2026-02-23 21:08:03,992 - httpcore.http11 - DEBUG - send_request_body.complete
2026-02-23 21:08:03,992 - httpcore.http11 - DEBUG - receive_response_headers.started request=<Request [b'GET']>
2026-02-23 21:08:03,993 - httpcore.http11 - DEBUG - receive_response_headers.complete return_value=(b'HTTP/1.1', 200, b'OK', [(b'Content-Type', b'application/json; charset=utf-8'), (b'Content-Length', b'2'), (b'Connection', b'keep-alive'), (b'Date', b'Mon, 23 Feb 2026 12:08:03 GMT'), (b'Server', b'postgrest/14.5'), (b'Content-Range', b'*/*'), (b'Content-Location', b'/notification_history?identifier=eq.20260329_%C3%AB%C2%8D%C2%95%C3%AC%C2%9C%C2%A0%C3%AC%C2%82%C2%B0_%C3%AC%C2%B9%C2%B4%C3%AB%C2%9D%C2%BC%C3%AB%C2%B0%C2%98&select=id&sent_at=gt.2026-02-22T21%3A08%3A03.991476'), (b'Content-Profile', b'public'), (b'Access-Control-Allow-Origin', b'*'), (b'X-Kong-Upstream-Latency', b'1'), (b'X-Kong-Proxy-Latency', b'0'), (b'Via', b'kong/2.8.1')])
2026-02-23 21:08:03,994 - httpx - INFO - HTTP Request: GET http://127.0.0.1:54321/rest/v1/notification_history?select=id&identifier=eq.20260329_%EB%8D%95%EC%9C%A0%EC%82%B0_%EC%B9%B4%EB%9D%BC%EB%B0%98&sent_at=gt.2026-02-22T21%3A08%3A03.991476 "HTTP/1.1 200 OK"
2026-02-23 21:08:03,994 - httpcore.http11 - DEBUG - receive_response_body.started request=<Request [b'GET']>
2026-02-23 21:08:03,994 - httpcore.http11 - DEBUG - receive_response_body.complete
2026-02-23 21:08:03,994 - httpcore.http11 - DEBUG - response_closed.started
2026-02-23 21:08:03,994 - httpcore.http11 - DEBUG - response_closed.complete
2026-02-23 21:08:03,994 - httpcore.http11 - DEBUG - send_request_headers.started request=<Request [b'GET']>
2026-02-23 21:08:03,994 - httpcore.http11 - DEBUG - send_request_headers.complete
2026-02-23 21:08:03,995 - httpcore.http11 - DEBUG - send_request_body.started request=<Request [b'GET']>
2026-02-23 21:08:03,995 - httpcore.http11 - DEBUG - send_request_body.complete
2026-02-23 21:08:03,995 - httpcore.http11 - DEBUG - receive_response_headers.started request=<Request [b'GET']>
2026-02-23 21:08:03,997 - httpcore.http11 - DEBUG - receive_response_headers.complete return_value=(b'HTTP/1.1', 200, b'OK', [(b'Content-Type', b'application/json; charset=utf-8'), (b'Content-Length', b'2'), (b'Connection', b'keep-alive'), (b'Date', b'Mon, 23 Feb 2026 12:08:03 GMT'), (b'Server', b'postgrest/14.5'), (b'Content-Range', b'*/*'), (b'Content-Location', b'/notification_history?identifier=eq.20260329_%C3%AC%C2%9B%C2%94%C3%AC%C2%B6%C2%9C%C3%AC%C2%82%C2%B0_%C3%AC%C2%B9%C2%B4%C3%AB%C2%9D%C2%BC%C3%AB%C2%B0%C2%98&select=id&sent_at=gt.2026-02-22T21%3A08%3A03.994477'), (b'Content-Profile', b'public'), (b'Access-Control-Allow-Origin', b'*'), (b'X-Kong-Upstream-Latency', b'1'), (b'X-Kong-Proxy-Latency', b'0'), (b'Via', b'kong/2.8.1')])
2026-02-23 21:08:03,997 - httpx - INFO - HTTP Request: GET http://127.0.0.1:54321/rest/v1/notification_history?select=id&identifier=eq.20260329_%EC%9B%94%EC%B6%9C%EC%82%B0_%EC%B9%B4%EB%9D%BC%EB%B0%98&sent_at=gt.2026-02-22T21%3A08%3A03.994477 "HTTP/1.1 200 OK"
2026-02-23 21:08:03,997 - httpcore.http11 - DEBUG - receive_response_body.started request=<Request [b'GET']>
2026-02-23 21:08:03,997 - httpcore.http11 - DEBUG - receive_response_body.complete
2026-02-23 21:08:03,997 - httpcore.http11 - DEBUG - response_closed.started
2026-02-23 21:08:03,997 - httpcore.http11 - DEBUG - response_closed.complete
2026-02-23 21:08:03,997 - httpcore.http11 - DEBUG - send_request_headers.started request=<Request [b'GET']>
2026-02-23 21:08:03,997 - httpcore.http11 - DEBUG - send_request_headers.complete
2026-02-23 21:08:03,998 - httpcore.http11 - DEBUG - send_request_body.started request=<Request [b'GET']>
2026-02-23 21:08:03,998 - httpcore.http11 - DEBUG - send_request_body.complete
2026-02-23 21:08:03,998 - httpcore.http11 - DEBUG - receive_response_headers.started request=<Request [b'GET']>
2026-02-23 21:08:04,000 - httpcore.http11 - DEBUG - receive_response_headers.complete return_value=(b'HTTP/1.1', 200, b'OK', [(b'Content-Type', b'application/json; charset=utf-8'), (b'Content-Length', b'2'), (b'Connection', b'keep-alive'), (b'Date', b'Mon, 23 Feb 2026 12:08:03 GMT'), (b'Server', b'postgrest/14.5'), (b'Content-Range', b'*/*'), (b'Content-Location', b'/notification_history?identifier=eq.20260329_%C3%AC%C2%B9%C2%98%C3%AC%C2%95%C2%85%C3%AC%C2%82%C2%B0_%C3%AC%C2%B9%C2%B4%C3%AB%C2%9D%C2%BC%C3%AB%C2%B0%C2%98&select=id&sent_at=gt.2026-02-22T21%3A08%3A03.997586'), (b'Content-Profile', b'public'), (b'Access-Control-Allow-Origin', b'*'), (b'X-Kong-Upstream-Latency', b'2'), (b'X-Kong-Proxy-Latency', b'0'), (b'Via', b'kong/2.8.1')])
2026-02-23 21:08:04,001 - httpx - INFO - HTTP Request: GET http://127.0.0.1:54321/rest/v1/notification_history?select=id&identifier=eq.20260329_%EC%B9%98%EC%95%85%EC%82%B0_%EC%B9%B4%EB%9D%BC%EB%B0%98&sent_at=gt.2026-02-22T21%3A08%3A03.997586 "HTTP/1.1 200 OK"
2026-02-23 21:08:04,001 - httpcore.http11 - DEBUG - receive_response_body.started request=<Request [b'GET']>
2026-02-23 21:08:04,001 - httpcore.http11 - DEBUG - receive_response_body.complete
2026-02-23 21:08:04,001 - httpcore.http11 - DEBUG - response_closed.started
2026-02-23 21:08:04,001 - httpcore.http11 - DEBUG - response_closed.complete
2026-02-23 21:08:04,001 - httpcore.http11 - DEBUG - send_request_headers.started request=<Request [b'GET']>
2026-02-23 21:08:04,001 - httpcore.http11 - DEBUG - send_request_headers.complete
2026-02-23 21:08:04,002 - httpcore.http11 - DEBUG - send_request_body.started request=<Request [b'GET']>
2026-02-23 21:08:04,002 - httpcore.http11 - DEBUG - send_request_body.complete
2026-02-23 21:08:04,002 - httpcore.http11 - DEBUG - receive_response_headers.started request=<Request [b'GET']>
2026-02-23 21:08:04,003 - httpcore.http11 - DEBUG - receive_response_headers.complete return_value=(b'HTTP/1.1', 200, b'OK', [(b'Content-Type', b'application/json; charset=utf-8'), (b'Content-Length', b'2'), (b'Connection', b'keep-alive'), (b'Date', b'Mon, 23 Feb 2026 12:08:03 GMT'), (b'Server', b'postgrest/14.5'), (b'Content-Range', b'*/*'), (b'Content-Location', b'/notification_history?identifier=eq.20260329_%C3%AD%C2%83%C2%9C%C3%AC%C2%95%C2%88%C3%AD%C2%95%C2%B4%C3%AC%C2%95%C2%88_%C3%AC%C2%B9%C2%B4%C3%AB%C2%9D%C2%BC%C3%AB%C2%B0%C2%98&select=id&sent_at=gt.2026-02-22T21%3A08%3A04.001471'), (b'Content-Profile', b'public'), (b'Access-Control-Allow-Origin', b'*'), (b'X-Kong-Upstream-Latency', b'1'), (b'X-Kong-Proxy-Latency', b'0'), (b'Via', b'kong/2.8.1')])
2026-02-23 21:08:04,004 - httpx - INFO - HTTP Request: GET http://127.0.0.1:54321/rest/v1/notification_history?select=id&identifier=eq.20260329_%ED%83%9C%EC%95%88%ED%95%B4%EC%95%88_%EC%B9%B4%EB%9D%BC%EB%B0%98&sent_at=gt.2026-02-22T21%3A08%3A04.001471 "HTTP/1.1 200 OK"
2026-02-23 21:08:04,004 - httpcore.http11 - DEBUG - receive_response_body.started request=<Request [b'GET']>
2026-02-23 21:08:04,004 - httpcore.http11 - DEBUG - receive_response_body.complete
2026-02-23 21:08:04,004 - httpcore.http11 - DEBUG - response_closed.started
2026-02-23 21:08:04,004 - httpcore.http11 - DEBUG - response_closed.complete
2026-02-23 21:08:04,004 - httpcore.http11 - DEBUG - send_request_headers.started request=<Request [b'GET']>
2026-02-23 21:08:04,005 - httpcore.http11 - DEBUG - send_request_headers.complete
2026-02-23 21:08:04,005 - httpcore.http11 - DEBUG - send_request_body.started request=<Request [b'GET']>
2026-02-23 21:08:04,005 - httpcore.http11 - DEBUG - send_request_body.complete
2026-02-23 21:08:04,005 - httpcore.http11 - DEBUG - receive_response_headers.started request=<Request [b'GET']>
2026-02-23 21:08:04,007 - httpcore.http11 - DEBUG - receive_response_headers.complete return_value=(b'HTTP/1.1', 200, b'OK', [(b'Content-Type', b'application/json; charset=utf-8'), (b'Content-Length', b'2'), (b'Connection', b'keep-alive'), (b'Date', b'Mon, 23 Feb 2026 12:08:03 GMT'), (b'Server', b'postgrest/14.5'), (b'Content-Range', b'*/*'), (b'Content-Location', b'/notification_history?identifier=eq.20260330_%C3%AA%C2%B0%C2%80%C3%AC%C2%95%C2%BC%C3%AC%C2%82%C2%B0_%C3%AC%C2%B9%C2%B4%C3%AB%C2%9D%C2%BC%C3%AB%C2%B0%C2%98&select=id&sent_at=gt.2026-02-22T21%3A08%3A04.004535'), (b'Content-Profile', b'public'), (b'Access-Control-Allow-Origin', b'*'), (b'X-Kong-Upstream-Latency', b'1'), (b'X-Kong-Proxy-Latency', b'0'), (b'Via', b'kong/2.8.1')])
2026-02-23 21:08:04,007 - httpx - INFO - HTTP Request: GET http://127.0.0.1:54321/rest/v1/notification_history?select=id&identifier=eq.20260330_%EA%B0%80%EC%95%BC%EC%82%B0_%EC%B9%B4%EB%9D%BC%EB%B0%98&sent_at=gt.2026-02-22T21%3A08%3A04.004535 "HTTP/1.1 200 OK"
2026-02-23 21:08:04,007 - httpcore.http11 - DEBUG - receive_response_body.started request=<Request [b'GET']>
2026-02-23 21:08:04,007 - httpcore.http11 - DEBUG - receive_response_body.complete
2026-02-23 21:08:04,007 - httpcore.http11 - DEBUG - response_closed.started
2026-02-23 21:08:04,007 - httpcore.http11 - DEBUG - response_closed.complete
2026-02-23 21:08:04,007 - httpcore.http11 - DEBUG - send_request_headers.started request=<Request [b'GET']>
2026-02-23 21:08:04,008 - httpcore.http11 - DEBUG - send_request_headers.complete
2026-02-23 21:08:04,008 - httpcore.http11 - DEBUG - send_request_body.started request=<Request [b'GET']>
2026-02-23 21:08:04,008 - httpcore.http11 - DEBUG - send_request_body.complete
2026-02-23 21:08:04,008 - httpcore.http11 - DEBUG - receive_response_headers.started request=<Request [b'GET']>
2026-02-23 21:08:04,009 - httpcore.http11 - DEBUG - receive_response_headers.complete return_value=(b'HTTP/1.1', 200, b'OK', [(b'Content-Type', b'application/json; charset=utf-8'), (b'Content-Length', b'2'), (b'Connection', b'keep-alive'), (b'Date', b'Mon, 23 Feb 2026 12:08:03 GMT'), (b'Server', b'postgrest/14.5'), (b'Content-Range', b'*/*'), (b'Content-Location', b'/notification_history?identifier=eq.20260330_%C3%AB%C2%8D%C2%95%C3%AC%C2%9C%C2%A0%C3%AC%C2%82%C2%B0_%C3%AC%C2%B9%C2%B4%C3%AB%C2%9D%C2%BC%C3%AB%C2%B0%C2%98&select=id&sent_at=gt.2026-02-22T21%3A08%3A04.007667'), (b'Content-Profile', b'public'), (b'Access-Control-Allow-Origin', b'*'), (b'X-Kong-Upstream-Latency', b'1'), (b'X-Kong-Proxy-Latency', b'0'), (b'Via', b'kong/2.8.1')])
2026-02-23 21:08:04,010 - httpx - INFO - HTTP Request: GET http://127.0.0.1:54321/rest/v1/notification_history?select=id&identifier=eq.20260330_%EB%8D%95%EC%9C%A0%EC%82%B0_%EC%B9%B4%EB%9D%BC%EB%B0%98&sent_at=gt.2026-02-22T21%3A08%3A04.007667 "HTTP/1.1 200 OK"
2026-02-23 21:08:04,010 - httpcore.http11 - DEBUG - receive_response_body.started request=<Request [b'GET']>
2026-02-23 21:08:04,010 - httpcore.http11 - DEBUG - receive_response_body.complete
2026-02-23 21:08:04,010 - httpcore.http11 - DEBUG - response_closed.started
2026-02-23 21:08:04,010 - httpcore.http11 - DEBUG - response_closed.complete
2026-02-23 21:08:04,010 - httpcore.http11 - DEBUG - send_request_headers.started request=<Request [b'GET']>
2026-02-23 21:08:04,010 - httpcore.http11 - DEBUG - send_request_headers.complete
2026-02-23 21:08:04,010 - httpcore.http11 - DEBUG - send_request_body.started request=<Request [b'GET']>
2026-02-23 21:08:04,010 - httpcore.http11 - DEBUG - send_request_body.complete
2026-02-23 21:08:04,010 - httpcore.http11 - DEBUG - receive_response_headers.started request=<Request [b'GET']>
2026-02-23 21:08:04,013 - httpcore.http11 - DEBUG - receive_response_headers.complete return_value=(b'HTTP/1.1', 200, b'OK', [(b'Content-Type', b'application/json; charset=utf-8'), (b'Content-Length', b'2'), (b'Connection', b'keep-alive'), (b'Date', b'Mon, 23 Feb 2026 12:08:03 GMT'), (b'Server', b'postgrest/14.5'), (b'Content-Range', b'*/*'), (b'Content-Location', b'/notification_history?identifier=eq.20260330_%C3%AC%C2%9B%C2%94%C3%AC%C2%B6%C2%9C%C3%AC%C2%82%C2%B0_%C3%AC%C2%B9%C2%B4%C3%AB%C2%9D%C2%BC%C3%AB%C2%B0%C2%98&select=id&sent_at=gt.2026-02-22T21%3A08%3A04.010342'), (b'Content-Profile', b'public'), (b'Access-Control-Allow-Origin', b'*'), (b'X-Kong-Upstream-Latency', b'1'), (b'X-Kong-Proxy-Latency', b'0'), (b'Via', b'kong/2.8.1')])
2026-02-23 21:08:04,013 - httpx - INFO - HTTP Request: GET http://127.0.0.1:54321/rest/v1/notification_history?select=id&identifier=eq.20260330_%EC%9B%94%EC%B6%9C%EC%82%B0_%EC%B9%B4%EB%9D%BC%EB%B0%98&sent_at=gt.2026-02-22T21%3A08%3A04.010342 "HTTP/1.1 200 OK"
2026-02-23 21:08:04,013 - httpcore.http11 - DEBUG - receive_response_body.started request=<Request [b'GET']>
2026-02-23 21:08:04,014 - httpcore.http11 - DEBUG - receive_response_body.complete
2026-02-23 21:08:04,014 - httpcore.http11 - DEBUG - response_closed.started
2026-02-23 21:08:04,014 - httpcore.http11 - DEBUG - response_closed.complete
2026-02-23 21:08:04,014 - httpcore.http11 - DEBUG - send_request_headers.started request=<Request [b'GET']>
2026-02-23 21:08:04,014 - httpcore.http11 - DEBUG - send_request_headers.complete
2026-02-23 21:08:04,014 - httpcore.http11 - DEBUG - send_request_body.started request=<Request [b'GET']>
2026-02-23 21:08:04,014 - httpcore.http11 - DEBUG - send_request_body.complete
2026-02-23 21:08:04,015 - httpcore.http11 - DEBUG - receive_response_headers.started request=<Request [b'GET']>
2026-02-23 21:08:04,017 - httpcore.http11 - DEBUG - receive_response_headers.complete return_value=(b'HTTP/1.1', 200, b'OK', [(b'Content-Type', b'application/json; charset=utf-8'), (b'Content-Length', b'2'), (b'Connection', b'keep-alive'), (b'Date', b'Mon, 23 Feb 2026 12:08:03 GMT'), (b'Server', b'postgrest/14.5'), (b'Content-Range', b'*/*'), (b'Content-Location', b'/notification_history?identifier=eq.20260330_%C3%AC%C2%B9%C2%98%C3%AC%C2%95%C2%85%C3%AC%C2%82%C2%B0_%C3%AC%C2%B9%C2%B4%C3%AB%C2%9D%C2%BC%C3%AB%C2%B0%C2%98&select=id&sent_at=gt.2026-02-22T21%3A08%3A04.014191'), (b'Content-Profile', b'public'), (b'Access-Control-Allow-Origin', b'*'), (b'X-Kong-Upstream-Latency', b'1'), (b'X-Kong-Proxy-Latency', b'0'), (b'Via', b'kong/2.8.1')])
2026-02-23 21:08:04,017 - httpx - INFO - HTTP Request: GET http://127.0.0.1:54321/rest/v1/notification_history?select=id&identifier=eq.20260330_%EC%B9%98%EC%95%85%EC%82%B0_%EC%B9%B4%EB%9D%BC%EB%B0%98&sent_at=gt.2026-02-22T21%3A08%3A04.014191 "HTTP/1.1 200 OK"
2026-02-23 21:08:04,017 - httpcore.http11 - DEBUG - receive_response_body.started request=<Request [b'GET']>
2026-02-23 21:08:04,017 - httpcore.http11 - DEBUG - receive_response_body.complete
2026-02-23 21:08:04,017 - httpcore.http11 - DEBUG - response_closed.started
2026-02-23 21:08:04,017 - httpcore.http11 - DEBUG - response_closed.complete
2026-02-23 21:08:04,018 - httpcore.http11 - DEBUG - send_request_headers.started request=<Request [b'GET']>
2026-02-23 21:08:04,018 - httpcore.http11 - DEBUG - send_request_headers.complete
2026-02-23 21:08:04,018 - httpcore.http11 - DEBUG - send_request_body.started request=<Request [b'GET']>
2026-02-23 21:08:04,018 - httpcore.http11 - DEBUG - send_request_body.complete
2026-02-23 21:08:04,018 - httpcore.http11 - DEBUG - receive_response_headers.started request=<Request [b'GET']>
2026-02-23 21:08:04,021 - httpcore.http11 - DEBUG - receive_response_headers.complete return_value=(b'HTTP/1.1', 200, b'OK', [(b'Content-Type', b'application/json; charset=utf-8'), (b'Content-Length', b'2'), (b'Connection', b'keep-alive'), (b'Date', b'Mon, 23 Feb 2026 12:08:03 GMT'), (b'Server', b'postgrest/14.5'), (b'Content-Range', b'*/*'), (b'Content-Location', b'/notification_history?identifier=eq.20260330_%C3%AD%C2%83%C2%9C%C3%AC%C2%95%C2%88%C3%AD%C2%95%C2%B4%C3%AC%C2%95%C2%88_%C3%AC%C2%B9%C2%B4%C3%AB%C2%9D%C2%BC%C3%AB%C2%B0%C2%98&select=id&sent_at=gt.2026-02-22T21%3A08%3A04.017969'), (b'Content-Profile', b'public'), (b'Access-Control-Allow-Origin', b'*'), (b'X-Kong-Upstream-Latency', b'1'), (b'X-Kong-Proxy-Latency', b'0'), (b'Via', b'kong/2.8.1')])
2026-02-23 21:08:04,021 - httpx - INFO - HTTP Request: GET http://127.0.0.1:54321/rest/v1/notification_history?select=id&identifier=eq.20260330_%ED%83%9C%EC%95%88%ED%95%B4%EC%95%88_%EC%B9%B4%EB%9D%BC%EB%B0%98&sent_at=gt.2026-02-22T21%3A08%3A04.017969 "HTTP/1.1 200 OK"
2026-02-23 21:08:04,021 - httpcore.http11 - DEBUG - receive_response_body.started request=<Request [b'GET']>
2026-02-23 21:08:04,021 - httpcore.http11 - DEBUG - receive_response_body.complete
2026-02-23 21:08:04,021 - httpcore.http11 - DEBUG - response_closed.started
2026-02-23 21:08:04,021 - httpcore.http11 - DEBUG - response_closed.complete
2026-02-23 21:08:04,022 - httpcore.http11 - DEBUG - send_request_headers.started request=<Request [b'GET']>
2026-02-23 21:08:04,022 - httpcore.http11 - DEBUG - send_request_headers.complete
2026-02-23 21:08:04,022 - httpcore.http11 - DEBUG - send_request_body.started request=<Request [b'GET']>
2026-02-23 21:08:04,022 - httpcore.http11 - DEBUG - send_request_body.complete
2026-02-23 21:08:04,022 - httpcore.http11 - DEBUG - receive_response_headers.started request=<Request [b'GET']>
2026-02-23 21:08:04,024 - httpcore.http11 - DEBUG - receive_response_headers.complete return_value=(b'HTTP/1.1', 200, b'OK', [(b'Content-Type', b'application/json; charset=utf-8'), (b'Content-Length', b'2'), (b'Connection', b'keep-alive'), (b'Date', b'Mon, 23 Feb 2026 12:08:03 GMT'), (b'Server', b'postgrest/14.5'), (b'Content-Range', b'*/*'), (b'Content-Location', b'/notification_history?identifier=eq.20260331_%C3%AA%C2%B0%C2%80%C3%AC%C2%95%C2%BC%C3%AC%C2%82%C2%B0_%C3%AC%C2%B9%C2%B4%C3%AB%C2%9D%C2%BC%C3%AB%C2%B0%C2%98&select=id&sent_at=gt.2026-02-22T21%3A08%3A04.021692'), (b'Content-Profile', b'public'), (b'Access-Control-Allow-Origin', b'*'), (b'X-Kong-Upstream-Latency', b'1'), (b'X-Kong-Proxy-Latency', b'0'), (b'Via', b'kong/2.8.1')])
2026-02-23 21:08:04,024 - httpx - INFO - HTTP Request: GET http://127.0.0.1:54321/rest/v1/notification_history?select=id&identifier=eq.20260331_%EA%B0%80%EC%95%BC%EC%82%B0_%EC%B9%B4%EB%9D%BC%EB%B0%98&sent_at=gt.2026-02-22T21%3A08%3A04.021692 "HTTP/1.1 200 OK"
2026-02-23 21:08:04,024 - httpcore.http11 - DEBUG - receive_response_body.started request=<Request [b'GET']>
2026-02-23 21:08:04,024 - httpcore.http11 - DEBUG - receive_response_body.complete
2026-02-23 21:08:04,024 - httpcore.http11 - DEBUG - response_closed.started
2026-02-23 21:08:04,024 - httpcore.http11 - DEBUG - response_closed.complete
2026-02-23 21:08:04,025 - httpcore.http11 - DEBUG - send_request_headers.started request=<Request [b'GET']>
2026-02-23 21:08:04,025 - httpcore.http11 - DEBUG - send_request_headers.complete
2026-02-23 21:08:04,025 - httpcore.http11 - DEBUG - send_request_body.started request=<Request [b'GET']>
2026-02-23 21:08:04,025 - httpcore.http11 - DEBUG - send_request_body.complete
2026-02-23 21:08:04,025 - httpcore.http11 - DEBUG - receive_response_headers.started request=<Request [b'GET']>
2026-02-23 21:08:04,027 - httpcore.http11 - DEBUG - receive_response_headers.complete return_value=(b'HTTP/1.1', 200, b'OK', [(b'Content-Type', b'application/json; charset=utf-8'), (b'Content-Length', b'2'), (b'Connection', b'keep-alive'), (b'Date', b'Mon, 23 Feb 2026 12:08:03 GMT'), (b'Server', b'postgrest/14.5'), (b'Content-Range', b'*/*'), (b'Content-Location', b'/notification_history?identifier=eq.20260331_%C3%AB%C2%8D%C2%95%C3%AC%C2%9C%C2%A0%C3%AC%C2%82%C2%B0_%C3%AC%C2%B9%C2%B4%C3%AB%C2%9D%C2%BC%C3%AB%C2%B0%C2%98&select=id&sent_at=gt.2026-02-22T21%3A08%3A04.024834'), (b'Content-Profile', b'public'), (b'Access-Control-Allow-Origin', b'*'), (b'X-Kong-Upstream-Latency', b'2'), (b'X-Kong-Proxy-Latency', b'0'), (b'Via', b'kong/2.8.1')])
2026-02-23 21:08:04,027 - httpx - INFO - HTTP Request: GET http://127.0.0.1:54321/rest/v1/notification_history?select=id&identifier=eq.20260331_%EB%8D%95%EC%9C%A0%EC%82%B0_%EC%B9%B4%EB%9D%BC%EB%B0%98&sent_at=gt.2026-02-22T21%3A08%3A04.024834 "HTTP/1.1 200 OK"
2026-02-23 21:08:04,027 - httpcore.http11 - DEBUG - receive_response_body.started request=<Request [b'GET']>
2026-02-23 21:08:04,027 - httpcore.http11 - DEBUG - receive_response_body.complete
2026-02-23 21:08:04,028 - httpcore.http11 - DEBUG - response_closed.started
2026-02-23 21:08:04,028 - httpcore.http11 - DEBUG - response_closed.complete
2026-02-23 21:08:04,028 - httpcore.http11 - DEBUG - send_request_headers.started request=<Request [b'GET']>
2026-02-23 21:08:04,028 - httpcore.http11 - DEBUG - send_request_headers.complete
2026-02-23 21:08:04,028 - httpcore.http11 - DEBUG - send_request_body.started request=<Request [b'GET']>
2026-02-23 21:08:04,028 - httpcore.http11 - DEBUG - send_request_body.complete
2026-02-23 21:08:04,028 - httpcore.http11 - DEBUG - receive_response_headers.started request=<Request [b'GET']>
2026-02-23 21:08:04,030 - httpcore.http11 - DEBUG - receive_response_headers.complete return_value=(b'HTTP/1.1', 200, b'OK', [(b'Content-Type', b'application/json; charset=utf-8'), (b'Content-Length', b'2'), (b'Connection', b'keep-alive'), (b'Date', b'Mon, 23 Feb 2026 12:08:03 GMT'), (b'Server', b'postgrest/14.5'), (b'Content-Range', b'*/*'), (b'Content-Location', b'/notification_history?identifier=eq.20260331_%C3%AC%C2%9B%C2%94%C3%AC%C2%B6%C2%9C%C3%AC%C2%82%C2%B0_%C3%AC%C2%B9%C2%B4%C3%AB%C2%9D%C2%BC%C3%AB%C2%B0%C2%98&select=id&sent_at=gt.2026-02-22T21%3A08%3A04.028178'), (b'Content-Profile', b'public'), (b'Access-Control-Allow-Origin', b'*'), (b'X-Kong-Upstream-Latency', b'1'), (b'X-Kong-Proxy-Latency', b'0'), (b'Via', b'kong/2.8.1')])
2026-02-23 21:08:04,030 - httpx - INFO - HTTP Request: GET http://127.0.0.1:54321/rest/v1/notification_history?select=id&identifier=eq.20260331_%EC%9B%94%EC%B6%9C%EC%82%B0_%EC%B9%B4%EB%9D%BC%EB%B0%98&sent_at=gt.2026-02-22T21%3A08%3A04.028178 "HTTP/1.1 200 OK"
2026-02-23 21:08:04,031 - httpcore.http11 - DEBUG - receive_response_body.started request=<Request [b'GET']>
2026-02-23 21:08:04,031 - httpcore.http11 - DEBUG - receive_response_body.complete
2026-02-23 21:08:04,031 - httpcore.http11 - DEBUG - response_closed.started
2026-02-23 21:08:04,031 - httpcore.http11 - DEBUG - response_closed.complete
2026-02-23 21:08:04,031 - httpcore.http11 - DEBUG - send_request_headers.started request=<Request [b'GET']>
2026-02-23 21:08:04,031 - httpcore.http11 - DEBUG - send_request_headers.complete
2026-02-23 21:08:04,031 - httpcore.http11 - DEBUG - send_request_body.started request=<Request [b'GET']>
2026-02-23 21:08:04,032 - httpcore.http11 - DEBUG - send_request_body.complete
2026-02-23 21:08:04,032 - httpcore.http11 - DEBUG - receive_response_headers.started request=<Request [b'GET']>
2026-02-23 21:08:04,034 - httpcore.http11 - DEBUG - receive_response_headers.complete return_value=(b'HTTP/1.1', 200, b'OK', [(b'Content-Type', b'application/json; charset=utf-8'), (b'Content-Length', b'2'), (b'Connection', b'keep-alive'), (b'Date', b'Mon, 23 Feb 2026 12:08:03 GMT'), (b'Server', b'postgrest/14.5'), (b'Content-Range', b'*/*'), (b'Content-Location', b'/notification_history?identifier=eq.20260331_%C3%AC%C2%B9%C2%98%C3%AC%C2%95%C2%85%C3%AC%C2%82%C2%B0_%C3%AC%C2%B9%C2%B4%C3%AB%C2%9D%C2%BC%C3%AB%C2%B0%C2%98&select=id&sent_at=gt.2026-02-22T21%3A08%3A04.031407'), (b'Content-Profile', b'public'), (b'Access-Control-Allow-Origin', b'*'), (b'X-Kong-Upstream-Latency', b'1'), (b'X-Kong-Proxy-Latency', b'0'), (b'Via', b'kong/2.8.1')])
2026-02-23 21:08:04,034 - httpx - INFO - HTTP Request: GET http://127.0.0.1:54321/rest/v1/notification_history?select=id&identifier=eq.20260331_%EC%B9%98%EC%95%85%EC%82%B0_%EC%B9%B4%EB%9D%BC%EB%B0%98&sent_at=gt.2026-02-22T21%3A08%3A04.031407 "HTTP/1.1 200 OK"
2026-02-23 21:08:04,034 - httpcore.http11 - DEBUG - receive_response_body.started request=<Request [b'GET']>
2026-02-23 21:08:04,034 - httpcore.http11 - DEBUG - receive_response_body.complete
2026-02-23 21:08:04,035 - httpcore.http11 - DEBUG - response_closed.started
2026-02-23 21:08:04,035 - httpcore.http11 - DEBUG - response_closed.complete
2026-02-23 21:08:04,035 - httpcore.http11 - DEBUG - send_request_headers.started request=<Request [b'GET']>
2026-02-23 21:08:04,035 - httpcore.http11 - DEBUG - send_request_headers.complete
2026-02-23 21:08:04,035 - httpcore.http11 - DEBUG - send_request_body.started request=<Request [b'GET']>
2026-02-23 21:08:04,035 - httpcore.http11 - DEBUG - send_request_body.complete
2026-02-23 21:08:04,035 - httpcore.http11 - DEBUG - receive_response_headers.started request=<Request [b'GET']>
2026-02-23 21:08:04,037 - httpcore.http11 - DEBUG - receive_response_headers.complete return_value=(b'HTTP/1.1', 200, b'OK', [(b'Content-Type', b'application/json; charset=utf-8'), (b'Content-Length', b'2'), (b'Connection', b'keep-alive'), (b'Date', b'Mon, 23 Feb 2026 12:08:03 GMT'), (b'Server', b'postgrest/14.5'), (b'Content-Range', b'*/*'), (b'Content-Location', b'/notification_history?identifier=eq.20260331_%C3%AD%C2%83%C2%9C%C3%AC%C2%95%C2%88%C3%AD%C2%95%C2%B4%C3%AC%C2%95%C2%88_%C3%AC%C2%B9%C2%B4%C3%AB%C2%9D%C2%BC%C3%AB%C2%B0%C2%98&select=id&sent_at=gt.2026-02-22T21%3A08%3A04.035166'), (b'Content-Profile', b'public'), (b'Access-Control-Allow-Origin', b'*'), (b'X-Kong-Upstream-Latency', b'1'), (b'X-Kong-Proxy-Latency', b'0'), (b'Via', b'kong/2.8.1')])
2026-02-23 21:08:04,038 - httpx - INFO - HTTP Request: GET http://127.0.0.1:54321/rest/v1/notification_history?select=id&identifier=eq.20260331_%ED%83%9C%EC%95%88%ED%95%B4%EC%95%88_%EC%B9%B4%EB%9D%BC%EB%B0%98&sent_at=gt.2026-02-22T21%3A08%3A04.035166 "HTTP/1.1 200 OK"
2026-02-23 21:08:04,038 - httpcore.http11 - DEBUG - receive_response_body.started request=<Request [b'GET']>
2026-02-23 21:08:04,038 - httpcore.http11 - DEBUG - receive_response_body.complete
2026-02-23 21:08:04,038 - httpcore.http11 - DEBUG - response_closed.started
2026-02-23 21:08:04,038 - httpcore.http11 - DEBUG - response_closed.complete
2026-02-23 21:08:04,039 - urllib3.connectionpool - DEBUG - Starting new HTTPS connection (1): api.telegram.org:443
2026-02-23 21:08:04,826 - urllib3.connectionpool - DEBUG - https://api.telegram.org:443 "POST /bottest_token/sendMessage HTTP/1.1" 404 55
2026-02-23 21:08:04,827 - werkzeug - INFO - 127.0.0.1 - - [23/Feb/2026 21:08:04] "[35m[1mPOST /api/check HTTP/1.1[0m" 500 -
2026-02-23 21:09:05,712 - werkzeug - INFO - [31m[1mWARNING: This is a development server. Do not use it in a production deployment. Use a production WSGI server instead.[0m
 * Running on all addresses (0.0.0.0)
 * Running on http://127.0.0.1:5000
 * Running on http://192.168.100.24:5000
2026-02-23 21:09:05,712 - werkzeug - INFO - [33mPress CTRL+C to quit[0m
2026-02-23 21:09:10,203 - httpcore.connection - DEBUG - connect_tcp.started host='127.0.0.1' port=54321 local_address=None timeout=120 socket_options=None
2026-02-23 21:09:10,204 - httpcore.connection - DEBUG - connect_tcp.complete return_value=<httpcore._backends.sync.SyncStream object at 0x000001A1577CEF90>
2026-02-23 21:09:10,204 - httpcore.http11 - DEBUG - send_request_headers.started request=<Request [b'GET']>
2026-02-23 21:09:10,205 - httpcore.http11 - DEBUG - send_request_headers.complete
2026-02-23 21:09:10,205 - httpcore.http11 - DEBUG - send_request_body.started request=<Request [b'GET']>
2026-02-23 21:09:10,205 - httpcore.http11 - DEBUG - send_request_body.complete
2026-02-23 21:09:10,205 - httpcore.http11 - DEBUG - receive_response_headers.started request=<Request [b'GET']>
2026-02-23 21:09:10,220 - httpcore.http11 - DEBUG - receive_response_headers.complete return_value=(b'HTTP/1.1', 200, b'OK', [(b'Content-Type', b'application/json; charset=utf-8'), (b'Content-Length', b'506'), (b'Connection', b'keep-alive'), (b'Date', b'Mon, 23 Feb 2026 12:09:10 GMT'), (b'Server', b'postgrest/14.5'), (b'Content-Range', b'0-0/*'), (b'Content-Location', b'/user_settings?id=eq.1&select=%2A'), (b'Content-Profile', b'public'), (b'Access-Control-Allow-Origin', b'*'), (b'X-Kong-Upstream-Latency', b'12'), (b'X-Kong-Proxy-Latency', b'0'), (b'Via', b'kong/2.8.1')])
2026-02-23 21:09:10,221 - httpx - INFO - HTTP Request: GET http://127.0.0.1:54321/rest/v1/user_settings?select=%2A&id=eq.1 "HTTP/1.1 200 OK"
2026-02-23 21:09:10,221 - httpcore.http11 - DEBUG - receive_response_body.started request=<Request [b'GET']>
2026-02-23 21:09:10,221 - httpcore.http11 - DEBUG - receive_response_body.complete
2026-02-23 21:09:10,221 - httpcore.http11 - DEBUG - response_closed.started
2026-02-23 21:09:10,221 - httpcore.http11 - DEBUG - response_closed.complete
2026-02-23 21:09:10,224 - urllib3.connectionpool - DEBUG - Starting new HTTPS connection (1): reservation.knps.or.kr:443
2026-02-23 21:09:10,479 - urllib3.connectionpool - DEBUG - https://reservation.knps.or.kr:443 "POST /reservation/selectCampRemainSiteList.do HTTP/1.1" 200 None
2026-02-23 21:09:10,491 - urllib3.connectionpool - DEBUG - Starting new HTTPS connection (1): reservation.knps.or.kr:443
2026-02-23 21:09:10,762 - urllib3.connectionpool - DEBUG - https://reservation.knps.or.kr:443 "POST /reservation/selectCampRemainSiteList.do HTTP/1.1" 200 None
2026-02-23 21:09:10,766 - urllib3.connectionpool - DEBUG - Starting new HTTPS connection (1): reservation.knps.or.kr:443
2026-02-23 21:09:11,039 - urllib3.connectionpool - DEBUG - https://reservation.knps.or.kr:443 "POST /reservation/selectCampRemainSiteList.do HTTP/1.1" 200 None
2026-02-23 21:09:11,042 - urllib3.connectionpool - DEBUG - Starting new HTTPS connection (1): reservation.knps.or.kr:443
2026-02-23 21:09:11,316 - urllib3.connectionpool - DEBUG - https://reservation.knps.or.kr:443 "POST /reservation/selectCampRemainSiteList.do HTTP/1.1" 200 None
2026-02-23 21:09:11,319 - urllib3.connectionpool - DEBUG - Starting new HTTPS connection (1): reservation.knps.or.kr:443
2026-02-23 21:09:11,584 - urllib3.connectionpool - DEBUG - https://reservation.knps.or.kr:443 "POST /reservation/selectCampRemainSiteList.do HTTP/1.1" 200 None
2026-02-23 21:09:11,588 - urllib3.connectionpool - DEBUG - Starting new HTTPS connection (1): reservation.knps.or.kr:443
2026-02-23 21:09:11,838 - urllib3.connectionpool - DEBUG - https://reservation.knps.or.kr:443 "POST /reservation/selectCampRemainSiteList.do HTTP/1.1" 200 None
2026-02-23 21:09:11,852 - urllib3.connectionpool - DEBUG - Starting new HTTPS connection (1): reservation.knps.or.kr:443
2026-02-23 21:09:12,139 - urllib3.connectionpool - DEBUG - https://reservation.knps.or.kr:443 "POST /reservation/selectCampRemainSiteList.do HTTP/1.1" 200 None
2026-02-23 21:09:12,142 - urllib3.connectionpool - DEBUG - Starting new HTTPS connection (1): reservation.knps.or.kr:443
2026-02-23 21:09:12,399 - urllib3.connectionpool - DEBUG - https://reservation.knps.or.kr:443 "POST /reservation/selectCampRemainSiteList.do HTTP/1.1" 200 None
2026-02-23 21:09:12,402 - urllib3.connectionpool - DEBUG - Starting new HTTPS connection (1): reservation.knps.or.kr:443
2026-02-23 21:09:12,671 - urllib3.connectionpool - DEBUG - https://reservation.knps.or.kr:443 "POST /reservation/selectCampRemainSiteList.do HTTP/1.1" 200 None
2026-02-23 21:09:12,674 - urllib3.connectionpool - DEBUG - Starting new HTTPS connection (1): reservation.knps.or.kr:443
2026-02-23 21:09:12,955 - urllib3.connectionpool - DEBUG - https://reservation.knps.or.kr:443 "POST /reservation/selectCampRemainSiteList.do HTTP/1.1" 200 None
2026-02-23 21:09:12,969 - urllib3.connectionpool - DEBUG - Starting new HTTPS connection (1): reservation.knps.or.kr:443
2026-02-23 21:09:13,200 - urllib3.connectionpool - DEBUG - https://reservation.knps.or.kr:443 "POST /reservation/selectCampRemainSiteList.do HTTP/1.1" 200 None
2026-02-23 21:09:13,213 - urllib3.connectionpool - DEBUG - Starting new HTTPS connection (1): reservation.knps.or.kr:443
2026-02-23 21:09:13,469 - urllib3.connectionpool - DEBUG - https://reservation.knps.or.kr:443 "POST /reservation/selectCampRemainSiteList.do HTTP/1.1" 200 None
2026-02-23 21:09:13,473 - urllib3.connectionpool - DEBUG - Starting new HTTPS connection (1): reservation.knps.or.kr:443
2026-02-23 21:09:13,740 - urllib3.connectionpool - DEBUG - https://reservation.knps.or.kr:443 "POST /reservation/selectCampRemainSiteList.do HTTP/1.1" 200 None
2026-02-23 21:09:13,743 - urllib3.connectionpool - DEBUG - Starting new HTTPS connection (1): reservation.knps.or.kr:443
2026-02-23 21:09:13,981 - urllib3.connectionpool - DEBUG - https://reservation.knps.or.kr:443 "POST /reservation/selectCampRemainSiteList.do HTTP/1.1" 200 None
2026-02-23 21:09:13,994 - urllib3.connectionpool - DEBUG - Starting new HTTPS connection (1): reservation.knps.or.kr:443
2026-02-23 21:09:14,243 - urllib3.connectionpool - DEBUG - https://reservation.knps.or.kr:443 "POST /reservation/selectCampRemainSiteList.do HTTP/1.1" 200 None
2026-02-23 21:09:14,247 - urllib3.connectionpool - DEBUG - Starting new HTTPS connection (1): reservation.knps.or.kr:443
2026-02-23 21:09:14,515 - urllib3.connectionpool - DEBUG - https://reservation.knps.or.kr:443 "POST /reservation/selectCampRemainSiteList.do HTTP/1.1" 200 None
2026-02-23 21:09:14,529 - urllib3.connectionpool - DEBUG - Starting new HTTPS connection (1): reservation.knps.or.kr:443
2026-02-23 21:09:14,777 - urllib3.connectionpool - DEBUG - https://reservation.knps.or.kr:443 "POST /reservation/selectCampRemainSiteList.do HTTP/1.1" 200 None
2026-02-23 21:09:14,790 - urllib3.connectionpool - DEBUG - Starting new HTTPS connection (1): reservation.knps.or.kr:443
2026-02-23 21:09:15,043 - urllib3.connectionpool - DEBUG - https://reservation.knps.or.kr:443 "POST /reservation/selectCampRemainSiteList.do HTTP/1.1" 200 None
2026-02-23 21:09:15,046 - urllib3.connectionpool - DEBUG - Starting new HTTPS connection (1): reservation.knps.or.kr:443
2026-02-23 21:09:15,294 - urllib3.connectionpool - DEBUG - https://reservation.knps.or.kr:443 "POST /reservation/selectCampRemainSiteList.do HTTP/1.1" 200 None
2026-02-23 21:09:15,299 - urllib3.connectionpool - DEBUG - Starting new HTTPS connection (1): reservation.knps.or.kr:443
2026-02-23 21:09:15,557 - urllib3.connectionpool - DEBUG - https://reservation.knps.or.kr:443 "POST /reservation/selectCampRemainSiteList.do HTTP/1.1" 200 None
2026-02-23 21:09:15,571 - urllib3.connectionpool - DEBUG - Starting new HTTPS connection (1): reservation.knps.or.kr:443
2026-02-23 21:09:15,815 - urllib3.connectionpool - DEBUG - https://reservation.knps.or.kr:443 "POST /reservation/selectCampRemainSiteList.do HTTP/1.1" 200 None
2026-02-23 21:09:15,828 - urllib3.connectionpool - DEBUG - Starting new HTTPS connection (1): reservation.knps.or.kr:443
2026-02-23 21:09:16,068 - urllib3.connectionpool - DEBUG - https://reservation.knps.or.kr:443 "POST /reservation/selectCampRemainSiteList.do HTTP/1.1" 200 None
2026-02-23 21:09:16,071 - urllib3.connectionpool - DEBUG - Starting new HTTPS connection (1): reservation.knps.or.kr:443
2026-02-23 21:09:16,327 - urllib3.connectionpool - DEBUG - https://reservation.knps.or.kr:443 "POST /reservation/selectCampRemainSiteList.do HTTP/1.1" 200 None
2026-02-23 21:09:16,329 - urllib3.connectionpool - DEBUG - Starting new HTTPS connection (1): reservation.knps.or.kr:443
2026-02-23 21:09:16,596 - urllib3.connectionpool - DEBUG - https://reservation.knps.or.kr:443 "POST /reservation/selectCampRemainSiteList.do HTTP/1.1" 200 None
2026-02-23 21:09:16,609 - urllib3.connectionpool - DEBUG - Starting new HTTPS connection (1): reservation.knps.or.kr:443
2026-02-23 21:09:16,879 - urllib3.connectionpool - DEBUG - https://reservation.knps.or.kr:443 "POST /reservation/selectCampRemainSiteList.do HTTP/1.1" 200 None
2026-02-23 21:09:16,881 - urllib3.connectionpool - DEBUG - Starting new HTTPS connection (1): reservation.knps.or.kr:443
2026-02-23 21:09:17,133 - urllib3.connectionpool - DEBUG - https://reservation.knps.or.kr:443 "POST /reservation/selectCampRemainSiteList.do HTTP/1.1" 200 None
2026-02-23 21:09:17,134 - urllib3.connectionpool - DEBUG - Starting new HTTPS connection (1): reservation.knps.or.kr:443
2026-02-23 21:09:17,380 - urllib3.connectionpool - DEBUG - https://reservation.knps.or.kr:443 "POST /reservation/selectCampRemainSiteList.do HTTP/1.1" 200 None
2026-02-23 21:09:17,391 - urllib3.connectionpool - DEBUG - Starting new HTTPS connection (1): reservation.knps.or.kr:443
2026-02-23 21:09:17,644 - urllib3.connectionpool - DEBUG - https://reservation.knps.or.kr:443 "POST /reservation/selectCampRemainSiteList.do HTTP/1.1" 200 None
2026-02-23 21:09:17,655 - urllib3.connectionpool - DEBUG - Starting new HTTPS connection (1): reservation.knps.or.kr:443
2026-02-23 21:09:17,913 - urllib3.connectionpool - DEBUG - https://reservation.knps.or.kr:443 "POST /reservation/selectCampRemainSiteList.do HTTP/1.1" 200 None
2026-02-23 21:09:17,926 - urllib3.connectionpool - DEBUG - Starting new HTTPS connection (1): reservation.knps.or.kr:443
2026-02-23 21:09:18,187 - urllib3.connectionpool - DEBUG - https://reservation.knps.or.kr:443 "POST /reservation/selectCampRemainSiteList.do HTTP/1.1" 200 None
2026-02-23 21:09:18,189 - urllib3.connectionpool - DEBUG - Starting new HTTPS connection (1): reservation.knps.or.kr:443
2026-02-23 21:09:18,431 - urllib3.connectionpool - DEBUG - https://reservation.knps.or.kr:443 "POST /reservation/selectCampRemainSiteList.do HTTP/1.1" 200 None
2026-02-23 21:09:18,433 - urllib3.connectionpool - DEBUG - Starting new HTTPS connection (1): reservation.knps.or.kr:443
2026-02-23 21:09:18,706 - urllib3.connectionpool - DEBUG - https://reservation.knps.or.kr:443 "POST /reservation/selectCampRemainSiteList.do HTTP/1.1" 200 None
2026-02-23 21:09:18,709 - urllib3.connectionpool - DEBUG - Starting new HTTPS connection (1): reservation.knps.or.kr:443
2026-02-23 21:09:18,970 - urllib3.connectionpool - DEBUG - https://reservation.knps.or.kr:443 "POST /reservation/selectCampRemainSiteList.do HTTP/1.1" 200 None
2026-02-23 21:09:18,973 - httpcore.connection - DEBUG - close.started
2026-02-23 21:09:18,974 - httpcore.connection - DEBUG - close.complete
2026-02-23 21:09:18,974 - httpcore.connection - DEBUG - connect_tcp.started host='127.0.0.1' port=54321 local_address=None timeout=120 socket_options=None
2026-02-23 21:09:18,985 - httpcore.connection - DEBUG - connect_tcp.complete return_value=<httpcore._backends.sync.SyncStream object at 0x000001A15780A710>
2026-02-23 21:09:18,985 - httpcore.http11 - DEBUG - send_request_headers.started request=<Request [b'GET']>
2026-02-23 21:09:18,985 - httpcore.http11 - DEBUG - send_request_headers.complete
2026-02-23 21:09:18,985 - httpcore.http11 - DEBUG - send_request_body.started request=<Request [b'GET']>
2026-02-23 21:09:18,986 - httpcore.http11 - DEBUG - send_request_body.complete
2026-02-23 21:09:18,986 - httpcore.http11 - DEBUG - receive_response_headers.started request=<Request [b'GET']>
2026-02-23 21:09:18,989 - httpcore.http11 - DEBUG - receive_response_headers.complete return_value=(b'HTTP/1.1', 200, b'OK', [(b'Content-Type', b'application/json; charset=utf-8'), (b'Content-Length', b'2'), (b'Connection', b'keep-alive'), (b'Date', b'Mon, 23 Feb 2026 12:09:18 GMT'), (b'Server', b'postgrest/14.5'), (b'Content-Range', b'*/*'), (b'Content-Location', b'/notification_history?identifier=eq.20260302_%C3%AA%C2%B0%C2%80%C3%AC%C2%95%C2%BC%C3%AC%C2%82%C2%B0_%C3%AC%C2%B9%C2%B4%C3%AB%C2%9D%C2%BC%C3%AB%C2%B0%C2%98&select=id&sent_at=gt.2026-02-22T21%3A09%3A18.973249'), (b'Content-Profile', b'public'), (b'Access-Control-Allow-Origin', b'*'), (b'X-Kong-Upstream-Latency', b'2'), (b'X-Kong-Proxy-Latency', b'0'), (b'Via', b'kong/2.8.1')])
2026-02-23 21:09:18,989 - httpx - INFO - HTTP Request: GET http://127.0.0.1:54321/rest/v1/notification_history?select=id&identifier=eq.20260302_%EA%B0%80%EC%95%BC%EC%82%B0_%EC%B9%B4%EB%9D%BC%EB%B0%98&sent_at=gt.2026-02-22T21%3A09%3A18.973249 "HTTP/1.1 200 OK"
2026-02-23 21:09:18,989 - httpcore.http11 - DEBUG - receive_response_body.started request=<Request [b'GET']>
2026-02-23 21:09:18,989 - httpcore.http11 - DEBUG - receive_response_body.complete
2026-02-23 21:09:18,989 - httpcore.http11 - DEBUG - response_closed.started
2026-02-23 21:09:18,989 - httpcore.http11 - DEBUG - response_closed.complete
2026-02-23 21:09:18,990 - httpcore.http11 - DEBUG - send_request_headers.started request=<Request [b'GET']>
2026-02-23 21:09:18,990 - httpcore.http11 - DEBUG - send_request_headers.complete
2026-02-23 21:09:18,991 - httpcore.http11 - DEBUG - send_request_body.started request=<Request [b'GET']>
2026-02-23 21:09:18,991 - httpcore.http11 - DEBUG - send_request_body.complete
2026-02-23 21:09:18,991 - httpcore.http11 - DEBUG - receive_response_headers.started request=<Request [b'GET']>
2026-02-23 21:09:18,994 - httpcore.http11 - DEBUG - receive_response_headers.complete return_value=(b'HTTP/1.1', 200, b'OK', [(b'Content-Type', b'application/json; charset=utf-8'), (b'Content-Length', b'2'), (b'Connection', b'keep-alive'), (b'Date', b'Mon, 23 Feb 2026 12:09:18 GMT'), (b'Server', b'postgrest/14.5'), (b'Content-Range', b'*/*'), (b'Content-Location', b'/notification_history?identifier=eq.20260302_%C3%AC%C2%B9%C2%98%C3%AC%C2%95%C2%85%C3%AC%C2%82%C2%B0_%C3%AC%C2%B9%C2%B4%C3%AB%C2%9D%C2%BC%C3%AB%C2%B0%C2%98&select=id&sent_at=gt.2026-02-22T21%3A09%3A18.990041'), (b'Content-Profile', b'public'), (b'Access-Control-Allow-Origin', b'*'), (b'X-Kong-Upstream-Latency', b'2'), (b'X-Kong-Proxy-Latency', b'0'), (b'Via', b'kong/2.8.1')])
2026-02-23 21:09:18,994 - httpx - INFO - HTTP Request: GET http://127.0.0.1:54321/rest/v1/notification_history?select=id&identifier=eq.20260302_%EC%B9%98%EC%95%85%EC%82%B0_%EC%B9%B4%EB%9D%BC%EB%B0%98&sent_at=gt.2026-02-22T21%3A09%3A18.990041 "HTTP/1.1 200 OK"
2026-02-23 21:09:18,995 - httpcore.http11 - DEBUG - receive_response_body.started request=<Request [b'GET']>
2026-02-23 21:09:18,995 - httpcore.http11 - DEBUG - receive_response_body.complete
2026-02-23 21:09:18,995 - httpcore.http11 - DEBUG - response_closed.started
2026-02-23 21:09:18,996 - httpcore.http11 - DEBUG - response_closed.complete
2026-02-23 21:09:18,996 - httpcore.http11 - DEBUG - send_request_headers.started request=<Request [b'GET']>
2026-02-23 21:09:18,997 - httpcore.http11 - DEBUG - send_request_headers.complete
2026-02-23 21:09:18,997 - httpcore.http11 - DEBUG - send_request_body.started request=<Request [b'GET']>
2026-02-23 21:09:18,998 - httpcore.http11 - DEBUG - send_request_body.complete
2026-02-23 21:09:18,998 - httpcore.http11 - DEBUG - receive_response_headers.started request=<Request [b'GET']>
2026-02-23 21:09:18,999 - httpcore.http11 - DEBUG - receive_response_headers.complete return_value=(b'HTTP/1.1', 200, b'OK', [(b'Content-Type', b'application/json; charset=utf-8'), (b'Content-Length', b'2'), (b'Connection', b'keep-alive'), (b'Date', b'Mon, 23 Feb 2026 12:09:18 GMT'), (b'Server', b'postgrest/14.5'), (b'Content-Range', b'*/*'), (b'Content-Location', b'/notification_history?identifier=eq.20260302_%C3%AD%C2%83%C2%9C%C3%AC%C2%95%C2%88%C3%AD%C2%95%C2%B4%C3%AC%C2%95%C2%88_%C3%AC%C2%B9%C2%B4%C3%AB%C2%9D%C2%BC%C3%AB%C2%B0%C2%98&select=id&sent_at=gt.2026-02-22T21%3A09%3A18.996140'), (b'Content-Profile', b'public'), (b'Access-Control-Allow-Origin', b'*'), (b'X-Kong-Upstream-Latency', b'1'), (b'X-Kong-Proxy-Latency', b'0'), (b'Via', b'kong/2.8.1')])
2026-02-23 21:09:18,999 - httpx - INFO - HTTP Request: GET http://127.0.0.1:54321/rest/v1/notification_history?select=id&identifier=eq.20260302_%ED%83%9C%EC%95%88%ED%95%B4%EC%95%88_%EC%B9%B4%EB%9D%BC%EB%B0%98&sent_at=gt.2026-02-22T21%3A09%3A18.996140 "HTTP/1.1 200 OK"
2026-02-23 21:09:18,999 - httpcore.http11 - DEBUG - receive_response_body.started request=<Request [b'GET']>
2026-02-23 21:09:18,999 - httpcore.http11 - DEBUG - receive_response_body.complete
2026-02-23 21:09:19,000 - httpcore.http11 - DEBUG - response_closed.started
2026-02-23 21:09:19,000 - httpcore.http11 - DEBUG - response_closed.complete
2026-02-23 21:09:19,000 - httpcore.http11 - DEBUG - send_request_headers.started request=<Request [b'GET']>
2026-02-23 21:09:19,001 - httpcore.http11 - DEBUG - send_request_headers.complete
2026-02-23 21:09:19,001 - httpcore.http11 - DEBUG - send_request_body.started request=<Request [b'GET']>
2026-02-23 21:09:19,001 - httpcore.http11 - DEBUG - send_request_body.complete
2026-02-23 21:09:19,001 - httpcore.http11 - DEBUG - receive_response_headers.started request=<Request [b'GET']>
2026-02-23 21:09:19,003 - httpcore.http11 - DEBUG - receive_response_headers.complete return_value=(b'HTTP/1.1', 200, b'OK', [(b'Content-Type', b'application/json; charset=utf-8'), (b'Content-Length', b'2'), (b'Connection', b'keep-alive'), (b'Date', b'Mon, 23 Feb 2026 12:09:18 GMT'), (b'Server', b'postgrest/14.5'), (b'Content-Range', b'*/*'), (b'Content-Location', b'/notification_history?identifier=eq.20260303_%C3%AA%C2%B0%C2%80%C3%AC%C2%95%C2%BC%C3%AC%C2%82%C2%B0_%C3%AC%C2%B9%C2%B4%C3%AB%C2%9D%C2%BC%C3%AB%C2%B0%C2%98&select=id&sent_at=gt.2026-02-22T21%3A09%3A19.000456'), (b'Content-Profile', b'public'), (b'Access-Control-Allow-Origin', b'*'), (b'X-Kong-Upstream-Latency', b'1'), (b'X-Kong-Proxy-Latency', b'0'), (b'Via', b'kong/2.8.1')])
2026-02-23 21:09:19,003 - httpx - INFO - HTTP Request: GET http://127.0.0.1:54321/rest/v1/notification_history?select=id&identifier=eq.20260303_%EA%B0%80%EC%95%BC%EC%82%B0_%EC%B9%B4%EB%9D%BC%EB%B0%98&sent_at=gt.2026-02-22T21%3A09%3A19.000456 "HTTP/1.1 200 OK"
2026-02-23 21:09:19,003 - httpcore.http11 - DEBUG - receive_response_body.started request=<Request [b'GET']>
2026-02-23 21:09:19,003 - httpcore.http11 - DEBUG - receive_response_body.complete
2026-02-23 21:09:19,003 - httpcore.http11 - DEBUG - response_closed.started
2026-02-23 21:09:19,003 - httpcore.http11 - DEBUG - response_closed.complete
2026-02-23 21:09:19,004 - httpcore.http11 - DEBUG - send_request_headers.started request=<Request [b'GET']>
2026-02-23 21:09:19,004 - httpcore.http11 - DEBUG - send_request_headers.complete
2026-02-23 21:09:19,004 - httpcore.http11 - DEBUG - send_request_body.started request=<Request [b'GET']>
2026-02-23 21:09:19,004 - httpcore.http11 - DEBUG - send_request_body.complete
2026-02-23 21:09:19,004 - httpcore.http11 - DEBUG - receive_response_headers.started request=<Request [b'GET']>
2026-02-23 21:09:19,006 - httpcore.http11 - DEBUG - receive_response_headers.complete return_value=(b'HTTP/1.1', 200, b'OK', [(b'Content-Type', b'application/json; charset=utf-8'), (b'Content-Length', b'2'), (b'Connection', b'keep-alive'), (b'Date', b'Mon, 23 Feb 2026 12:09:18 GMT'), (b'Server', b'postgrest/14.5'), (b'Content-Range', b'*/*'), (b'Content-Location', b'/notification_history?identifier=eq.20260303_%C3%AC%C2%9B%C2%94%C3%AC%C2%B6%C2%9C%C3%AC%C2%82%C2%B0_%C3%AC%C2%B9%C2%B4%C3%AB%C2%9D%C2%BC%C3%AB%C2%B0%C2%98&select=id&sent_at=gt.2026-02-22T21%3A09%3A19.004030'), (b'Content-Profile', b'public'), (b'Access-Control-Allow-Origin', b'*'), (b'X-Kong-Upstream-Latency', b'1'), (b'X-Kong-Proxy-Latency', b'0'), (b'Via', b'kong/2.8.1')])
2026-02-23 21:09:19,006 - httpx - INFO - HTTP Request: GET http://127.0.0.1:54321/rest/v1/notification_history?select=id&identifier=eq.20260303_%EC%9B%94%EC%B6%9C%EC%82%B0_%EC%B9%B4%EB%9D%BC%EB%B0%98&sent_at=gt.2026-02-22T21%3A09%3A19.004030 "HTTP/1.1 200 OK"
2026-02-23 21:09:19,007 - httpcore.http11 - DEBUG - receive_response_body.started request=<Request [b'GET']>
2026-02-23 21:09:19,007 - httpcore.http11 - DEBUG - receive_response_body.complete
2026-02-23 21:09:19,007 - httpcore.http11 - DEBUG - response_closed.started
2026-02-23 21:09:19,007 - httpcore.http11 - DEBUG - response_closed.complete
2026-02-23 21:09:19,007 - httpcore.http11 - DEBUG - send_request_headers.started request=<Request [b'GET']>
2026-02-23 21:09:19,008 - httpcore.http11 - DEBUG - send_request_headers.complete
2026-02-23 21:09:19,008 - httpcore.http11 - DEBUG - send_request_body.started request=<Request [b'GET']>
2026-02-23 21:09:19,008 - httpcore.http11 - DEBUG - send_request_body.complete
2026-02-23 21:09:19,008 - httpcore.http11 - DEBUG - receive_response_headers.started request=<Request [b'GET']>
2026-02-23 21:09:19,010 - httpcore.http11 - DEBUG - receive_response_headers.complete return_value=(b'HTTP/1.1', 200, b'OK', [(b'Content-Type', b'application/json; charset=utf-8'), (b'Content-Length', b'2'), (b'Connection', b'keep-alive'), (b'Date', b'Mon, 23 Feb 2026 12:09:18 GMT'), (b'Server', b'postgrest/14.5'), (b'Content-Range', b'*/*'), (b'Content-Location', b'/notification_history?identifier=eq.20260303_%C3%AC%C2%B9%C2%98%C3%AC%C2%95%C2%85%C3%AC%C2%82%C2%B0_%C3%AC%C2%B9%C2%B4%C3%AB%C2%9D%C2%BC%C3%AB%C2%B0%C2%98&select=id&sent_at=gt.2026-02-22T21%3A09%3A19.007487'), (b'Content-Profile', b'public'), (b'Access-Control-Allow-Origin', b'*'), (b'X-Kong-Upstream-Latency', b'2'), (b'X-Kong-Proxy-Latency', b'0'), (b'Via', b'kong/2.8.1')])
2026-02-23 21:09:19,010 - httpx - INFO - HTTP Request: GET http://127.0.0.1:54321/rest/v1/notification_history?select=id&identifier=eq.20260303_%EC%B9%98%EC%95%85%EC%82%B0_%EC%B9%B4%EB%9D%BC%EB%B0%98&sent_at=gt.2026-02-22T21%3A09%3A19.007487 "HTTP/1.1 200 OK"
2026-02-23 21:09:19,010 - httpcore.http11 - DEBUG - receive_response_body.started request=<Request [b'GET']>
2026-02-23 21:09:19,011 - httpcore.http11 - DEBUG - receive_response_body.complete
2026-02-23 21:09:19,011 - httpcore.http11 - DEBUG - response_closed.started
2026-02-23 21:09:19,011 - httpcore.http11 - DEBUG - response_closed.complete
2026-02-23 21:09:19,011 - httpcore.http11 - DEBUG - send_request_headers.started request=<Request [b'GET']>
2026-02-23 21:09:19,011 - httpcore.http11 - DEBUG - send_request_headers.complete
2026-02-23 21:09:19,012 - httpcore.http11 - DEBUG - send_request_body.started request=<Request [b'GET']>
2026-02-23 21:09:19,012 - httpcore.http11 - DEBUG - send_request_body.complete
2026-02-23 21:09:19,012 - httpcore.http11 - DEBUG - receive_response_headers.started request=<Request [b'GET']>
2026-02-23 21:09:19,014 - httpcore.http11 - DEBUG - receive_response_headers.complete return_value=(b'HTTP/1.1', 200, b'OK', [(b'Content-Type', b'application/json; charset=utf-8'), (b'Content-Length', b'2'), (b'Connection', b'keep-alive'), (b'Date', b'Mon, 23 Feb 2026 12:09:18 GMT'), (b'Server', b'postgrest/14.5'), (b'Content-Range', b'*/*'), (b'Content-Location', b'/notification_history?identifier=eq.20260303_%C3%AD%C2%83%C2%9C%C3%AC%C2%95%C2%88%C3%AD%C2%95%C2%B4%C3%AC%C2%95%C2%88_%C3%AC%C2%B9%C2%B4%C3%AB%C2%9D%C2%BC%C3%AB%C2%B0%C2%98&select=id&sent_at=gt.2026-02-22T21%3A09%3A19.011330'), (b'Content-Profile', b'public'), (b'Access-Control-Allow-Origin', b'*'), (b'X-Kong-Upstream-Latency', b'2'), (b'X-Kong-Proxy-Latency', b'0'), (b'Via', b'kong/2.8.1')])
2026-02-23 21:09:19,014 - httpx - INFO - HTTP Request: GET http://127.0.0.1:54321/rest/v1/notification_history?select=id&identifier=eq.20260303_%ED%83%9C%EC%95%88%ED%95%B4%EC%95%88_%EC%B9%B4%EB%9D%BC%EB%B0%98&sent_at=gt.2026-02-22T21%3A09%3A19.011330 "HTTP/1.1 200 OK"
2026-02-23 21:09:19,014 - httpcore.http11 - DEBUG - receive_response_body.started request=<Request [b'GET']>
2026-02-23 21:09:19,015 - httpcore.http11 - DEBUG - receive_response_body.complete
2026-02-23 21:09:19,015 - httpcore.http11 - DEBUG - response_closed.started
2026-02-23 21:09:19,015 - httpcore.http11 - DEBUG - response_closed.complete
2026-02-23 21:09:19,015 - httpcore.http11 - DEBUG - send_request_headers.started request=<Request [b'GET']>
2026-02-23 21:09:19,016 - httpcore.http11 - DEBUG - send_request_headers.complete
2026-02-23 21:09:19,016 - httpcore.http11 - DEBUG - send_request_body.started request=<Request [b'GET']>
2026-02-23 21:09:19,016 - httpcore.http11 - DEBUG - send_request_body.complete
2026-02-23 21:09:19,016 - httpcore.http11 - DEBUG - receive_response_headers.started request=<Request [b'GET']>
2026-02-23 21:09:19,018 - httpcore.http11 - DEBUG - receive_response_headers.complete return_value=(b'HTTP/1.1', 200, b'OK', [(b'Content-Type', b'application/json; charset=utf-8'), (b'Content-Length', b'2'), (b'Connection', b'keep-alive'), (b'Date', b'Mon, 23 Feb 2026 12:09:18 GMT'), (b'Server', b'postgrest/14.5'), (b'Content-Range', b'*/*'), (b'Content-Location', b'/notification_history?identifier=eq.20260305_%C3%AA%C2%B0%C2%80%C3%AC%C2%95%C2%BC%C3%AC%C2%82%C2%B0_%C3%AC%C2%B9%C2%B4%C3%AB%C2%9D%C2%BC%C3%AB%C2%B0%C2%98&select=id&sent_at=gt.2026-02-22T21%3A09%3A19.015505'), (b'Content-Profile', b'public'), (b'Access-Control-Allow-Origin', b'*'), (b'X-Kong-Upstream-Latency', b'2'), (b'X-Kong-Proxy-Latency', b'0'), (b'Via', b'kong/2.8.1')])
2026-02-23 21:09:19,018 - httpx - INFO - HTTP Request: GET http://127.0.0.1:54321/rest/v1/notification_history?select=id&identifier=eq.20260305_%EA%B0%80%EC%95%BC%EC%82%B0_%EC%B9%B4%EB%9D%BC%EB%B0%98&sent_at=gt.2026-02-22T21%3A09%3A19.015505 "HTTP/1.1 200 OK"
2026-02-23 21:09:19,018 - httpcore.http11 - DEBUG - receive_response_body.started request=<Request [b'GET']>
2026-02-23 21:09:19,018 - httpcore.http11 - DEBUG - receive_response_body.complete
2026-02-23 21:09:19,018 - httpcore.http11 - DEBUG - response_closed.started
2026-02-23 21:09:19,018 - httpcore.http11 - DEBUG - response_closed.complete
2026-02-23 21:09:19,019 - httpcore.http11 - DEBUG - send_request_headers.started request=<Request [b'GET']>
2026-02-23 21:09:19,019 - httpcore.http11 - DEBUG - send_request_headers.complete
2026-02-23 21:09:19,019 - httpcore.http11 - DEBUG - send_request_body.started request=<Request [b'GET']>
2026-02-23 21:09:19,019 - httpcore.http11 - DEBUG - send_request_body.complete
2026-02-23 21:09:19,019 - httpcore.http11 - DEBUG - receive_response_headers.started request=<Request [b'GET']>
2026-02-23 21:09:19,021 - httpcore.http11 - DEBUG - receive_response_headers.complete return_value=(b'HTTP/1.1', 200, b'OK', [(b'Content-Type', b'application/json; charset=utf-8'), (b'Content-Length', b'2'), (b'Connection', b'keep-alive'), (b'Date', b'Mon, 23 Feb 2026 12:09:18 GMT'), (b'Server', b'postgrest/14.5'), (b'Content-Range', b'*/*'), (b'Content-Location', b'/notification_history?identifier=eq.20260305_%C3%AC%C2%9B%C2%94%C3%AC%C2%B6%C2%9C%C3%AC%C2%82%C2%B0_%C3%AC%C2%B9%C2%B4%C3%AB%C2%9D%C2%BC%C3%AB%C2%B0%C2%98&select=id&sent_at=gt.2026-02-22T21%3A09%3A19.019036'), (b'Content-Profile', b'public'), (b'Access-Control-Allow-Origin', b'*'), (b'X-Kong-Upstream-Latency', b'1'), (b'X-Kong-Proxy-Latency', b'0'), (b'Via', b'kong/2.8.1')])
2026-02-23 21:09:19,021 - httpx - INFO - HTTP Request: GET http://127.0.0.1:54321/rest/v1/notification_history?select=id&identifier=eq.20260305_%EC%9B%94%EC%B6%9C%EC%82%B0_%EC%B9%B4%EB%9D%BC%EB%B0%98&sent_at=gt.2026-02-22T21%3A09%3A19.019036 "HTTP/1.1 200 OK"
2026-02-23 21:09:19,021 - httpcore.http11 - DEBUG - receive_response_body.started request=<Request [b'GET']>
2026-02-23 21:09:19,022 - httpcore.http11 - DEBUG - receive_response_body.complete
2026-02-23 21:09:19,022 - httpcore.http11 - DEBUG - response_closed.started
2026-02-23 21:09:19,022 - httpcore.http11 - DEBUG - response_closed.complete
2026-02-23 21:09:19,022 - httpcore.http11 - DEBUG - send_request_headers.started request=<Request [b'GET']>
2026-02-23 21:09:19,022 - httpcore.http11 - DEBUG - send_request_headers.complete
2026-02-23 21:09:19,022 - httpcore.http11 - DEBUG - send_request_body.started request=<Request [b'GET']>
2026-02-23 21:09:19,023 - httpcore.http11 - DEBUG - send_request_body.complete
2026-02-23 21:09:19,023 - httpcore.http11 - DEBUG - receive_response_headers.started request=<Request [b'GET']>
2026-02-23 21:09:19,024 - httpcore.http11 - DEBUG - receive_response_headers.complete return_value=(b'HTTP/1.1', 200, b'OK', [(b'Content-Type', b'application/json; charset=utf-8'), (b'Content-Length', b'2'), (b'Connection', b'keep-alive'), (b'Date', b'Mon, 23 Feb 2026 12:09:18 GMT'), (b'Server', b'postgrest/14.5'), (b'Content-Range', b'*/*'), (b'Content-Location', b'/notification_history?identifier=eq.20260305_%C3%AC%C2%B9%C2%98%C3%AC%C2%95%C2%85%C3%AC%C2%82%C2%B0_%C3%AC%C2%B9%C2%B4%C3%AB%C2%9D%C2%BC%C3%AB%C2%B0%C2%98&select=id&sent_at=gt.2026-02-22T21%3A09%3A19.022300'), (b'Content-Profile', b'public'), (b'Access-Control-Allow-Origin', b'*'), (b'X-Kong-Upstream-Latency', b'1'), (b'X-Kong-Proxy-Latency', b'0'), (b'Via', b'kong/2.8.1')])
2026-02-23 21:09:19,024 - httpx - INFO - HTTP Request: GET http://127.0.0.1:54321/rest/v1/notification_history?select=id&identifier=eq.20260305_%EC%B9%98%EC%95%85%EC%82%B0_%EC%B9%B4%EB%9D%BC%EB%B0%98&sent_at=gt.2026-02-22T21%3A09%3A19.022300 "HTTP/1.1 200 OK"
2026-02-23 21:09:19,025 - httpcore.http11 - DEBUG - receive_response_body.started request=<Request [b'GET']>
2026-02-23 21:09:19,025 - httpcore.http11 - DEBUG - receive_response_body.complete
2026-02-23 21:09:19,025 - httpcore.http11 - DEBUG - response_closed.started
2026-02-23 21:09:19,025 - httpcore.http11 - DEBUG - response_closed.complete
2026-02-23 21:09:19,025 - httpcore.http11 - DEBUG - send_request_headers.started request=<Request [b'GET']>
2026-02-23 21:09:19,026 - httpcore.http11 - DEBUG - send_request_headers.complete
2026-02-23 21:09:19,026 - httpcore.http11 - DEBUG - send_request_body.started request=<Request [b'GET']>
2026-02-23 21:09:19,026 - httpcore.http11 - DEBUG - send_request_body.complete
2026-02-23 21:09:19,026 - httpcore.http11 - DEBUG - receive_response_headers.started request=<Request [b'GET']>
2026-02-23 21:09:19,028 - httpcore.http11 - DEBUG - receive_response_headers.complete return_value=(b'HTTP/1.1', 200, b'OK', [(b'Content-Type', b'application/json; charset=utf-8'), (b'Content-Length', b'2'), (b'Connection', b'keep-alive'), (b'Date', b'Mon, 23 Feb 2026 12:09:18 GMT'), (b'Server', b'postgrest/14.5'), (b'Content-Range', b'*/*'), (b'Content-Location', b'/notification_history?identifier=eq.20260305_%C3%AD%C2%83%C2%9C%C3%AC%C2%95%C2%88%C3%AD%C2%95%C2%B4%C3%AC%C2%95%C2%88_%C3%AC%C2%B9%C2%B4%C3%AB%C2%9D%C2%BC%C3%AB%C2%B0%C2%98&select=id&sent_at=gt.2026-02-22T21%3A09%3A19.025576'), (b'Content-Profile', b'public'), (b'Access-Control-Allow-Origin', b'*'), (b'X-Kong-Upstream-Latency', b'1'), (b'X-Kong-Proxy-Latency', b'0'), (b'Via', b'kong/2.8.1')])
2026-02-23 21:09:19,028 - httpx - INFO - HTTP Request: GET http://127.0.0.1:54321/rest/v1/notification_history?select=id&identifier=eq.20260305_%ED%83%9C%EC%95%88%ED%95%B4%EC%95%88_%EC%B9%B4%EB%9D%BC%EB%B0%98&sent_at=gt.2026-02-22T21%3A09%3A19.025576 "HTTP/1.1 200 OK"
2026-02-23 21:09:19,028 - httpcore.http11 - DEBUG - receive_response_body.started request=<Request [b'GET']>
2026-02-23 21:09:19,028 - httpcore.http11 - DEBUG - receive_response_body.complete
2026-02-23 21:09:19,028 - httpcore.http11 - DEBUG - response_closed.started
2026-02-23 21:09:19,028 - httpcore.http11 - DEBUG - response_closed.complete
2026-02-23 21:09:19,029 - httpcore.http11 - DEBUG - send_request_headers.started request=<Request [b'GET']>
2026-02-23 21:09:19,029 - httpcore.http11 - DEBUG - send_request_headers.complete
2026-02-23 21:09:19,029 - httpcore.http11 - DEBUG - send_request_body.started request=<Request [b'GET']>
2026-02-23 21:09:19,029 - httpcore.http11 - DEBUG - send_request_body.complete
2026-02-23 21:09:19,029 - httpcore.http11 - DEBUG - receive_response_headers.started request=<Request [b'GET']>
2026-02-23 21:09:19,031 - httpcore.http11 - DEBUG - receive_response_headers.complete return_value=(b'HTTP/1.1', 200, b'OK', [(b'Content-Type', b'application/json; charset=utf-8'), (b'Content-Length', b'2'), (b'Connection', b'keep-alive'), (b'Date', b'Mon, 23 Feb 2026 12:09:18 GMT'), (b'Server', b'postgrest/14.5'), (b'Content-Range', b'*/*'), (b'Content-Location', b'/notification_history?identifier=eq.20260306_%C3%AA%C2%B0%C2%80%C3%AC%C2%95%C2%BC%C3%AC%C2%82%C2%B0_%C3%AC%C2%B9%C2%B4%C3%AB%C2%9D%C2%BC%C3%AB%C2%B0%C2%98&select=id&sent_at=gt.2026-02-22T21%3A09%3A19.028962'), (b'Content-Profile', b'public'), (b'Access-Control-Allow-Origin', b'*'), (b'X-Kong-Upstream-Latency', b'1'), (b'X-Kong-Proxy-Latency', b'0'), (b'Via', b'kong/2.8.1')])
2026-02-23 21:09:19,031 - httpx - INFO - HTTP Request: GET http://127.0.0.1:54321/rest/v1/notification_history?select=id&identifier=eq.20260306_%EA%B0%80%EC%95%BC%EC%82%B0_%EC%B9%B4%EB%9D%BC%EB%B0%98&sent_at=gt.2026-02-22T21%3A09%3A19.028962 "HTTP/1.1 200 OK"
2026-02-23 21:09:19,031 - httpcore.http11 - DEBUG - receive_response_body.started request=<Request [b'GET']>
2026-02-23 21:09:19,031 - httpcore.http11 - DEBUG - receive_response_body.complete
2026-02-23 21:09:19,032 - httpcore.http11 - DEBUG - response_closed.started
2026-02-23 21:09:19,032 - httpcore.http11 - DEBUG - response_closed.complete
2026-02-23 21:09:19,032 - httpcore.http11 - DEBUG - send_request_headers.started request=<Request [b'GET']>
2026-02-23 21:09:19,032 - httpcore.http11 - DEBUG - send_request_headers.complete
2026-02-23 21:09:19,033 - httpcore.http11 - DEBUG - send_request_body.started request=<Request [b'GET']>
2026-02-23 21:09:19,033 - httpcore.http11 - DEBUG - send_request_body.complete
2026-02-23 21:09:19,033 - httpcore.http11 - DEBUG - receive_response_headers.started request=<Request [b'GET']>
2026-02-23 21:09:19,034 - httpcore.http11 - DEBUG - receive_response_headers.complete return_value=(b'HTTP/1.1', 200, b'OK', [(b'Content-Type', b'application/json; charset=utf-8'), (b'Content-Length', b'2'), (b'Connection', b'keep-alive'), (b'Date', b'Mon, 23 Feb 2026 12:09:18 GMT'), (b'Server', b'postgrest/14.5'), (b'Content-Range', b'*/*'), (b'Content-Location', b'/notification_history?identifier=eq.20260306_%C3%AC%C2%B9%C2%98%C3%AC%C2%95%C2%85%C3%AC%C2%82%C2%B0_%C3%AC%C2%B9%C2%B4%C3%AB%C2%9D%C2%BC%C3%AB%C2%B0%C2%98&select=id&sent_at=gt.2026-02-22T21%3A09%3A19.032338'), (b'Content-Profile', b'public'), (b'Access-Control-Allow-Origin', b'*'), (b'X-Kong-Upstream-Latency', b'1'), (b'X-Kong-Proxy-Latency', b'0'), (b'Via', b'kong/2.8.1')])
2026-02-23 21:09:19,034 - httpx - INFO - HTTP Request: GET http://127.0.0.1:54321/rest/v1/notification_history?select=id&identifier=eq.20260306_%EC%B9%98%EC%95%85%EC%82%B0_%EC%B9%B4%EB%9D%BC%EB%B0%98&sent_at=gt.2026-02-22T21%3A09%3A19.032338 "HTTP/1.1 200 OK"
2026-02-23 21:09:19,035 - httpcore.http11 - DEBUG - receive_response_body.started request=<Request [b'GET']>
2026-02-23 21:09:19,035 - httpcore.http11 - DEBUG - receive_response_body.complete
2026-02-23 21:09:19,035 - httpcore.http11 - DEBUG - response_closed.started
2026-02-23 21:09:19,035 - httpcore.http11 - DEBUG - response_closed.complete
2026-02-23 21:09:19,036 - httpcore.http11 - DEBUG - send_request_headers.started request=<Request [b'GET']>
2026-02-23 21:09:19,036 - httpcore.http11 - DEBUG - send_request_headers.complete
2026-02-23 21:09:19,036 - httpcore.http11 - DEBUG - send_request_body.started request=<Request [b'GET']>
2026-02-23 21:09:19,036 - httpcore.http11 - DEBUG - send_request_body.complete
2026-02-23 21:09:19,037 - httpcore.http11 - DEBUG - receive_response_headers.started request=<Request [b'GET']>
2026-02-23 21:09:19,038 - httpcore.http11 - DEBUG - receive_response_headers.complete return_value=(b'HTTP/1.1', 200, b'OK', [(b'Content-Type', b'application/json; charset=utf-8'), (b'Content-Length', b'2'), (b'Connection', b'keep-alive'), (b'Date', b'Mon, 23 Feb 2026 12:09:18 GMT'), (b'Server', b'postgrest/14.5'), (b'Content-Range', b'*/*'), (b'Content-Location', b'/notification_history?identifier=eq.20260306_%C3%AD%C2%83%C2%9C%C3%AC%C2%95%C2%88%C3%AD%C2%95%C2%B4%C3%AC%C2%95%C2%88_%C3%AC%C2%B9%C2%B4%C3%AB%C2%9D%C2%BC%C3%AB%C2%B0%C2%98&select=id&sent_at=gt.2026-02-22T21%3A09%3A19.035749'), (b'Content-Profile', b'public'), (b'Access-Control-Allow-Origin', b'*'), (b'X-Kong-Upstream-Latency', b'1'), (b'X-Kong-Proxy-Latency', b'0'), (b'Via', b'kong/2.8.1')])
2026-02-23 21:09:19,038 - httpx - INFO - HTTP Request: GET http://127.0.0.1:54321/rest/v1/notification_history?select=id&identifier=eq.20260306_%ED%83%9C%EC%95%88%ED%95%B4%EC%95%88_%EC%B9%B4%EB%9D%BC%EB%B0%98&sent_at=gt.2026-02-22T21%3A09%3A19.035749 "HTTP/1.1 200 OK"
2026-02-23 21:09:19,038 - httpcore.http11 - DEBUG - receive_response_body.started request=<Request [b'GET']>
2026-02-23 21:09:19,038 - httpcore.http11 - DEBUG - receive_response_body.complete
2026-02-23 21:09:19,038 - httpcore.http11 - DEBUG - response_closed.started
2026-02-23 21:09:19,039 - httpcore.http11 - DEBUG - response_closed.complete
2026-02-23 21:09:19,039 - httpcore.http11 - DEBUG - send_request_headers.started request=<Request [b'GET']>
2026-02-23 21:09:19,039 - httpcore.http11 - DEBUG - send_request_headers.complete
2026-02-23 21:09:19,039 - httpcore.http11 - DEBUG - send_request_body.started request=<Request [b'GET']>
2026-02-23 21:09:19,040 - httpcore.http11 - DEBUG - send_request_body.complete
2026-02-23 21:09:19,040 - httpcore.http11 - DEBUG - receive_response_headers.started request=<Request [b'GET']>
2026-02-23 21:09:19,042 - httpcore.http11 - DEBUG - receive_response_headers.complete return_value=(b'HTTP/1.1', 200, b'OK', [(b'Content-Type', b'application/json; charset=utf-8'), (b'Content-Length', b'2'), (b'Connection', b'keep-alive'), (b'Date', b'Mon, 23 Feb 2026 12:09:18 GMT'), (b'Server', b'postgrest/14.5'), (b'Content-Range', b'*/*'), (b'Content-Location', b'/notification_history?identifier=eq.20260308_%C3%AA%C2%B0%C2%80%C3%AC%C2%95%C2%BC%C3%AC%C2%82%C2%B0_%C3%AC%C2%B9%C2%B4%C3%AB%C2%9D%C2%BC%C3%AB%C2%B0%C2%98&select=id&sent_at=gt.2026-02-22T21%3A09%3A19.039258'), (b'Content-Profile', b'public'), (b'Access-Control-Allow-Origin', b'*'), (b'X-Kong-Upstream-Latency', b'2'), (b'X-Kong-Proxy-Latency', b'0'), (b'Via', b'kong/2.8.1')])
2026-02-23 21:09:19,042 - httpx - INFO - HTTP Request: GET http://127.0.0.1:54321/rest/v1/notification_history?select=id&identifier=eq.20260308_%EA%B0%80%EC%95%BC%EC%82%B0_%EC%B9%B4%EB%9D%BC%EB%B0%98&sent_at=gt.2026-02-22T21%3A09%3A19.039258 "HTTP/1.1 200 OK"
2026-02-23 21:09:19,043 - httpcore.http11 - DEBUG - receive_response_body.started request=<Request [b'GET']>
2026-02-23 21:09:19,043 - httpcore.http11 - DEBUG - receive_response_body.complete
2026-02-23 21:09:19,043 - httpcore.http11 - DEBUG - response_closed.started
2026-02-23 21:09:19,043 - httpcore.http11 - DEBUG - response_closed.complete
2026-02-23 21:09:19,043 - httpcore.http11 - DEBUG - send_request_headers.started request=<Request [b'GET']>
2026-02-23 21:09:19,044 - httpcore.http11 - DEBUG - send_request_headers.complete
2026-02-23 21:09:19,044 - httpcore.http11 - DEBUG - send_request_body.started request=<Request [b'GET']>
2026-02-23 21:09:19,044 - httpcore.http11 - DEBUG - send_request_body.complete
2026-02-23 21:09:19,044 - httpcore.http11 - DEBUG - receive_response_headers.started request=<Request [b'GET']>
2026-02-23 21:09:19,045 - httpcore.http11 - DEBUG - receive_response_headers.complete return_value=(b'HTTP/1.1', 200, b'OK', [(b'Content-Type', b'application/json; charset=utf-8'), (b'Content-Length', b'2'), (b'Connection', b'keep-alive'), (b'Date', b'Mon, 23 Feb 2026 12:09:18 GMT'), (b'Server', b'postgrest/14.5'), (b'Content-Range', b'*/*'), (b'Content-Location', b'/notification_history?identifier=eq.20260308_%C3%AC%C2%9B%C2%94%C3%AC%C2%B6%C2%9C%C3%AC%C2%82%C2%B0_%C3%AC%C2%B9%C2%B4%C3%AB%C2%9D%C2%BC%C3%AB%C2%B0%C2%98&select=id&sent_at=gt.2026-02-22T21%3A09%3A19.043454'), (b'Content-Profile', b'public'), (b'Access-Control-Allow-Origin', b'*'), (b'X-Kong-Upstream-Latency', b'0'), (b'X-Kong-Proxy-Latency', b'1'), (b'Via', b'kong/2.8.1')])
2026-02-23 21:09:19,046 - httpx - INFO - HTTP Request: GET http://127.0.0.1:54321/rest/v1/notification_history?select=id&identifier=eq.20260308_%EC%9B%94%EC%B6%9C%EC%82%B0_%EC%B9%B4%EB%9D%BC%EB%B0%98&sent_at=gt.2026-02-22T21%3A09%3A19.043454 "HTTP/1.1 200 OK"
2026-02-23 21:09:19,046 - httpcore.http11 - DEBUG - receive_response_body.started request=<Request [b'GET']>
2026-02-23 21:09:19,046 - httpcore.http11 - DEBUG - receive_response_body.complete
2026-02-23 21:09:19,046 - httpcore.http11 - DEBUG - response_closed.started
2026-02-23 21:09:19,046 - httpcore.http11 - DEBUG - response_closed.complete
2026-02-23 21:09:19,046 - httpcore.http11 - DEBUG - send_request_headers.started request=<Request [b'GET']>
2026-02-23 21:09:19,046 - httpcore.http11 - DEBUG - send_request_headers.complete
2026-02-23 21:09:19,047 - httpcore.http11 - DEBUG - send_request_body.started request=<Request [b'GET']>
2026-02-23 21:09:19,047 - httpcore.http11 - DEBUG - send_request_body.complete
2026-02-23 21:09:19,047 - httpcore.http11 - DEBUG - receive_response_headers.started request=<Request [b'GET']>
2026-02-23 21:09:19,049 - httpcore.http11 - DEBUG - receive_response_headers.complete return_value=(b'HTTP/1.1', 200, b'OK', [(b'Content-Type', b'application/json; charset=utf-8'), (b'Content-Length', b'2'), (b'Connection', b'keep-alive'), (b'Date', b'Mon, 23 Feb 2026 12:09:18 GMT'), (b'Server', b'postgrest/14.5'), (b'Content-Range', b'*/*'), (b'Content-Location', b'/notification_history?identifier=eq.20260308_%C3%AC%C2%B9%C2%98%C3%AC%C2%95%C2%85%C3%AC%C2%82%C2%B0_%C3%AC%C2%B9%C2%B4%C3%AB%C2%9D%C2%BC%C3%AB%C2%B0%C2%98&select=id&sent_at=gt.2026-02-22T21%3A09%3A19.046464'), (b'Content-Profile', b'public'), (b'Access-Control-Allow-Origin', b'*'), (b'X-Kong-Upstream-Latency', b'1'), (b'X-Kong-Proxy-Latency', b'1'), (b'Via', b'kong/2.8.1')])
2026-02-23 21:09:19,049 - httpx - INFO - HTTP Request: GET http://127.0.0.1:54321/rest/v1/notification_history?select=id&identifier=eq.20260308_%EC%B9%98%EC%95%85%EC%82%B0_%EC%B9%B4%EB%9D%BC%EB%B0%98&sent_at=gt.2026-02-22T21%3A09%3A19.046464 "HTTP/1.1 200 OK"
2026-02-23 21:09:19,049 - httpcore.http11 - DEBUG - receive_response_body.started request=<Request [b'GET']>
2026-02-23 21:09:19,050 - httpcore.http11 - DEBUG - receive_response_body.complete
2026-02-23 21:09:19,050 - httpcore.http11 - DEBUG - response_closed.started
2026-02-23 21:09:19,050 - httpcore.http11 - DEBUG - response_closed.complete
2026-02-23 21:09:19,050 - httpcore.http11 - DEBUG - send_request_headers.started request=<Request [b'GET']>
2026-02-23 21:09:19,051 - httpcore.http11 - DEBUG - send_request_headers.complete
2026-02-23 21:09:19,052 - httpcore.http11 - DEBUG - send_request_body.started request=<Request [b'GET']>
2026-02-23 21:09:19,052 - httpcore.http11 - DEBUG - send_request_body.complete
2026-02-23 21:09:19,052 - httpcore.http11 - DEBUG - receive_response_headers.started request=<Request [b'GET']>
2026-02-23 21:09:19,053 - httpcore.http11 - DEBUG - receive_response_headers.complete return_value=(b'HTTP/1.1', 200, b'OK', [(b'Content-Type', b'application/json; charset=utf-8'), (b'Content-Length', b'2'), (b'Connection', b'keep-alive'), (b'Date', b'Mon, 23 Feb 2026 12:09:18 GMT'), (b'Server', b'postgrest/14.5'), (b'Content-Range', b'*/*'), (b'Content-Location', b'/notification_history?identifier=eq.20260308_%C3%AD%C2%83%C2%9C%C3%AC%C2%95%C2%88%C3%AD%C2%95%C2%B4%C3%AC%C2%95%C2%88_%C3%AC%C2%B9%C2%B4%C3%AB%C2%9D%C2%BC%C3%AB%C2%B0%C2%98&select=id&sent_at=gt.2026-02-22T21%3A09%3A19.050683'), (b'Content-Profile', b'public'), (b'Access-Control-Allow-Origin', b'*'), (b'X-Kong-Upstream-Latency', b'0'), (b'X-Kong-Proxy-Latency', b'0'), (b'Via', b'kong/2.8.1')])
2026-02-23 21:09:19,053 - httpx - INFO - HTTP Request: GET http://127.0.0.1:54321/rest/v1/notification_history?select=id&identifier=eq.20260308_%ED%83%9C%EC%95%88%ED%95%B4%EC%95%88_%EC%B9%B4%EB%9D%BC%EB%B0%98&sent_at=gt.2026-02-22T21%3A09%3A19.050683 "HTTP/1.1 200 OK"
2026-02-23 21:09:19,053 - httpcore.http11 - DEBUG - receive_response_body.started request=<Request [b'GET']>
2026-02-23 21:09:19,053 - httpcore.http11 - DEBUG - receive_response_body.complete
2026-02-23 21:09:19,053 - httpcore.http11 - DEBUG - response_closed.started
2026-02-23 21:09:19,053 - httpcore.http11 - DEBUG - response_closed.complete
2026-02-23 21:09:19,054 - httpcore.http11 - DEBUG - send_request_headers.started request=<Request [b'GET']>
2026-02-23 21:09:19,054 - httpcore.http11 - DEBUG - send_request_headers.complete
2026-02-23 21:09:19,054 - httpcore.http11 - DEBUG - send_request_body.started request=<Request [b'GET']>
2026-02-23 21:09:19,054 - httpcore.http11 - DEBUG - send_request_body.complete
2026-02-23 21:09:19,055 - httpcore.http11 - DEBUG - receive_response_headers.started request=<Request [b'GET']>
2026-02-23 21:09:19,056 - httpcore.http11 - DEBUG - receive_response_headers.complete return_value=(b'HTTP/1.1', 200, b'OK', [(b'Content-Type', b'application/json; charset=utf-8'), (b'Content-Length', b'2'), (b'Connection', b'keep-alive'), (b'Date', b'Mon, 23 Feb 2026 12:09:18 GMT'), (b'Server', b'postgrest/14.5'), (b'Content-Range', b'*/*'), (b'Content-Location', b'/notification_history?identifier=eq.20260309_%C3%AA%C2%B0%C2%80%C3%AC%C2%95%C2%BC%C3%AC%C2%82%C2%B0_%C3%AC%C2%B9%C2%B4%C3%AB%C2%9D%C2%BC%C3%AB%C2%B0%C2%98&select=id&sent_at=gt.2026-02-22T21%3A09%3A19.054077'), (b'Content-Profile', b'public'), (b'Access-Control-Allow-Origin', b'*'), (b'X-Kong-Upstream-Latency', b'1'), (b'X-Kong-Proxy-Latency', b'0'), (b'Via', b'kong/2.8.1')])
2026-02-23 21:09:19,056 - httpx - INFO - HTTP Request: GET http://127.0.0.1:54321/rest/v1/notification_history?select=id&identifier=eq.20260309_%EA%B0%80%EC%95%BC%EC%82%B0_%EC%B9%B4%EB%9D%BC%EB%B0%98&sent_at=gt.2026-02-22T21%3A09%3A19.054077 "HTTP/1.1 200 OK"
2026-02-23 21:09:19,057 - httpcore.http11 - DEBUG - receive_response_body.started request=<Request [b'GET']>
2026-02-23 21:09:19,057 - httpcore.http11 - DEBUG - receive_response_body.complete
2026-02-23 21:09:19,057 - httpcore.http11 - DEBUG - response_closed.started
2026-02-23 21:09:19,058 - httpcore.http11 - DEBUG - response_closed.complete
2026-02-23 21:09:19,058 - httpcore.http11 - DEBUG - send_request_headers.started request=<Request [b'GET']>
2026-02-23 21:09:19,058 - httpcore.http11 - DEBUG - send_request_headers.complete
2026-02-23 21:09:19,059 - httpcore.http11 - DEBUG - send_request_body.started request=<Request [b'GET']>
2026-02-23 21:09:19,059 - httpcore.http11 - DEBUG - send_request_body.complete
2026-02-23 21:09:19,059 - httpcore.http11 - DEBUG - receive_response_headers.started request=<Request [b'GET']>
2026-02-23 21:09:19,060 - httpcore.http11 - DEBUG - receive_response_headers.complete return_value=(b'HTTP/1.1', 200, b'OK', [(b'Content-Type', b'application/json; charset=utf-8'), (b'Content-Length', b'2'), (b'Connection', b'keep-alive'), (b'Date', b'Mon, 23 Feb 2026 12:09:18 GMT'), (b'Server', b'postgrest/14.5'), (b'Content-Range', b'*/*'), (b'Content-Location', b'/notification_history?identifier=eq.20260309_%C3%AC%C2%9B%C2%94%C3%AC%C2%B6%C2%9C%C3%AC%C2%82%C2%B0_%C3%AC%C2%B9%C2%B4%C3%AB%C2%9D%C2%BC%C3%AB%C2%B0%C2%98&select=id&sent_at=gt.2026-02-22T21%3A09%3A19.058412'), (b'Content-Profile', b'public'), (b'Access-Control-Allow-Origin', b'*'), (b'X-Kong-Upstream-Latency', b'1'), (b'X-Kong-Proxy-Latency', b'0'), (b'Via', b'kong/2.8.1')])
2026-02-23 21:09:19,061 - httpx - INFO - HTTP Request: GET http://127.0.0.1:54321/rest/v1/notification_history?select=id&identifier=eq.20260309_%EC%9B%94%EC%B6%9C%EC%82%B0_%EC%B9%B4%EB%9D%BC%EB%B0%98&sent_at=gt.2026-02-22T21%3A09%3A19.058412 "HTTP/1.1 200 OK"
2026-02-23 21:09:19,061 - httpcore.http11 - DEBUG - receive_response_body.started request=<Request [b'GET']>
2026-02-23 21:09:19,061 - httpcore.http11 - DEBUG - receive_response_body.complete
2026-02-23 21:09:19,061 - httpcore.http11 - DEBUG - response_closed.started
2026-02-23 21:09:19,061 - httpcore.http11 - DEBUG - response_closed.complete
2026-02-23 21:09:19,061 - httpcore.http11 - DEBUG - send_request_headers.started request=<Request [b'GET']>
2026-02-23 21:09:19,062 - httpcore.http11 - DEBUG - send_request_headers.complete
2026-02-23 21:09:19,062 - httpcore.http11 - DEBUG - send_request_body.started request=<Request [b'GET']>
2026-02-23 21:09:19,062 - httpcore.http11 - DEBUG - send_request_body.complete
2026-02-23 21:09:19,063 - httpcore.http11 - DEBUG - receive_response_headers.started request=<Request [b'GET']>
2026-02-23 21:09:19,064 - httpcore.http11 - DEBUG - receive_response_headers.complete return_value=(b'HTTP/1.1', 200, b'OK', [(b'Content-Type', b'application/json; charset=utf-8'), (b'Content-Length', b'2'), (b'Connection', b'keep-alive'), (b'Date', b'Mon, 23 Feb 2026 12:09:18 GMT'), (b'Server', b'postgrest/14.5'), (b'Content-Range', b'*/*'), (b'Content-Location', b'/notification_history?identifier=eq.20260309_%C3%AC%C2%B9%C2%98%C3%AC%C2%95%C2%85%C3%AC%C2%82%C2%B0_%C3%AC%C2%B9%C2%B4%C3%AB%C2%9D%C2%BC%C3%AB%C2%B0%C2%98&select=id&sent_at=gt.2026-02-22T21%3A09%3A19.061661'), (b'Content-Profile', b'public'), (b'Access-Control-Allow-Origin', b'*'), (b'X-Kong-Upstream-Latency', b'1'), (b'X-Kong-Proxy-Latency', b'0'), (b'Via', b'kong/2.8.1')])
2026-02-23 21:09:19,064 - httpx - INFO - HTTP Request: GET http://127.0.0.1:54321/rest/v1/notification_history?select=id&identifier=eq.20260309_%EC%B9%98%EC%95%85%EC%82%B0_%EC%B9%B4%EB%9D%BC%EB%B0%98&sent_at=gt.2026-02-22T21%3A09%3A19.061661 "HTTP/1.1 200 OK"
2026-02-23 21:09:19,064 - httpcore.http11 - DEBUG - receive_response_body.started request=<Request [b'GET']>
2026-02-23 21:09:19,064 - httpcore.http11 - DEBUG - receive_response_body.complete
2026-02-23 21:09:19,064 - httpcore.http11 - DEBUG - response_closed.started
2026-02-23 21:09:19,065 - httpcore.http11 - DEBUG - response_closed.complete
2026-02-23 21:09:19,065 - httpcore.http11 - DEBUG - send_request_headers.started request=<Request [b'GET']>
2026-02-23 21:09:19,065 - httpcore.http11 - DEBUG - send_request_headers.complete
2026-02-23 21:09:19,066 - httpcore.http11 - DEBUG - send_request_body.started request=<Request [b'GET']>
2026-02-23 21:09:19,066 - httpcore.http11 - DEBUG - send_request_body.complete
2026-02-23 21:09:19,066 - httpcore.http11 - DEBUG - receive_response_headers.started request=<Request [b'GET']>
2026-02-23 21:09:19,067 - httpcore.http11 - DEBUG - receive_response_headers.complete return_value=(b'HTTP/1.1', 200, b'OK', [(b'Content-Type', b'application/json; charset=utf-8'), (b'Content-Length', b'2'), (b'Connection', b'keep-alive'), (b'Date', b'Mon, 23 Feb 2026 12:09:18 GMT'), (b'Server', b'postgrest/14.5'), (b'Content-Range', b'*/*'), (b'Content-Location', b'/notification_history?identifier=eq.20260309_%C3%AD%C2%83%C2%9C%C3%AC%C2%95%C2%88%C3%AD%C2%95%C2%B4%C3%AC%C2%95%C2%88_%C3%AC%C2%B9%C2%B4%C3%AB%C2%9D%C2%BC%C3%AB%C2%B0%C2%98&select=id&sent_at=gt.2026-02-22T21%3A09%3A19.065172'), (b'Content-Profile', b'public'), (b'Access-Control-Allow-Origin', b'*'), (b'X-Kong-Upstream-Latency', b'1'), (b'X-Kong-Proxy-Latency', b'0'), (b'Via', b'kong/2.8.1')])
2026-02-23 21:09:19,068 - httpx - INFO - HTTP Request: GET http://127.0.0.1:54321/rest/v1/notification_history?select=id&identifier=eq.20260309_%ED%83%9C%EC%95%88%ED%95%B4%EC%95%88_%EC%B9%B4%EB%9D%BC%EB%B0%98&sent_at=gt.2026-02-22T21%3A09%3A19.065172 "HTTP/1.1 200 OK"
2026-02-23 21:09:19,068 - httpcore.http11 - DEBUG - receive_response_body.started request=<Request [b'GET']>
2026-02-23 21:09:19,068 - httpcore.http11 - DEBUG - receive_response_body.complete
2026-02-23 21:09:19,068 - httpcore.http11 - DEBUG - response_closed.started
2026-02-23 21:09:19,068 - httpcore.http11 - DEBUG - response_closed.complete
2026-02-23 21:09:19,069 - httpcore.http11 - DEBUG - send_request_headers.started request=<Request [b'GET']>
2026-02-23 21:09:19,069 - httpcore.http11 - DEBUG - send_request_headers.complete
2026-02-23 21:09:19,069 - httpcore.http11 - DEBUG - send_request_body.started request=<Request [b'GET']>
2026-02-23 21:09:19,069 - httpcore.http11 - DEBUG - send_request_body.complete
2026-02-23 21:09:19,069 - httpcore.http11 - DEBUG - receive_response_headers.started request=<Request [b'GET']>
2026-02-23 21:09:19,071 - httpcore.http11 - DEBUG - receive_response_headers.complete return_value=(b'HTTP/1.1', 200, b'OK', [(b'Content-Type', b'application/json; charset=utf-8'), (b'Content-Length', b'2'), (b'Connection', b'keep-alive'), (b'Date', b'Mon, 23 Feb 2026 12:09:18 GMT'), (b'Server', b'postgrest/14.5'), (b'Content-Range', b'*/*'), (b'Content-Location', b'/notification_history?identifier=eq.20260310_%C3%AA%C2%B0%C2%80%C3%AC%C2%95%C2%BC%C3%AC%C2%82%C2%B0_%C3%AC%C2%B9%C2%B4%C3%AB%C2%9D%C2%BC%C3%AB%C2%B0%C2%98&select=id&sent_at=gt.2026-02-22T21%3A09%3A19.068911'), (b'Content-Profile', b'public'), (b'Access-Control-Allow-Origin', b'*'), (b'X-Kong-Upstream-Latency', b'1'), (b'X-Kong-Proxy-Latency', b'0'), (b'Via', b'kong/2.8.1')])
2026-02-23 21:09:19,071 - httpx - INFO - HTTP Request: GET http://127.0.0.1:54321/rest/v1/notification_history?select=id&identifier=eq.20260310_%EA%B0%80%EC%95%BC%EC%82%B0_%EC%B9%B4%EB%9D%BC%EB%B0%98&sent_at=gt.2026-02-22T21%3A09%3A19.068911 "HTTP/1.1 200 OK"
2026-02-23 21:09:19,071 - httpcore.http11 - DEBUG - receive_response_body.started request=<Request [b'GET']>
2026-02-23 21:09:19,071 - httpcore.http11 - DEBUG - receive_response_body.complete
2026-02-23 21:09:19,071 - httpcore.http11 - DEBUG - response_closed.started
2026-02-23 21:09:19,071 - httpcore.http11 - DEBUG - response_closed.complete
2026-02-23 21:09:19,072 - httpcore.http11 - DEBUG - send_request_headers.started request=<Request [b'GET']>
2026-02-23 21:09:19,072 - httpcore.http11 - DEBUG - send_request_headers.complete
2026-02-23 21:09:19,072 - httpcore.http11 - DEBUG - send_request_body.started request=<Request [b'GET']>
2026-02-23 21:09:19,072 - httpcore.http11 - DEBUG - send_request_body.complete
2026-02-23 21:09:19,072 - httpcore.http11 - DEBUG - receive_response_headers.started request=<Request [b'GET']>
2026-02-23 21:09:19,074 - httpcore.http11 - DEBUG - receive_response_headers.complete return_value=(b'HTTP/1.1', 200, b'OK', [(b'Content-Type', b'application/json; charset=utf-8'), (b'Content-Length', b'2'), (b'Connection', b'keep-alive'), (b'Date', b'Mon, 23 Feb 2026 12:09:18 GMT'), (b'Server', b'postgrest/14.5'), (b'Content-Range', b'*/*'), (b'Content-Location', b'/notification_history?identifier=eq.20260310_%C3%AC%C2%9B%C2%94%C3%AC%C2%B6%C2%9C%C3%AC%C2%82%C2%B0_%C3%AC%C2%B9%C2%B4%C3%AB%C2%9D%C2%BC%C3%AB%C2%B0%C2%98&select=id&sent_at=gt.2026-02-22T21%3A09%3A19.071855'), (b'Content-Profile', b'public'), (b'Access-Control-Allow-Origin', b'*'), (b'X-Kong-Upstream-Latency', b'0'), (b'X-Kong-Proxy-Latency', b'0'), (b'Via', b'kong/2.8.1')])
2026-02-23 21:09:19,074 - httpx - INFO - HTTP Request: GET http://127.0.0.1:54321/rest/v1/notification_history?select=id&identifier=eq.20260310_%EC%9B%94%EC%B6%9C%EC%82%B0_%EC%B9%B4%EB%9D%BC%EB%B0%98&sent_at=gt.2026-02-22T21%3A09%3A19.071855 "HTTP/1.1 200 OK"
2026-02-23 21:09:19,074 - httpcore.http11 - DEBUG - receive_response_body.started request=<Request [b'GET']>
2026-02-23 21:09:19,074 - httpcore.http11 - DEBUG - receive_response_body.complete
2026-02-23 21:09:19,074 - httpcore.http11 - DEBUG - response_closed.started
2026-02-23 21:09:19,074 - httpcore.http11 - DEBUG - response_closed.complete
2026-02-23 21:09:19,074 - httpcore.http11 - DEBUG - send_request_headers.started request=<Request [b'GET']>
2026-02-23 21:09:19,075 - httpcore.http11 - DEBUG - send_request_headers.complete
2026-02-23 21:09:19,075 - httpcore.http11 - DEBUG - send_request_body.started request=<Request [b'GET']>
2026-02-23 21:09:19,075 - httpcore.http11 - DEBUG - send_request_body.complete
2026-02-23 21:09:19,075 - httpcore.http11 - DEBUG - receive_response_headers.started request=<Request [b'GET']>
2026-02-23 21:09:19,076 - httpcore.http11 - DEBUG - receive_response_headers.complete return_value=(b'HTTP/1.1', 200, b'OK', [(b'Content-Type', b'application/json; charset=utf-8'), (b'Content-Length', b'2'), (b'Connection', b'keep-alive'), (b'Date', b'Mon, 23 Feb 2026 12:09:18 GMT'), (b'Server', b'postgrest/14.5'), (b'Content-Range', b'*/*'), (b'Content-Location', b'/notification_history?identifier=eq.20260310_%C3%AC%C2%B9%C2%98%C3%AC%C2%95%C2%85%C3%AC%C2%82%C2%B0_%C3%AC%C2%B9%C2%B4%C3%AB%C2%9D%C2%BC%C3%AB%C2%B0%C2%98&select=id&sent_at=gt.2026-02-22T21%3A09%3A19.074621'), (b'Content-Profile', b'public'), (b'Access-Control-Allow-Origin', b'*'), (b'X-Kong-Upstream-Latency', b'1'), (b'X-Kong-Proxy-Latency', b'0'), (b'Via', b'kong/2.8.1')])
2026-02-23 21:09:19,077 - httpx - INFO - HTTP Request: GET http://127.0.0.1:54321/rest/v1/notification_history?select=id&identifier=eq.20260310_%EC%B9%98%EC%95%85%EC%82%B0_%EC%B9%B4%EB%9D%BC%EB%B0%98&sent_at=gt.2026-02-22T21%3A09%3A19.074621 "HTTP/1.1 200 OK"
2026-02-23 21:09:19,077 - httpcore.http11 - DEBUG - receive_response_body.started request=<Request [b'GET']>
2026-02-23 21:09:19,077 - httpcore.http11 - DEBUG - receive_response_body.complete
2026-02-23 21:09:19,077 - httpcore.http11 - DEBUG - response_closed.started
2026-02-23 21:09:19,077 - httpcore.http11 - DEBUG - response_closed.complete
2026-02-23 21:09:19,077 - httpcore.http11 - DEBUG - send_request_headers.started request=<Request [b'GET']>
2026-02-23 21:09:19,081 - httpcore.http11 - DEBUG - send_request_headers.complete
2026-02-23 21:09:19,081 - httpcore.http11 - DEBUG - send_request_body.started request=<Request [b'GET']>
2026-02-23 21:09:19,082 - httpcore.http11 - DEBUG - send_request_body.complete
2026-02-23 21:09:19,082 - httpcore.http11 - DEBUG - receive_response_headers.started request=<Request [b'GET']>
2026-02-23 21:09:19,083 - httpcore.http11 - DEBUG - receive_response_headers.complete return_value=(b'HTTP/1.1', 200, b'OK', [(b'Content-Type', b'application/json; charset=utf-8'), (b'Content-Length', b'2'), (b'Connection', b'keep-alive'), (b'Date', b'Mon, 23 Feb 2026 12:09:18 GMT'), (b'Server', b'postgrest/14.5'), (b'Content-Range', b'*/*'), (b'Content-Location', b'/notification_history?identifier=eq.20260310_%C3%AD%C2%83%C2%9C%C3%AC%C2%95%C2%88%C3%AD%C2%95%C2%B4%C3%AC%C2%95%C2%88_%C3%AC%C2%B9%C2%B4%C3%AB%C2%9D%C2%BC%C3%AB%C2%B0%C2%98&select=id&sent_at=gt.2026-02-22T21%3A09%3A19.077662'), (b'Content-Profile', b'public'), (b'Access-Control-Allow-Origin', b'*'), (b'X-Kong-Upstream-Latency', b'1'), (b'X-Kong-Proxy-Latency', b'0'), (b'Via', b'kong/2.8.1')])
2026-02-23 21:09:19,083 - httpx - INFO - HTTP Request: GET http://127.0.0.1:54321/rest/v1/notification_history?select=id&identifier=eq.20260310_%ED%83%9C%EC%95%88%ED%95%B4%EC%95%88_%EC%B9%B4%EB%9D%BC%EB%B0%98&sent_at=gt.2026-02-22T21%3A09%3A19.077662 "HTTP/1.1 200 OK"
2026-02-23 21:09:19,083 - httpcore.http11 - DEBUG - receive_response_body.started request=<Request [b'GET']>
2026-02-23 21:09:19,083 - httpcore.http11 - DEBUG - receive_response_body.complete
2026-02-23 21:09:19,083 - httpcore.http11 - DEBUG - response_closed.started
2026-02-23 21:09:19,084 - httpcore.http11 - DEBUG - response_closed.complete
2026-02-23 21:09:19,084 - httpcore.http11 - DEBUG - send_request_headers.started request=<Request [b'GET']>
2026-02-23 21:09:19,085 - httpcore.http11 - DEBUG - send_request_headers.complete
2026-02-23 21:09:19,085 - httpcore.http11 - DEBUG - send_request_body.started request=<Request [b'GET']>
2026-02-23 21:09:19,085 - httpcore.http11 - DEBUG - send_request_body.complete
2026-02-23 21:09:19,085 - httpcore.http11 - DEBUG - receive_response_headers.started request=<Request [b'GET']>
2026-02-23 21:09:19,086 - httpcore.http11 - DEBUG - receive_response_headers.complete return_value=(b'HTTP/1.1', 200, b'OK', [(b'Content-Type', b'application/json; charset=utf-8'), (b'Content-Length', b'2'), (b'Connection', b'keep-alive'), (b'Date', b'Mon, 23 Feb 2026 12:09:18 GMT'), (b'Server', b'postgrest/14.5'), (b'Content-Range', b'*/*'), (b'Content-Location', b'/notification_history?identifier=eq.20260312_%C3%AA%C2%B0%C2%80%C3%AC%C2%95%C2%BC%C3%AC%C2%82%C2%B0_%C3%AC%C2%B9%C2%B4%C3%AB%C2%9D%C2%BC%C3%AB%C2%B0%C2%98&select=id&sent_at=gt.2026-02-22T21%3A09%3A19.084511'), (b'Content-Profile', b'public'), (b'Access-Control-Allow-Origin', b'*'), (b'X-Kong-Upstream-Latency', b'1'), (b'X-Kong-Proxy-Latency', b'0'), (b'Via', b'kong/2.8.1')])
2026-02-23 21:09:19,086 - httpx - INFO - HTTP Request: GET http://127.0.0.1:54321/rest/v1/notification_history?select=id&identifier=eq.20260312_%EA%B0%80%EC%95%BC%EC%82%B0_%EC%B9%B4%EB%9D%BC%EB%B0%98&sent_at=gt.2026-02-22T21%3A09%3A19.084511 "HTTP/1.1 200 OK"
2026-02-23 21:09:19,087 - httpcore.http11 - DEBUG - receive_response_body.started request=<Request [b'GET']>
2026-02-23 21:09:19,087 - httpcore.http11 - DEBUG - receive_response_body.complete
2026-02-23 21:09:19,087 - httpcore.http11 - DEBUG - response_closed.started
2026-02-23 21:09:19,087 - httpcore.http11 - DEBUG - response_closed.complete
2026-02-23 21:09:19,087 - httpcore.http11 - DEBUG - send_request_headers.started request=<Request [b'GET']>
2026-02-23 21:09:19,088 - httpcore.http11 - DEBUG - send_request_headers.complete
2026-02-23 21:09:19,088 - httpcore.http11 - DEBUG - send_request_body.started request=<Request [b'GET']>
2026-02-23 21:09:19,088 - httpcore.http11 - DEBUG - send_request_body.complete
2026-02-23 21:09:19,088 - httpcore.http11 - DEBUG - receive_response_headers.started request=<Request [b'GET']>
2026-02-23 21:09:19,090 - httpcore.http11 - DEBUG - receive_response_headers.complete return_value=(b'HTTP/1.1', 200, b'OK', [(b'Content-Type', b'application/json; charset=utf-8'), (b'Content-Length', b'2'), (b'Connection', b'keep-alive'), (b'Date', b'Mon, 23 Feb 2026 12:09:18 GMT'), (b'Server', b'postgrest/14.5'), (b'Content-Range', b'*/*'), (b'Content-Location', b'/notification_history?identifier=eq.20260312_%C3%AC%C2%9B%C2%94%C3%AC%C2%B6%C2%9C%C3%AC%C2%82%C2%B0_%C3%AC%C2%B9%C2%B4%C3%AB%C2%9D%C2%BC%C3%AB%C2%B0%C2%98&select=id&sent_at=gt.2026-02-22T21%3A09%3A19.087599'), (b'Content-Profile', b'public'), (b'Access-Control-Allow-Origin', b'*'), (b'X-Kong-Upstream-Latency', b'1'), (b'X-Kong-Proxy-Latency', b'0'), (b'Via', b'kong/2.8.1')])
2026-02-23 21:09:19,090 - httpx - INFO - HTTP Request: GET http://127.0.0.1:54321/rest/v1/notification_history?select=id&identifier=eq.20260312_%EC%9B%94%EC%B6%9C%EC%82%B0_%EC%B9%B4%EB%9D%BC%EB%B0%98&sent_at=gt.2026-02-22T21%3A09%3A19.087599 "HTTP/1.1 200 OK"
2026-02-23 21:09:19,090 - httpcore.http11 - DEBUG - receive_response_body.started request=<Request [b'GET']>
2026-02-23 21:09:19,090 - httpcore.http11 - DEBUG - receive_response_body.complete
2026-02-23 21:09:19,091 - httpcore.http11 - DEBUG - response_closed.started
2026-02-23 21:09:19,091 - httpcore.http11 - DEBUG - response_closed.complete
2026-02-23 21:09:19,092 - httpcore.http11 - DEBUG - send_request_headers.started request=<Request [b'GET']>
2026-02-23 21:09:19,092 - httpcore.http11 - DEBUG - send_request_headers.complete
2026-02-23 21:09:19,092 - httpcore.http11 - DEBUG - send_request_body.started request=<Request [b'GET']>
2026-02-23 21:09:19,093 - httpcore.http11 - DEBUG - send_request_body.complete
2026-02-23 21:09:19,093 - httpcore.http11 - DEBUG - receive_response_headers.started request=<Request [b'GET']>
2026-02-23 21:09:19,094 - httpcore.http11 - DEBUG - receive_response_headers.complete return_value=(b'HTTP/1.1', 200, b'OK', [(b'Content-Type', b'application/json; charset=utf-8'), (b'Content-Length', b'2'), (b'Connection', b'keep-alive'), (b'Date', b'Mon, 23 Feb 2026 12:09:18 GMT'), (b'Server', b'postgrest/14.5'), (b'Content-Range', b'*/*'), (b'Content-Location', b'/notification_history?identifier=eq.20260312_%C3%AC%C2%B9%C2%98%C3%AC%C2%95%C2%85%C3%AC%C2%82%C2%B0_%C3%AC%C2%B9%C2%B4%C3%AB%C2%9D%C2%BC%C3%AB%C2%B0%C2%98&select=id&sent_at=gt.2026-02-22T21%3A09%3A19.091709'), (b'Content-Profile', b'public'), (b'Access-Control-Allow-Origin', b'*'), (b'X-Kong-Upstream-Latency', b'1'), (b'X-Kong-Proxy-Latency', b'0'), (b'Via', b'kong/2.8.1')])
2026-02-23 21:09:19,094 - httpx - INFO - HTTP Request: GET http://127.0.0.1:54321/rest/v1/notification_history?select=id&identifier=eq.20260312_%EC%B9%98%EC%95%85%EC%82%B0_%EC%B9%B4%EB%9D%BC%EB%B0%98&sent_at=gt.2026-02-22T21%3A09%3A19.091709 "HTTP/1.1 200 OK"
2026-02-23 21:09:19,094 - httpcore.http11 - DEBUG - receive_response_body.started request=<Request [b'GET']>
2026-02-23 21:09:19,094 - httpcore.http11 - DEBUG - receive_response_body.complete
2026-02-23 21:09:19,094 - httpcore.http11 - DEBUG - response_closed.started
2026-02-23 21:09:19,094 - httpcore.http11 - DEBUG - response_closed.complete
2026-02-23 21:09:19,095 - httpcore.http11 - DEBUG - send_request_headers.started request=<Request [b'GET']>
2026-02-23 21:09:19,095 - httpcore.http11 - DEBUG - send_request_headers.complete
2026-02-23 21:09:19,095 - httpcore.http11 - DEBUG - send_request_body.started request=<Request [b'GET']>
2026-02-23 21:09:19,095 - httpcore.http11 - DEBUG - send_request_body.complete
2026-02-23 21:09:19,095 - httpcore.http11 - DEBUG - receive_response_headers.started request=<Request [b'GET']>
2026-02-23 21:09:19,097 - httpcore.http11 - DEBUG - receive_response_headers.complete return_value=(b'HTTP/1.1', 200, b'OK', [(b'Content-Type', b'application/json; charset=utf-8'), (b'Content-Length', b'2'), (b'Connection', b'keep-alive'), (b'Date', b'Mon, 23 Feb 2026 12:09:18 GMT'), (b'Server', b'postgrest/14.5'), (b'Content-Range', b'*/*'), (b'Content-Location', b'/notification_history?identifier=eq.20260312_%C3%AD%C2%83%C2%9C%C3%AC%C2%95%C2%88%C3%AD%C2%95%C2%B4%C3%AC%C2%95%C2%88_%C3%AC%C2%B9%C2%B4%C3%AB%C2%9D%C2%BC%C3%AB%C2%B0%C2%98&select=id&sent_at=gt.2026-02-22T21%3A09%3A19.094887'), (b'Content-Profile', b'public'), (b'Access-Control-Allow-Origin', b'*'), (b'X-Kong-Upstream-Latency', b'1'), (b'X-Kong-Proxy-Latency', b'0'), (b'Via', b'kong/2.8.1')])
2026-02-23 21:09:19,097 - httpx - INFO - HTTP Request: GET http://127.0.0.1:54321/rest/v1/notification_history?select=id&identifier=eq.20260312_%ED%83%9C%EC%95%88%ED%95%B4%EC%95%88_%EC%B9%B4%EB%9D%BC%EB%B0%98&sent_at=gt.2026-02-22T21%3A09%3A19.094887 "HTTP/1.1 200 OK"
2026-02-23 21:09:19,097 - httpcore.http11 - DEBUG - receive_response_body.started request=<Request [b'GET']>
2026-02-23 21:09:19,097 - httpcore.http11 - DEBUG - receive_response_body.complete
2026-02-23 21:09:19,097 - httpcore.http11 - DEBUG - response_closed.started
2026-02-23 21:09:19,098 - httpcore.http11 - DEBUG - response_closed.complete
2026-02-23 21:09:19,098 - httpcore.http11 - DEBUG - send_request_headers.started request=<Request [b'GET']>
2026-02-23 21:09:19,098 - httpcore.http11 - DEBUG - send_request_headers.complete
2026-02-23 21:09:19,098 - httpcore.http11 - DEBUG - send_request_body.started request=<Request [b'GET']>
2026-02-23 21:09:19,099 - httpcore.http11 - DEBUG - send_request_body.complete
2026-02-23 21:09:19,099 - httpcore.http11 - DEBUG - receive_response_headers.started request=<Request [b'GET']>
2026-02-23 21:09:19,100 - httpcore.http11 - DEBUG - receive_response_headers.complete return_value=(b'HTTP/1.1', 200, b'OK', [(b'Content-Type', b'application/json; charset=utf-8'), (b'Content-Length', b'2'), (b'Connection', b'keep-alive'), (b'Date', b'Mon, 23 Feb 2026 12:09:18 GMT'), (b'Server', b'postgrest/14.5'), (b'Content-Range', b'*/*'), (b'Content-Location', b'/notification_history?identifier=eq.20260313_%C3%AA%C2%B0%C2%80%C3%AC%C2%95%C2%BC%C3%AC%C2%82%C2%B0_%C3%AC%C2%B9%C2%B4%C3%AB%C2%9D%C2%BC%C3%AB%C2%B0%C2%98&select=id&sent_at=gt.2026-02-22T21%3A09%3A19.098155'), (b'Content-Profile', b'public'), (b'Access-Control-Allow-Origin', b'*'), (b'X-Kong-Upstream-Latency', b'1'), (b'X-Kong-Proxy-Latency', b'0'), (b'Via', b'kong/2.8.1')])
2026-02-23 21:09:19,100 - httpx - INFO - HTTP Request: GET http://127.0.0.1:54321/rest/v1/notification_history?select=id&identifier=eq.20260313_%EA%B0%80%EC%95%BC%EC%82%B0_%EC%B9%B4%EB%9D%BC%EB%B0%98&sent_at=gt.2026-02-22T21%3A09%3A19.098155 "HTTP/1.1 200 OK"
2026-02-23 21:09:19,100 - httpcore.http11 - DEBUG - receive_response_body.started request=<Request [b'GET']>
2026-02-23 21:09:19,101 - httpcore.http11 - DEBUG - receive_response_body.complete
2026-02-23 21:09:19,101 - httpcore.http11 - DEBUG - response_closed.started
2026-02-23 21:09:19,102 - httpcore.http11 - DEBUG - response_closed.complete
2026-02-23 21:09:19,102 - httpcore.http11 - DEBUG - send_request_headers.started request=<Request [b'GET']>
2026-02-23 21:09:19,102 - httpcore.http11 - DEBUG - send_request_headers.complete
2026-02-23 21:09:19,102 - httpcore.http11 - DEBUG - send_request_body.started request=<Request [b'GET']>
2026-02-23 21:09:19,103 - httpcore.http11 - DEBUG - send_request_body.complete
2026-02-23 21:09:19,103 - httpcore.http11 - DEBUG - receive_response_headers.started request=<Request [b'GET']>
2026-02-23 21:09:19,104 - httpcore.http11 - DEBUG - receive_response_headers.complete return_value=(b'HTTP/1.1', 200, b'OK', [(b'Content-Type', b'application/json; charset=utf-8'), (b'Content-Length', b'2'), (b'Connection', b'keep-alive'), (b'Date', b'Mon, 23 Feb 2026 12:09:18 GMT'), (b'Server', b'postgrest/14.5'), (b'Content-Range', b'*/*'), (b'Content-Location', b'/notification_history?identifier=eq.20260313_%C3%AB%C2%8D%C2%95%C3%AC%C2%9C%C2%A0%C3%AC%C2%82%C2%B0_%C3%AC%C2%B9%C2%B4%C3%AB%C2%9D%C2%BC%C3%AB%C2%B0%C2%98&select=id&sent_at=gt.2026-02-22T21%3A09%3A19.102155'), (b'Content-Profile', b'public'), (b'Access-Control-Allow-Origin', b'*'), (b'X-Kong-Upstream-Latency', b'1'), (b'X-Kong-Proxy-Latency', b'0'), (b'Via', b'kong/2.8.1')])
2026-02-23 21:09:19,104 - httpx - INFO - HTTP Request: GET http://127.0.0.1:54321/rest/v1/notification_history?select=id&identifier=eq.20260313_%EB%8D%95%EC%9C%A0%EC%82%B0_%EC%B9%B4%EB%9D%BC%EB%B0%98&sent_at=gt.2026-02-22T21%3A09%3A19.102155 "HTTP/1.1 200 OK"
2026-02-23 21:09:19,105 - httpcore.http11 - DEBUG - receive_response_body.started request=<Request [b'GET']>
2026-02-23 21:09:19,105 - httpcore.http11 - DEBUG - receive_response_body.complete
2026-02-23 21:09:19,105 - httpcore.http11 - DEBUG - response_closed.started
2026-02-23 21:09:19,105 - httpcore.http11 - DEBUG - response_closed.complete
2026-02-23 21:09:19,105 - httpcore.http11 - DEBUG - send_request_headers.started request=<Request [b'GET']>
2026-02-23 21:09:19,105 - httpcore.http11 - DEBUG - send_request_headers.complete
2026-02-23 21:09:19,106 - httpcore.http11 - DEBUG - send_request_body.started request=<Request [b'GET']>
2026-02-23 21:09:19,106 - httpcore.http11 - DEBUG - send_request_body.complete
2026-02-23 21:09:19,106 - httpcore.http11 - DEBUG - receive_response_headers.started request=<Request [b'GET']>
2026-02-23 21:09:19,108 - httpcore.http11 - DEBUG - receive_response_headers.complete return_value=(b'HTTP/1.1', 200, b'OK', [(b'Content-Type', b'application/json; charset=utf-8'), (b'Content-Length', b'2'), (b'Connection', b'keep-alive'), (b'Date', b'Mon, 23 Feb 2026 12:09:18 GMT'), (b'Server', b'postgrest/14.5'), (b'Content-Range', b'*/*'), (b'Content-Location', b'/notification_history?identifier=eq.20260313_%C3%AC%C2%B9%C2%98%C3%AC%C2%95%C2%85%C3%AC%C2%82%C2%B0_%C3%AC%C2%B9%C2%B4%C3%AB%C2%9D%C2%BC%C3%AB%C2%B0%C2%98&select=id&sent_at=gt.2026-02-22T21%3A09%3A19.105542'), (b'Content-Profile', b'public'), (b'Access-Control-Allow-Origin', b'*'), (b'X-Kong-Upstream-Latency', b'1'), (b'X-Kong-Proxy-Latency', b'0'), (b'Via', b'kong/2.8.1')])
2026-02-23 21:09:19,108 - httpx - INFO - HTTP Request: GET http://127.0.0.1:54321/rest/v1/notification_history?select=id&identifier=eq.20260313_%EC%B9%98%EC%95%85%EC%82%B0_%EC%B9%B4%EB%9D%BC%EB%B0%98&sent_at=gt.2026-02-22T21%3A09%3A19.105542 "HTTP/1.1 200 OK"
2026-02-23 21:09:19,108 - httpcore.http11 - DEBUG - receive_response_body.started request=<Request [b'GET']>
2026-02-23 21:09:19,109 - httpcore.http11 - DEBUG - receive_response_body.complete
2026-02-23 21:09:19,109 - httpcore.http11 - DEBUG - response_closed.started
2026-02-23 21:09:19,109 - httpcore.http11 - DEBUG - response_closed.complete
2026-02-23 21:09:19,110 - httpcore.http11 - DEBUG - send_request_headers.started request=<Request [b'GET']>
2026-02-23 21:09:19,110 - httpcore.http11 - DEBUG - send_request_headers.complete
2026-02-23 21:09:19,110 - httpcore.http11 - DEBUG - send_request_body.started request=<Request [b'GET']>
2026-02-23 21:09:19,110 - httpcore.http11 - DEBUG - send_request_body.complete
2026-02-23 21:09:19,110 - httpcore.http11 - DEBUG - receive_response_headers.started request=<Request [b'GET']>
2026-02-23 21:09:19,112 - httpcore.http11 - DEBUG - receive_response_headers.complete return_value=(b'HTTP/1.1', 200, b'OK', [(b'Content-Type', b'application/json; charset=utf-8'), (b'Content-Length', b'2'), (b'Connection', b'keep-alive'), (b'Date', b'Mon, 23 Feb 2026 12:09:18 GMT'), (b'Server', b'postgrest/14.5'), (b'Content-Range', b'*/*'), (b'Content-Location', b'/notification_history?identifier=eq.20260313_%C3%AD%C2%83%C2%9C%C3%AC%C2%95%C2%88%C3%AD%C2%95%C2%B4%C3%AC%C2%95%C2%88_%C3%AC%C2%B9%C2%B4%C3%AB%C2%9D%C2%BC%C3%AB%C2%B0%C2%98&select=id&sent_at=gt.2026-02-22T21%3A09%3A19.109885'), (b'Content-Profile', b'public'), (b'Access-Control-Allow-Origin', b'*'), (b'X-Kong-Upstream-Latency', b'1'), (b'X-Kong-Proxy-Latency', b'0'), (b'Via', b'kong/2.8.1')])
2026-02-23 21:09:19,112 - httpx - INFO - HTTP Request: GET http://127.0.0.1:54321/rest/v1/notification_history?select=id&identifier=eq.20260313_%ED%83%9C%EC%95%88%ED%95%B4%EC%95%88_%EC%B9%B4%EB%9D%BC%EB%B0%98&sent_at=gt.2026-02-22T21%3A09%3A19.109885 "HTTP/1.1 200 OK"
2026-02-23 21:09:19,112 - httpcore.http11 - DEBUG - receive_response_body.started request=<Request [b'GET']>
2026-02-23 21:09:19,112 - httpcore.http11 - DEBUG - receive_response_body.complete
2026-02-23 21:09:19,112 - httpcore.http11 - DEBUG - response_closed.started
2026-02-23 21:09:19,112 - httpcore.http11 - DEBUG - response_closed.complete
2026-02-23 21:09:19,113 - httpcore.http11 - DEBUG - send_request_headers.started request=<Request [b'GET']>
2026-02-23 21:09:19,113 - httpcore.http11 - DEBUG - send_request_headers.complete
2026-02-23 21:09:19,113 - httpcore.http11 - DEBUG - send_request_body.started request=<Request [b'GET']>
2026-02-23 21:09:19,113 - httpcore.http11 - DEBUG - send_request_body.complete
2026-02-23 21:09:19,113 - httpcore.http11 - DEBUG - receive_response_headers.started request=<Request [b'GET']>
2026-02-23 21:09:19,115 - httpcore.http11 - DEBUG - receive_response_headers.complete return_value=(b'HTTP/1.1', 200, b'OK', [(b'Content-Type', b'application/json; charset=utf-8'), (b'Content-Length', b'2'), (b'Connection', b'keep-alive'), (b'Date', b'Mon, 23 Feb 2026 12:09:18 GMT'), (b'Server', b'postgrest/14.5'), (b'Content-Range', b'*/*'), (b'Content-Location', b'/notification_history?identifier=eq.20260315_%C3%AA%C2%B0%C2%80%C3%AC%C2%95%C2%BC%C3%AC%C2%82%C2%B0_%C3%AC%C2%B9%C2%B4%C3%AB%C2%9D%C2%BC%C3%AB%C2%B0%C2%98&select=id&sent_at=gt.2026-02-22T21%3A09%3A19.112983'), (b'Content-Profile', b'public'), (b'Access-Control-Allow-Origin', b'*'), (b'X-Kong-Upstream-Latency', b'1'), (b'X-Kong-Proxy-Latency', b'0'), (b'Via', b'kong/2.8.1')])
2026-02-23 21:09:19,116 - httpx - INFO - HTTP Request: GET http://127.0.0.1:54321/rest/v1/notification_history?select=id&identifier=eq.20260315_%EA%B0%80%EC%95%BC%EC%82%B0_%EC%B9%B4%EB%9D%BC%EB%B0%98&sent_at=gt.2026-02-22T21%3A09%3A19.112983 "HTTP/1.1 200 OK"
2026-02-23 21:09:19,116 - httpcore.http11 - DEBUG - receive_response_body.started request=<Request [b'GET']>
2026-02-23 21:09:19,116 - httpcore.http11 - DEBUG - receive_response_body.complete
2026-02-23 21:09:19,116 - httpcore.http11 - DEBUG - response_closed.started
2026-02-23 21:09:19,116 - httpcore.http11 - DEBUG - response_closed.complete
2026-02-23 21:09:19,117 - httpcore.http11 - DEBUG - send_request_headers.started request=<Request [b'GET']>
2026-02-23 21:09:19,117 - httpcore.http11 - DEBUG - send_request_headers.complete
2026-02-23 21:09:19,117 - httpcore.http11 - DEBUG - send_request_body.started request=<Request [b'GET']>
2026-02-23 21:09:19,117 - httpcore.http11 - DEBUG - send_request_body.complete
2026-02-23 21:09:19,118 - httpcore.http11 - DEBUG - receive_response_headers.started request=<Request [b'GET']>
2026-02-23 21:09:19,119 - httpcore.http11 - DEBUG - receive_response_headers.complete return_value=(b'HTTP/1.1', 200, b'OK', [(b'Content-Type', b'application/json; charset=utf-8'), (b'Content-Length', b'2'), (b'Connection', b'keep-alive'), (b'Date', b'Mon, 23 Feb 2026 12:09:18 GMT'), (b'Server', b'postgrest/14.5'), (b'Content-Range', b'*/*'), (b'Content-Location', b'/notification_history?identifier=eq.20260315_%C3%AB%C2%8D%C2%95%C3%AC%C2%9C%C2%A0%C3%AC%C2%82%C2%B0_%C3%AC%C2%B9%C2%B4%C3%AB%C2%9D%C2%BC%C3%AB%C2%B0%C2%98&select=id&sent_at=gt.2026-02-22T21%3A09%3A19.117099'), (b'Content-Profile', b'public'), (b'Access-Control-Allow-Origin', b'*'), (b'X-Kong-Upstream-Latency', b'1'), (b'X-Kong-Proxy-Latency', b'0'), (b'Via', b'kong/2.8.1')])
2026-02-23 21:09:19,119 - httpx - INFO - HTTP Request: GET http://127.0.0.1:54321/rest/v1/notification_history?select=id&identifier=eq.20260315_%EB%8D%95%EC%9C%A0%EC%82%B0_%EC%B9%B4%EB%9D%BC%EB%B0%98&sent_at=gt.2026-02-22T21%3A09%3A19.117099 "HTTP/1.1 200 OK"
2026-02-23 21:09:19,119 - httpcore.http11 - DEBUG - receive_response_body.started request=<Request [b'GET']>
2026-02-23 21:09:19,119 - httpcore.http11 - DEBUG - receive_response_body.complete
2026-02-23 21:09:19,120 - httpcore.http11 - DEBUG - response_closed.started
2026-02-23 21:09:19,120 - httpcore.http11 - DEBUG - response_closed.complete
2026-02-23 21:09:19,120 - httpcore.http11 - DEBUG - send_request_headers.started request=<Request [b'GET']>
2026-02-23 21:09:19,120 - httpcore.http11 - DEBUG - send_request_headers.complete
2026-02-23 21:09:19,120 - httpcore.http11 - DEBUG - send_request_body.started request=<Request [b'GET']>
2026-02-23 21:09:19,120 - httpcore.http11 - DEBUG - send_request_body.complete
2026-02-23 21:09:19,120 - httpcore.http11 - DEBUG - receive_response_headers.started request=<Request [b'GET']>
2026-02-23 21:09:19,123 - httpcore.http11 - DEBUG - receive_response_headers.complete return_value=(b'HTTP/1.1', 200, b'OK', [(b'Content-Type', b'application/json; charset=utf-8'), (b'Content-Length', b'2'), (b'Connection', b'keep-alive'), (b'Date', b'Mon, 23 Feb 2026 12:09:18 GMT'), (b'Server', b'postgrest/14.5'), (b'Content-Range', b'*/*'), (b'Content-Location', b'/notification_history?identifier=eq.20260315_%C3%AC%C2%9B%C2%94%C3%AC%C2%B6%C2%9C%C3%AC%C2%82%C2%B0_%C3%AC%C2%B9%C2%B4%C3%AB%C2%9D%C2%BC%C3%AB%C2%B0%C2%98&select=id&sent_at=gt.2026-02-22T21%3A09%3A19.120170'), (b'Content-Profile', b'public'), (b'Access-Control-Allow-Origin', b'*'), (b'X-Kong-Upstream-Latency', b'2'), (b'X-Kong-Proxy-Latency', b'0'), (b'Via', b'kong/2.8.1')])
2026-02-23 21:09:19,124 - httpx - INFO - HTTP Request: GET http://127.0.0.1:54321/rest/v1/notification_history?select=id&identifier=eq.20260315_%EC%9B%94%EC%B6%9C%EC%82%B0_%EC%B9%B4%EB%9D%BC%EB%B0%98&sent_at=gt.2026-02-22T21%3A09%3A19.120170 "HTTP/1.1 200 OK"
2026-02-23 21:09:19,124 - httpcore.http11 - DEBUG - receive_response_body.started request=<Request [b'GET']>
2026-02-23 21:09:19,125 - httpcore.http11 - DEBUG - receive_response_body.complete
2026-02-23 21:09:19,125 - httpcore.http11 - DEBUG - response_closed.started
2026-02-23 21:09:19,126 - httpcore.http11 - DEBUG - response_closed.complete
2026-02-23 21:09:19,126 - httpcore.http11 - DEBUG - send_request_headers.started request=<Request [b'GET']>
2026-02-23 21:09:19,126 - httpcore.http11 - DEBUG - send_request_headers.complete
2026-02-23 21:09:19,127 - httpcore.http11 - DEBUG - send_request_body.started request=<Request [b'GET']>
2026-02-23 21:09:19,127 - httpcore.http11 - DEBUG - send_request_body.complete
2026-02-23 21:09:19,128 - httpcore.http11 - DEBUG - receive_response_headers.started request=<Request [b'GET']>
2026-02-23 21:09:19,129 - httpcore.http11 - DEBUG - receive_response_headers.complete return_value=(b'HTTP/1.1', 200, b'OK', [(b'Content-Type', b'application/json; charset=utf-8'), (b'Content-Length', b'2'), (b'Connection', b'keep-alive'), (b'Date', b'Mon, 23 Feb 2026 12:09:18 GMT'), (b'Server', b'postgrest/14.5'), (b'Content-Range', b'*/*'), (b'Content-Location', b'/notification_history?identifier=eq.20260315_%C3%AC%C2%B9%C2%98%C3%AC%C2%95%C2%85%C3%AC%C2%82%C2%B0_%C3%AC%C2%B9%C2%B4%C3%AB%C2%9D%C2%BC%C3%AB%C2%B0%C2%98&select=id&sent_at=gt.2026-02-22T21%3A09%3A19.126259'), (b'Content-Profile', b'public'), (b'Access-Control-Allow-Origin', b'*'), (b'X-Kong-Upstream-Latency', b'1'), (b'X-Kong-Proxy-Latency', b'0'), (b'Via', b'kong/2.8.1')])
2026-02-23 21:09:19,129 - httpx - INFO - HTTP Request: GET http://127.0.0.1:54321/rest/v1/notification_history?select=id&identifier=eq.20260315_%EC%B9%98%EC%95%85%EC%82%B0_%EC%B9%B4%EB%9D%BC%EB%B0%98&sent_at=gt.2026-02-22T21%3A09%3A19.126259 "HTTP/1.1 200 OK"
2026-02-23 21:09:19,129 - httpcore.http11 - DEBUG - receive_response_body.started request=<Request [b'GET']>
2026-02-23 21:09:19,129 - httpcore.http11 - DEBUG - receive_response_body.complete
2026-02-23 21:09:19,129 - httpcore.http11 - DEBUG - response_closed.started
2026-02-23 21:09:19,129 - httpcore.http11 - DEBUG - response_closed.complete
2026-02-23 21:09:19,130 - httpcore.http11 - DEBUG - send_request_headers.started request=<Request [b'GET']>
2026-02-23 21:09:19,130 - httpcore.http11 - DEBUG - send_request_headers.complete
2026-02-23 21:09:19,130 - httpcore.http11 - DEBUG - send_request_body.started request=<Request [b'GET']>
2026-02-23 21:09:19,130 - httpcore.http11 - DEBUG - send_request_body.complete
2026-02-23 21:09:19,130 - httpcore.http11 - DEBUG - receive_response_headers.started request=<Request [b'GET']>
2026-02-23 21:09:19,132 - httpcore.http11 - DEBUG - receive_response_headers.complete return_value=(b'HTTP/1.1', 200, b'OK', [(b'Content-Type', b'application/json; charset=utf-8'), (b'Content-Length', b'2'), (b'Connection', b'keep-alive'), (b'Date', b'Mon, 23 Feb 2026 12:09:18 GMT'), (b'Server', b'postgrest/14.5'), (b'Content-Range', b'*/*'), (b'Content-Location', b'/notification_history?identifier=eq.20260315_%C3%AD%C2%83%C2%9C%C3%AC%C2%95%C2%88%C3%AD%C2%95%C2%B4%C3%AC%C2%95%C2%88_%C3%AC%C2%B9%C2%B4%C3%AB%C2%9D%C2%BC%C3%AB%C2%B0%C2%98&select=id&sent_at=gt.2026-02-22T21%3A09%3A19.129744'), (b'Content-Profile', b'public'), (b'Access-Control-Allow-Origin', b'*'), (b'X-Kong-Upstream-Latency', b'0'), (b'X-Kong-Proxy-Latency', b'1'), (b'Via', b'kong/2.8.1')])
2026-02-23 21:09:19,132 - httpx - INFO - HTTP Request: GET http://127.0.0.1:54321/rest/v1/notification_history?select=id&identifier=eq.20260315_%ED%83%9C%EC%95%88%ED%95%B4%EC%95%88_%EC%B9%B4%EB%9D%BC%EB%B0%98&sent_at=gt.2026-02-22T21%3A09%3A19.129744 "HTTP/1.1 200 OK"
2026-02-23 21:09:19,132 - httpcore.http11 - DEBUG - receive_response_body.started request=<Request [b'GET']>
2026-02-23 21:09:19,132 - httpcore.http11 - DEBUG - receive_response_body.complete
2026-02-23 21:09:19,132 - httpcore.http11 - DEBUG - response_closed.started
2026-02-23 21:09:19,132 - httpcore.http11 - DEBUG - response_closed.complete
2026-02-23 21:09:19,133 - httpcore.http11 - DEBUG - send_request_headers.started request=<Request [b'GET']>
2026-02-23 21:09:19,133 - httpcore.http11 - DEBUG - send_request_headers.complete
2026-02-23 21:09:19,133 - httpcore.http11 - DEBUG - send_request_body.started request=<Request [b'GET']>
2026-02-23 21:09:19,133 - httpcore.http11 - DEBUG - send_request_body.complete
2026-02-23 21:09:19,133 - httpcore.http11 - DEBUG - receive_response_headers.started request=<Request [b'GET']>
2026-02-23 21:09:19,135 - httpcore.http11 - DEBUG - receive_response_headers.complete return_value=(b'HTTP/1.1', 200, b'OK', [(b'Content-Type', b'application/json; charset=utf-8'), (b'Content-Length', b'2'), (b'Connection', b'keep-alive'), (b'Date', b'Mon, 23 Feb 2026 12:09:18 GMT'), (b'Server', b'postgrest/14.5'), (b'Content-Range', b'*/*'), (b'Content-Location', b'/notification_history?identifier=eq.20260316_%C3%AA%C2%B0%C2%80%C3%AC%C2%95%C2%BC%C3%AC%C2%82%C2%B0_%C3%AC%C2%B9%C2%B4%C3%AB%C2%9D%C2%BC%C3%AB%C2%B0%C2%98&select=id&sent_at=gt.2026-02-22T21%3A09%3A19.132720'), (b'Content-Profile', b'public'), (b'Access-Control-Allow-Origin', b'*'), (b'X-Kong-Upstream-Latency', b'0'), (b'X-Kong-Proxy-Latency', b'1'), (b'Via', b'kong/2.8.1')])
2026-02-23 21:09:19,135 - httpx - INFO - HTTP Request: GET http://127.0.0.1:54321/rest/v1/notification_history?select=id&identifier=eq.20260316_%EA%B0%80%EC%95%BC%EC%82%B0_%EC%B9%B4%EB%9D%BC%EB%B0%98&sent_at=gt.2026-02-22T21%3A09%3A19.132720 "HTTP/1.1 200 OK"
2026-02-23 21:09:19,135 - httpcore.http11 - DEBUG - receive_response_body.started request=<Request [b'GET']>
2026-02-23 21:09:19,135 - httpcore.http11 - DEBUG - receive_response_body.complete
2026-02-23 21:09:19,135 - httpcore.http11 - DEBUG - response_closed.started
2026-02-23 21:09:19,135 - httpcore.http11 - DEBUG - response_closed.complete
2026-02-23 21:09:19,135 - httpcore.http11 - DEBUG - send_request_headers.started request=<Request [b'GET']>
2026-02-23 21:09:19,136 - httpcore.http11 - DEBUG - send_request_headers.complete
2026-02-23 21:09:19,136 - httpcore.http11 - DEBUG - send_request_body.started request=<Request [b'GET']>
2026-02-23 21:09:19,136 - httpcore.http11 - DEBUG - send_request_body.complete
2026-02-23 21:09:19,136 - httpcore.http11 - DEBUG - receive_response_headers.started request=<Request [b'GET']>
2026-02-23 21:09:19,138 - httpcore.http11 - DEBUG - receive_response_headers.complete return_value=(b'HTTP/1.1', 200, b'OK', [(b'Content-Type', b'application/json; charset=utf-8'), (b'Content-Length', b'2'), (b'Connection', b'keep-alive'), (b'Date', b'Mon, 23 Feb 2026 12:09:18 GMT'), (b'Server', b'postgrest/14.5'), (b'Content-Range', b'*/*'), (b'Content-Location', b'/notification_history?identifier=eq.20260316_%C3%AB%C2%8D%C2%95%C3%AC%C2%9C%C2%A0%C3%AC%C2%82%C2%B0_%C3%AC%C2%B9%C2%B4%C3%AB%C2%9D%C2%BC%C3%AB%C2%B0%C2%98&select=id&sent_at=gt.2026-02-22T21%3A09%3A19.135675'), (b'Content-Profile', b'public'), (b'Access-Control-Allow-Origin', b'*'), (b'X-Kong-Upstream-Latency', b'1'), (b'X-Kong-Proxy-Latency', b'0'), (b'Via', b'kong/2.8.1')])
2026-02-23 21:09:19,138 - httpx - INFO - HTTP Request: GET http://127.0.0.1:54321/rest/v1/notification_history?select=id&identifier=eq.20260316_%EB%8D%95%EC%9C%A0%EC%82%B0_%EC%B9%B4%EB%9D%BC%EB%B0%98&sent_at=gt.2026-02-22T21%3A09%3A19.135675 "HTTP/1.1 200 OK"
2026-02-23 21:09:19,138 - httpcore.http11 - DEBUG - receive_response_body.started request=<Request [b'GET']>
2026-02-23 21:09:19,138 - httpcore.http11 - DEBUG - receive_response_body.complete
2026-02-23 21:09:19,139 - httpcore.http11 - DEBUG - response_closed.started
2026-02-23 21:09:19,139 - httpcore.http11 - DEBUG - response_closed.complete
2026-02-23 21:09:19,139 - httpcore.http11 - DEBUG - send_request_headers.started request=<Request [b'GET']>
2026-02-23 21:09:19,139 - httpcore.http11 - DEBUG - send_request_headers.complete
2026-02-23 21:09:19,139 - httpcore.http11 - DEBUG - send_request_body.started request=<Request [b'GET']>
2026-02-23 21:09:19,139 - httpcore.http11 - DEBUG - send_request_body.complete
2026-02-23 21:09:19,140 - httpcore.http11 - DEBUG - receive_response_headers.started request=<Request [b'GET']>
2026-02-23 21:09:19,141 - httpcore.http11 - DEBUG - receive_response_headers.complete return_value=(b'HTTP/1.1', 200, b'OK', [(b'Content-Type', b'application/json; charset=utf-8'), (b'Content-Length', b'2'), (b'Connection', b'keep-alive'), (b'Date', b'Mon, 23 Feb 2026 12:09:18 GMT'), (b'Server', b'postgrest/14.5'), (b'Content-Range', b'*/*'), (b'Content-Location', b'/notification_history?identifier=eq.20260316_%C3%AC%C2%9B%C2%94%C3%AC%C2%B6%C2%9C%C3%AC%C2%82%C2%B0_%C3%AC%C2%B9%C2%B4%C3%AB%C2%9D%C2%BC%C3%AB%C2%B0%C2%98&select=id&sent_at=gt.2026-02-22T21%3A09%3A19.139173'), (b'Content-Profile', b'public'), (b'Access-Control-Allow-Origin', b'*'), (b'X-Kong-Upstream-Latency', b'1'), (b'X-Kong-Proxy-Latency', b'0'), (b'Via', b'kong/2.8.1')])
2026-02-23 21:09:19,142 - httpx - INFO - HTTP Request: GET http://127.0.0.1:54321/rest/v1/notification_history?select=id&identifier=eq.20260316_%EC%9B%94%EC%B6%9C%EC%82%B0_%EC%B9%B4%EB%9D%BC%EB%B0%98&sent_at=gt.2026-02-22T21%3A09%3A19.139173 "HTTP/1.1 200 OK"
2026-02-23 21:09:19,142 - httpcore.http11 - DEBUG - receive_response_body.started request=<Request [b'GET']>
2026-02-23 21:09:19,142 - httpcore.http11 - DEBUG - receive_response_body.complete
2026-02-23 21:09:19,142 - httpcore.http11 - DEBUG - response_closed.started
2026-02-23 21:09:19,142 - httpcore.http11 - DEBUG - response_closed.complete
2026-02-23 21:09:19,142 - httpcore.http11 - DEBUG - send_request_headers.started request=<Request [b'GET']>
2026-02-23 21:09:19,142 - httpcore.http11 - DEBUG - send_request_headers.complete
2026-02-23 21:09:19,143 - httpcore.http11 - DEBUG - send_request_body.started request=<Request [b'GET']>
2026-02-23 21:09:19,143 - httpcore.http11 - DEBUG - send_request_body.complete
2026-02-23 21:09:19,143 - httpcore.http11 - DEBUG - receive_response_headers.started request=<Request [b'GET']>
2026-02-23 21:09:19,144 - httpcore.http11 - DEBUG - receive_response_headers.complete return_value=(b'HTTP/1.1', 200, b'OK', [(b'Content-Type', b'application/json; charset=utf-8'), (b'Content-Length', b'2'), (b'Connection', b'keep-alive'), (b'Date', b'Mon, 23 Feb 2026 12:09:18 GMT'), (b'Server', b'postgrest/14.5'), (b'Content-Range', b'*/*'), (b'Content-Location', b'/notification_history?identifier=eq.20260316_%C3%AC%C2%B9%C2%98%C3%AC%C2%95%C2%85%C3%AC%C2%82%C2%B0_%C3%AC%C2%B9%C2%B4%C3%AB%C2%9D%C2%BC%C3%AB%C2%B0%C2%98&select=id&sent_at=gt.2026-02-22T21%3A09%3A19.142490'), (b'Content-Profile', b'public'), (b'Access-Control-Allow-Origin', b'*'), (b'X-Kong-Upstream-Latency', b'1'), (b'X-Kong-Proxy-Latency', b'0'), (b'Via', b'kong/2.8.1')])
2026-02-23 21:09:19,145 - httpx - INFO - HTTP Request: GET http://127.0.0.1:54321/rest/v1/notification_history?select=id&identifier=eq.20260316_%EC%B9%98%EC%95%85%EC%82%B0_%EC%B9%B4%EB%9D%BC%EB%B0%98&sent_at=gt.2026-02-22T21%3A09%3A19.142490 "HTTP/1.1 200 OK"
2026-02-23 21:09:19,145 - httpcore.http11 - DEBUG - receive_response_body.started request=<Request [b'GET']>
2026-02-23 21:09:19,145 - httpcore.http11 - DEBUG - receive_response_body.complete
2026-02-23 21:09:19,145 - httpcore.http11 - DEBUG - response_closed.started
2026-02-23 21:09:19,145 - httpcore.http11 - DEBUG - response_closed.complete
2026-02-23 21:09:19,145 - httpcore.http11 - DEBUG - send_request_headers.started request=<Request [b'GET']>
2026-02-23 21:09:19,145 - httpcore.http11 - DEBUG - send_request_headers.complete
2026-02-23 21:09:19,146 - httpcore.http11 - DEBUG - send_request_body.started request=<Request [b'GET']>
2026-02-23 21:09:19,146 - httpcore.http11 - DEBUG - send_request_body.complete
2026-02-23 21:09:19,146 - httpcore.http11 - DEBUG - receive_response_headers.started request=<Request [b'GET']>
2026-02-23 21:09:19,148 - httpcore.http11 - DEBUG - receive_response_headers.complete return_value=(b'HTTP/1.1', 200, b'OK', [(b'Content-Type', b'application/json; charset=utf-8'), (b'Content-Length', b'2'), (b'Connection', b'keep-alive'), (b'Date', b'Mon, 23 Feb 2026 12:09:18 GMT'), (b'Server', b'postgrest/14.5'), (b'Content-Range', b'*/*'), (b'Content-Location', b'/notification_history?identifier=eq.20260316_%C3%AD%C2%83%C2%9C%C3%AC%C2%95%C2%88%C3%AD%C2%95%C2%B4%C3%AC%C2%95%C2%88_%C3%AC%C2%B9%C2%B4%C3%AB%C2%9D%C2%BC%C3%AB%C2%B0%C2%98&select=id&sent_at=gt.2026-02-22T21%3A09%3A19.145485'), (b'Content-Profile', b'public'), (b'Access-Control-Allow-Origin', b'*'), (b'X-Kong-Upstream-Latency', b'1'), (b'X-Kong-Proxy-Latency', b'0'), (b'Via', b'kong/2.8.1')])
2026-02-23 21:09:19,148 - httpx - INFO - HTTP Request: GET http://127.0.0.1:54321/rest/v1/notification_history?select=id&identifier=eq.20260316_%ED%83%9C%EC%95%88%ED%95%B4%EC%95%88_%EC%B9%B4%EB%9D%BC%EB%B0%98&sent_at=gt.2026-02-22T21%3A09%3A19.145485 "HTTP/1.1 200 OK"
2026-02-23 21:09:19,148 - httpcore.http11 - DEBUG - receive_response_body.started request=<Request [b'GET']>
2026-02-23 21:09:19,148 - httpcore.http11 - DEBUG - receive_response_body.complete
2026-02-23 21:09:19,148 - httpcore.http11 - DEBUG - response_closed.started
2026-02-23 21:09:19,148 - httpcore.http11 - DEBUG - response_closed.complete
2026-02-23 21:09:19,148 - httpcore.http11 - DEBUG - send_request_headers.started request=<Request [b'GET']>
2026-02-23 21:09:19,149 - httpcore.http11 - DEBUG - send_request_headers.complete
2026-02-23 21:09:19,149 - httpcore.http11 - DEBUG - send_request_body.started request=<Request [b'GET']>
2026-02-23 21:09:19,149 - httpcore.http11 - DEBUG - send_request_body.complete
2026-02-23 21:09:19,149 - httpcore.http11 - DEBUG - receive_response_headers.started request=<Request [b'GET']>
2026-02-23 21:09:19,152 - httpcore.http11 - DEBUG - receive_response_headers.complete return_value=(b'HTTP/1.1', 200, b'OK', [(b'Content-Type', b'application/json; charset=utf-8'), (b'Content-Length', b'2'), (b'Connection', b'keep-alive'), (b'Date', b'Mon, 23 Feb 2026 12:09:18 GMT'), (b'Server', b'postgrest/14.5'), (b'Content-Range', b'*/*'), (b'Content-Location', b'/notification_history?identifier=eq.20260317_%C3%AA%C2%B0%C2%80%C3%AC%C2%95%C2%BC%C3%AC%C2%82%C2%B0_%C3%AC%C2%B9%C2%B4%C3%AB%C2%9D%C2%BC%C3%AB%C2%B0%C2%98&select=id&sent_at=gt.2026-02-22T21%3A09%3A19.148521'), (b'Content-Profile', b'public'), (b'Access-Control-Allow-Origin', b'*'), (b'X-Kong-Upstream-Latency', b'2'), (b'X-Kong-Proxy-Latency', b'0'), (b'Via', b'kong/2.8.1')])
2026-02-23 21:09:19,152 - httpx - INFO - HTTP Request: GET http://127.0.0.1:54321/rest/v1/notification_history?select=id&identifier=eq.20260317_%EA%B0%80%EC%95%BC%EC%82%B0_%EC%B9%B4%EB%9D%BC%EB%B0%98&sent_at=gt.2026-02-22T21%3A09%3A19.148521 "HTTP/1.1 200 OK"
2026-02-23 21:09:19,152 - httpcore.http11 - DEBUG - receive_response_body.started request=<Request [b'GET']>
2026-02-23 21:09:19,152 - httpcore.http11 - DEBUG - receive_response_body.complete
2026-02-23 21:09:19,152 - httpcore.http11 - DEBUG - response_closed.started
2026-02-23 21:09:19,152 - httpcore.http11 - DEBUG - response_closed.complete
2026-02-23 21:09:19,153 - httpcore.http11 - DEBUG - send_request_headers.started request=<Request [b'GET']>
2026-02-23 21:09:19,153 - httpcore.http11 - DEBUG - send_request_headers.complete
2026-02-23 21:09:19,153 - httpcore.http11 - DEBUG - send_request_body.started request=<Request [b'GET']>
2026-02-23 21:09:19,153 - httpcore.http11 - DEBUG - send_request_body.complete
2026-02-23 21:09:19,153 - httpcore.http11 - DEBUG - receive_response_headers.started request=<Request [b'GET']>
2026-02-23 21:09:19,157 - httpcore.http11 - DEBUG - receive_response_headers.complete return_value=(b'HTTP/1.1', 200, b'OK', [(b'Content-Type', b'application/json; charset=utf-8'), (b'Content-Length', b'2'), (b'Connection', b'keep-alive'), (b'Date', b'Mon, 23 Feb 2026 12:09:18 GMT'), (b'Server', b'postgrest/14.5'), (b'Content-Range', b'*/*'), (b'Content-Location', b'/notification_history?identifier=eq.20260317_%C3%AB%C2%8D%C2%95%C3%AC%C2%9C%C2%A0%C3%AC%C2%82%C2%B0_%C3%AC%C2%B9%C2%B4%C3%AB%C2%9D%C2%BC%C3%AB%C2%B0%C2%98&select=id&sent_at=gt.2026-02-22T21%3A09%3A19.153032'), (b'Content-Profile', b'public'), (b'Access-Control-Allow-Origin', b'*'), (b'X-Kong-Upstream-Latency', b'1'), (b'X-Kong-Proxy-Latency', b'0'), (b'Via', b'kong/2.8.1')])
2026-02-23 21:09:19,157 - httpx - INFO - HTTP Request: GET http://127.0.0.1:54321/rest/v1/notification_history?select=id&identifier=eq.20260317_%EB%8D%95%EC%9C%A0%EC%82%B0_%EC%B9%B4%EB%9D%BC%EB%B0%98&sent_at=gt.2026-02-22T21%3A09%3A19.153032 "HTTP/1.1 200 OK"
2026-02-23 21:09:19,157 - httpcore.http11 - DEBUG - receive_response_body.started request=<Request [b'GET']>
2026-02-23 21:09:19,157 - httpcore.http11 - DEBUG - receive_response_body.complete
2026-02-23 21:09:19,157 - httpcore.http11 - DEBUG - response_closed.started
2026-02-23 21:09:19,157 - httpcore.http11 - DEBUG - response_closed.complete
2026-02-23 21:09:19,158 - httpcore.http11 - DEBUG - send_request_headers.started request=<Request [b'GET']>
2026-02-23 21:09:19,158 - httpcore.http11 - DEBUG - send_request_headers.complete
2026-02-23 21:09:19,158 - httpcore.http11 - DEBUG - send_request_body.started request=<Request [b'GET']>
2026-02-23 21:09:19,158 - httpcore.http11 - DEBUG - send_request_body.complete
2026-02-23 21:09:19,158 - httpcore.http11 - DEBUG - receive_response_headers.started request=<Request [b'GET']>
2026-02-23 21:09:19,160 - httpcore.http11 - DEBUG - receive_response_headers.complete return_value=(b'HTTP/1.1', 200, b'OK', [(b'Content-Type', b'application/json; charset=utf-8'), (b'Content-Length', b'2'), (b'Connection', b'keep-alive'), (b'Date', b'Mon, 23 Feb 2026 12:09:18 GMT'), (b'Server', b'postgrest/14.5'), (b'Content-Range', b'*/*'), (b'Content-Location', b'/notification_history?identifier=eq.20260317_%C3%AC%C2%B9%C2%98%C3%AC%C2%95%C2%85%C3%AC%C2%82%C2%B0_%C3%AC%C2%B9%C2%B4%C3%AB%C2%9D%C2%BC%C3%AB%C2%B0%C2%98&select=id&sent_at=gt.2026-02-22T21%3A09%3A19.157825'), (b'Content-Profile', b'public'), (b'Access-Control-Allow-Origin', b'*'), (b'X-Kong-Upstream-Latency', b'1'), (b'X-Kong-Proxy-Latency', b'0'), (b'Via', b'kong/2.8.1')])
2026-02-23 21:09:19,160 - httpx - INFO - HTTP Request: GET http://127.0.0.1:54321/rest/v1/notification_history?select=id&identifier=eq.20260317_%EC%B9%98%EC%95%85%EC%82%B0_%EC%B9%B4%EB%9D%BC%EB%B0%98&sent_at=gt.2026-02-22T21%3A09%3A19.157825 "HTTP/1.1 200 OK"
2026-02-23 21:09:19,160 - httpcore.http11 - DEBUG - receive_response_body.started request=<Request [b'GET']>
2026-02-23 21:09:19,160 - httpcore.http11 - DEBUG - receive_response_body.complete
2026-02-23 21:09:19,160 - httpcore.http11 - DEBUG - response_closed.started
2026-02-23 21:09:19,160 - httpcore.http11 - DEBUG - response_closed.complete
2026-02-23 21:09:19,161 - httpcore.http11 - DEBUG - send_request_headers.started request=<Request [b'GET']>
2026-02-23 21:09:19,161 - httpcore.http11 - DEBUG - send_request_headers.complete
2026-02-23 21:09:19,161 - httpcore.http11 - DEBUG - send_request_body.started request=<Request [b'GET']>
2026-02-23 21:09:19,161 - httpcore.http11 - DEBUG - send_request_body.complete
2026-02-23 21:09:19,161 - httpcore.http11 - DEBUG - receive_response_headers.started request=<Request [b'GET']>
2026-02-23 21:09:19,163 - httpcore.http11 - DEBUG - receive_response_headers.complete return_value=(b'HTTP/1.1', 200, b'OK', [(b'Content-Type', b'application/json; charset=utf-8'), (b'Content-Length', b'2'), (b'Connection', b'keep-alive'), (b'Date', b'Mon, 23 Feb 2026 12:09:18 GMT'), (b'Server', b'postgrest/14.5'), (b'Content-Range', b'*/*'), (b'Content-Location', b'/notification_history?identifier=eq.20260317_%C3%AD%C2%83%C2%9C%C3%AC%C2%95%C2%88%C3%AD%C2%95%C2%B4%C3%AC%C2%95%C2%88_%C3%AC%C2%B9%C2%B4%C3%AB%C2%9D%C2%BC%C3%AB%C2%B0%C2%98&select=id&sent_at=gt.2026-02-22T21%3A09%3A19.160913'), (b'Content-Profile', b'public'), (b'Access-Control-Allow-Origin', b'*'), (b'X-Kong-Upstream-Latency', b'1'), (b'X-Kong-Proxy-Latency', b'0'), (b'Via', b'kong/2.8.1')])
2026-02-23 21:09:19,163 - httpx - INFO - HTTP Request: GET http://127.0.0.1:54321/rest/v1/notification_history?select=id&identifier=eq.20260317_%ED%83%9C%EC%95%88%ED%95%B4%EC%95%88_%EC%B9%B4%EB%9D%BC%EB%B0%98&sent_at=gt.2026-02-22T21%3A09%3A19.160913 "HTTP/1.1 200 OK"
2026-02-23 21:09:19,164 - httpcore.http11 - DEBUG - receive_response_body.started request=<Request [b'GET']>
2026-02-23 21:09:19,164 - httpcore.http11 - DEBUG - receive_response_body.complete
2026-02-23 21:09:19,164 - httpcore.http11 - DEBUG - response_closed.started
2026-02-23 21:09:19,164 - httpcore.http11 - DEBUG - response_closed.complete
2026-02-23 21:09:19,164 - httpcore.http11 - DEBUG - send_request_headers.started request=<Request [b'GET']>
2026-02-23 21:09:19,165 - httpcore.http11 - DEBUG - send_request_headers.complete
2026-02-23 21:09:19,165 - httpcore.http11 - DEBUG - send_request_body.started request=<Request [b'GET']>
2026-02-23 21:09:19,165 - httpcore.http11 - DEBUG - send_request_body.complete
2026-02-23 21:09:19,165 - httpcore.http11 - DEBUG - receive_response_headers.started request=<Request [b'GET']>
2026-02-23 21:09:19,167 - httpcore.http11 - DEBUG - receive_response_headers.complete return_value=(b'HTTP/1.1', 200, b'OK', [(b'Content-Type', b'application/json; charset=utf-8'), (b'Content-Length', b'2'), (b'Connection', b'keep-alive'), (b'Date', b'Mon, 23 Feb 2026 12:09:18 GMT'), (b'Server', b'postgrest/14.5'), (b'Content-Range', b'*/*'), (b'Content-Location', b'/notification_history?identifier=eq.20260319_%C3%AA%C2%B0%C2%80%C3%AC%C2%95%C2%BC%C3%AC%C2%82%C2%B0_%C3%AC%C2%B9%C2%B4%C3%AB%C2%9D%C2%BC%C3%AB%C2%B0%C2%98&select=id&sent_at=gt.2026-02-22T21%3A09%3A19.164355'), (b'Content-Profile', b'public'), (b'Access-Control-Allow-Origin', b'*'), (b'X-Kong-Upstream-Latency', b'0'), (b'X-Kong-Proxy-Latency', b'0'), (b'Via', b'kong/2.8.1')])
2026-02-23 21:09:19,167 - httpx - INFO - HTTP Request: GET http://127.0.0.1:54321/rest/v1/notification_history?select=id&identifier=eq.20260319_%EA%B0%80%EC%95%BC%EC%82%B0_%EC%B9%B4%EB%9D%BC%EB%B0%98&sent_at=gt.2026-02-22T21%3A09%3A19.164355 "HTTP/1.1 200 OK"
2026-02-23 21:09:19,167 - httpcore.http11 - DEBUG - receive_response_body.started request=<Request [b'GET']>
2026-02-23 21:09:19,167 - httpcore.http11 - DEBUG - receive_response_body.complete
2026-02-23 21:09:19,167 - httpcore.http11 - DEBUG - response_closed.started
2026-02-23 21:09:19,167 - httpcore.http11 - DEBUG - response_closed.complete
2026-02-23 21:09:19,167 - httpcore.http11 - DEBUG - send_request_headers.started request=<Request [b'GET']>
2026-02-23 21:09:19,168 - httpcore.http11 - DEBUG - send_request_headers.complete
2026-02-23 21:09:19,168 - httpcore.http11 - DEBUG - send_request_body.started request=<Request [b'GET']>
2026-02-23 21:09:19,168 - httpcore.http11 - DEBUG - send_request_body.complete
2026-02-23 21:09:19,168 - httpcore.http11 - DEBUG - receive_response_headers.started request=<Request [b'GET']>
2026-02-23 21:09:19,169 - httpcore.http11 - DEBUG - receive_response_headers.complete return_value=(b'HTTP/1.1', 200, b'OK', [(b'Content-Type', b'application/json; charset=utf-8'), (b'Content-Length', b'2'), (b'Connection', b'keep-alive'), (b'Date', b'Mon, 23 Feb 2026 12:09:18 GMT'), (b'Server', b'postgrest/14.5'), (b'Content-Range', b'*/*'), (b'Content-Location', b'/notification_history?identifier=eq.20260319_%C3%AB%C2%8D%C2%95%C3%AC%C2%9C%C2%A0%C3%AC%C2%82%C2%B0_%C3%AC%C2%B9%C2%B4%C3%AB%C2%9D%C2%BC%C3%AB%C2%B0%C2%98&select=id&sent_at=gt.2026-02-22T21%3A09%3A19.167622'), (b'Content-Profile', b'public'), (b'Access-Control-Allow-Origin', b'*'), (b'X-Kong-Upstream-Latency', b'1'), (b'X-Kong-Proxy-Latency', b'0'), (b'Via', b'kong/2.8.1')])
2026-02-23 21:09:19,169 - httpx - INFO - HTTP Request: GET http://127.0.0.1:54321/rest/v1/notification_history?select=id&identifier=eq.20260319_%EB%8D%95%EC%9C%A0%EC%82%B0_%EC%B9%B4%EB%9D%BC%EB%B0%98&sent_at=gt.2026-02-22T21%3A09%3A19.167622 "HTTP/1.1 200 OK"
2026-02-23 21:09:19,170 - httpcore.http11 - DEBUG - receive_response_body.started request=<Request [b'GET']>
2026-02-23 21:09:19,170 - httpcore.http11 - DEBUG - receive_response_body.complete
2026-02-23 21:09:19,170 - httpcore.http11 - DEBUG - response_closed.started
2026-02-23 21:09:19,170 - httpcore.http11 - DEBUG - response_closed.complete
2026-02-23 21:09:19,170 - httpcore.http11 - DEBUG - send_request_headers.started request=<Request [b'GET']>
2026-02-23 21:09:19,170 - httpcore.http11 - DEBUG - send_request_headers.complete
2026-02-23 21:09:19,170 - httpcore.http11 - DEBUG - send_request_body.started request=<Request [b'GET']>
2026-02-23 21:09:19,170 - httpcore.http11 - DEBUG - send_request_body.complete
2026-02-23 21:09:19,170 - httpcore.http11 - DEBUG - receive_response_headers.started request=<Request [b'GET']>
2026-02-23 21:09:19,172 - httpcore.http11 - DEBUG - receive_response_headers.complete return_value=(b'HTTP/1.1', 200, b'OK', [(b'Content-Type', b'application/json; charset=utf-8'), (b'Content-Length', b'2'), (b'Connection', b'keep-alive'), (b'Date', b'Mon, 23 Feb 2026 12:09:18 GMT'), (b'Server', b'postgrest/14.5'), (b'Content-Range', b'*/*'), (b'Content-Location', b'/notification_history?identifier=eq.20260319_%C3%AC%C2%9B%C2%94%C3%AC%C2%B6%C2%9C%C3%AC%C2%82%C2%B0_%C3%AC%C2%B9%C2%B4%C3%AB%C2%9D%C2%BC%C3%AB%C2%B0%C2%98&select=id&sent_at=gt.2026-02-22T21%3A09%3A19.170300'), (b'Content-Profile', b'public'), (b'Access-Control-Allow-Origin', b'*'), (b'X-Kong-Upstream-Latency', b'1'), (b'X-Kong-Proxy-Latency', b'0'), (b'Via', b'kong/2.8.1')])
2026-02-23 21:09:19,172 - httpx - INFO - HTTP Request: GET http://127.0.0.1:54321/rest/v1/notification_history?select=id&identifier=eq.20260319_%EC%9B%94%EC%B6%9C%EC%82%B0_%EC%B9%B4%EB%9D%BC%EB%B0%98&sent_at=gt.2026-02-22T21%3A09%3A19.170300 "HTTP/1.1 200 OK"
2026-02-23 21:09:19,173 - httpcore.http11 - DEBUG - receive_response_body.started request=<Request [b'GET']>
2026-02-23 21:09:19,173 - httpcore.http11 - DEBUG - receive_response_body.complete
2026-02-23 21:09:19,173 - httpcore.http11 - DEBUG - response_closed.started
2026-02-23 21:09:19,173 - httpcore.http11 - DEBUG - response_closed.complete
2026-02-23 21:09:19,173 - httpcore.http11 - DEBUG - send_request_headers.started request=<Request [b'GET']>
2026-02-23 21:09:19,173 - httpcore.http11 - DEBUG - send_request_headers.complete
2026-02-23 21:09:19,173 - httpcore.http11 - DEBUG - send_request_body.started request=<Request [b'GET']>
2026-02-23 21:09:19,173 - httpcore.http11 - DEBUG - send_request_body.complete
2026-02-23 21:09:19,174 - httpcore.http11 - DEBUG - receive_response_headers.started request=<Request [b'GET']>
2026-02-23 21:09:19,176 - httpcore.http11 - DEBUG - receive_response_headers.complete return_value=(b'HTTP/1.1', 200, b'OK', [(b'Content-Type', b'application/json; charset=utf-8'), (b'Content-Length', b'2'), (b'Connection', b'keep-alive'), (b'Date', b'Mon, 23 Feb 2026 12:09:18 GMT'), (b'Server', b'postgrest/14.5'), (b'Content-Range', b'*/*'), (b'Content-Location', b'/notification_history?identifier=eq.20260319_%C3%AC%C2%B9%C2%98%C3%AC%C2%95%C2%85%C3%AC%C2%82%C2%B0_%C3%AC%C2%B9%C2%B4%C3%AB%C2%9D%C2%BC%C3%AB%C2%B0%C2%98&select=id&sent_at=gt.2026-02-22T21%3A09%3A19.173307'), (b'Content-Profile', b'public'), (b'Access-Control-Allow-Origin', b'*'), (b'X-Kong-Upstream-Latency', b'1'), (b'X-Kong-Proxy-Latency', b'0'), (b'Via', b'kong/2.8.1')])
2026-02-23 21:09:19,176 - httpx - INFO - HTTP Request: GET http://127.0.0.1:54321/rest/v1/notification_history?select=id&identifier=eq.20260319_%EC%B9%98%EC%95%85%EC%82%B0_%EC%B9%B4%EB%9D%BC%EB%B0%98&sent_at=gt.2026-02-22T21%3A09%3A19.173307 "HTTP/1.1 200 OK"
2026-02-23 21:09:19,176 - httpcore.http11 - DEBUG - receive_response_body.started request=<Request [b'GET']>
2026-02-23 21:09:19,176 - httpcore.http11 - DEBUG - receive_response_body.complete
2026-02-23 21:09:19,176 - httpcore.http11 - DEBUG - response_closed.started
2026-02-23 21:09:19,176 - httpcore.http11 - DEBUG - response_closed.complete
2026-02-23 21:09:19,177 - httpcore.http11 - DEBUG - send_request_headers.started request=<Request [b'GET']>
2026-02-23 21:09:19,177 - httpcore.http11 - DEBUG - send_request_headers.complete
2026-02-23 21:09:19,177 - httpcore.http11 - DEBUG - send_request_body.started request=<Request [b'GET']>
2026-02-23 21:09:19,177 - httpcore.http11 - DEBUG - send_request_body.complete
2026-02-23 21:09:19,177 - httpcore.http11 - DEBUG - receive_response_headers.started request=<Request [b'GET']>
2026-02-23 21:09:19,179 - httpcore.http11 - DEBUG - receive_response_headers.complete return_value=(b'HTTP/1.1', 200, b'OK', [(b'Content-Type', b'application/json; charset=utf-8'), (b'Content-Length', b'2'), (b'Connection', b'keep-alive'), (b'Date', b'Mon, 23 Feb 2026 12:09:18 GMT'), (b'Server', b'postgrest/14.5'), (b'Content-Range', b'*/*'), (b'Content-Location', b'/notification_history?identifier=eq.20260319_%C3%AD%C2%83%C2%9C%C3%AC%C2%95%C2%88%C3%AD%C2%95%C2%B4%C3%AC%C2%95%C2%88_%C3%AC%C2%B9%C2%B4%C3%AB%C2%9D%C2%BC%C3%AB%C2%B0%C2%98&select=id&sent_at=gt.2026-02-22T21%3A09%3A19.176918'), (b'Content-Profile', b'public'), (b'Access-Control-Allow-Origin', b'*'), (b'X-Kong-Upstream-Latency', b'0'), (b'X-Kong-Proxy-Latency', b'0'), (b'Via', b'kong/2.8.1')])
2026-02-23 21:09:19,179 - httpx - INFO - HTTP Request: GET http://127.0.0.1:54321/rest/v1/notification_history?select=id&identifier=eq.20260319_%ED%83%9C%EC%95%88%ED%95%B4%EC%95%88_%EC%B9%B4%EB%9D%BC%EB%B0%98&sent_at=gt.2026-02-22T21%3A09%3A19.176918 "HTTP/1.1 200 OK"
2026-02-23 21:09:19,179 - httpcore.http11 - DEBUG - receive_response_body.started request=<Request [b'GET']>
2026-02-23 21:09:19,179 - httpcore.http11 - DEBUG - receive_response_body.complete
2026-02-23 21:09:19,179 - httpcore.http11 - DEBUG - response_closed.started
2026-02-23 21:09:19,179 - httpcore.http11 - DEBUG - response_closed.complete
2026-02-23 21:09:19,179 - httpcore.http11 - DEBUG - send_request_headers.started request=<Request [b'GET']>
2026-02-23 21:09:19,180 - httpcore.http11 - DEBUG - send_request_headers.complete
2026-02-23 21:09:19,180 - httpcore.http11 - DEBUG - send_request_body.started request=<Request [b'GET']>
2026-02-23 21:09:19,180 - httpcore.http11 - DEBUG - send_request_body.complete
2026-02-23 21:09:19,180 - httpcore.http11 - DEBUG - receive_response_headers.started request=<Request [b'GET']>
2026-02-23 21:09:19,181 - httpcore.http11 - DEBUG - receive_response_headers.complete return_value=(b'HTTP/1.1', 200, b'OK', [(b'Content-Type', b'application/json; charset=utf-8'), (b'Content-Length', b'2'), (b'Connection', b'keep-alive'), (b'Date', b'Mon, 23 Feb 2026 12:09:18 GMT'), (b'Server', b'postgrest/14.5'), (b'Content-Range', b'*/*'), (b'Content-Location', b'/notification_history?identifier=eq.20260320_%C3%AA%C2%B0%C2%80%C3%AC%C2%95%C2%BC%C3%AC%C2%82%C2%B0_%C3%AC%C2%B9%C2%B4%C3%AB%C2%9D%C2%BC%C3%AB%C2%B0%C2%98&select=id&sent_at=gt.2026-02-22T21%3A09%3A19.179650'), (b'Content-Profile', b'public'), (b'Access-Control-Allow-Origin', b'*'), (b'X-Kong-Upstream-Latency', b'1'), (b'X-Kong-Proxy-Latency', b'0'), (b'Via', b'kong/2.8.1')])
2026-02-23 21:09:19,182 - httpx - INFO - HTTP Request: GET http://127.0.0.1:54321/rest/v1/notification_history?select=id&identifier=eq.20260320_%EA%B0%80%EC%95%BC%EC%82%B0_%EC%B9%B4%EB%9D%BC%EB%B0%98&sent_at=gt.2026-02-22T21%3A09%3A19.179650 "HTTP/1.1 200 OK"
2026-02-23 21:09:19,182 - httpcore.http11 - DEBUG - receive_response_body.started request=<Request [b'GET']>
2026-02-23 21:09:19,182 - httpcore.http11 - DEBUG - receive_response_body.complete
2026-02-23 21:09:19,182 - httpcore.http11 - DEBUG - response_closed.started
2026-02-23 21:09:19,182 - httpcore.http11 - DEBUG - response_closed.complete
2026-02-23 21:09:19,182 - httpcore.http11 - DEBUG - send_request_headers.started request=<Request [b'GET']>
2026-02-23 21:09:19,183 - httpcore.http11 - DEBUG - send_request_headers.complete
2026-02-23 21:09:19,183 - httpcore.http11 - DEBUG - send_request_body.started request=<Request [b'GET']>
2026-02-23 21:09:19,183 - httpcore.http11 - DEBUG - send_request_body.complete
2026-02-23 21:09:19,183 - httpcore.http11 - DEBUG - receive_response_headers.started request=<Request [b'GET']>
2026-02-23 21:09:19,185 - httpcore.http11 - DEBUG - receive_response_headers.complete return_value=(b'HTTP/1.1', 200, b'OK', [(b'Content-Type', b'application/json; charset=utf-8'), (b'Content-Length', b'2'), (b'Connection', b'keep-alive'), (b'Date', b'Mon, 23 Feb 2026 12:09:18 GMT'), (b'Server', b'postgrest/14.5'), (b'Content-Range', b'*/*'), (b'Content-Location', b'/notification_history?identifier=eq.20260320_%C3%AB%C2%8D%C2%95%C3%AC%C2%9C%C2%A0%C3%AC%C2%82%C2%B0_%C3%AC%C2%B9%C2%B4%C3%AB%C2%9D%C2%BC%C3%AB%C2%B0%C2%98&select=id&sent_at=gt.2026-02-22T21%3A09%3A19.182627'), (b'Content-Profile', b'public'), (b'Access-Control-Allow-Origin', b'*'), (b'X-Kong-Upstream-Latency', b'0'), (b'X-Kong-Proxy-Latency', b'1'), (b'Via', b'kong/2.8.1')])
2026-02-23 21:09:19,185 - httpx - INFO - HTTP Request: GET http://127.0.0.1:54321/rest/v1/notification_history?select=id&identifier=eq.20260320_%EB%8D%95%EC%9C%A0%EC%82%B0_%EC%B9%B4%EB%9D%BC%EB%B0%98&sent_at=gt.2026-02-22T21%3A09%3A19.182627 "HTTP/1.1 200 OK"
2026-02-23 21:09:19,185 - httpcore.http11 - DEBUG - receive_response_body.started request=<Request [b'GET']>
2026-02-23 21:09:19,185 - httpcore.http11 - DEBUG - receive_response_body.complete
2026-02-23 21:09:19,185 - httpcore.http11 - DEBUG - response_closed.started
2026-02-23 21:09:19,185 - httpcore.http11 - DEBUG - response_closed.complete
2026-02-23 21:09:19,185 - httpcore.http11 - DEBUG - send_request_headers.started request=<Request [b'GET']>
2026-02-23 21:09:19,186 - httpcore.http11 - DEBUG - send_request_headers.complete
2026-02-23 21:09:19,186 - httpcore.http11 - DEBUG - send_request_body.started request=<Request [b'GET']>
2026-02-23 21:09:19,186 - httpcore.http11 - DEBUG - send_request_body.complete
2026-02-23 21:09:19,186 - httpcore.http11 - DEBUG - receive_response_headers.started request=<Request [b'GET']>
2026-02-23 21:09:19,188 - httpcore.http11 - DEBUG - receive_response_headers.complete return_value=(b'HTTP/1.1', 200, b'OK', [(b'Content-Type', b'application/json; charset=utf-8'), (b'Content-Length', b'2'), (b'Connection', b'keep-alive'), (b'Date', b'Mon, 23 Feb 2026 12:09:18 GMT'), (b'Server', b'postgrest/14.5'), (b'Content-Range', b'*/*'), (b'Content-Location', b'/notification_history?identifier=eq.20260320_%C3%AC%C2%B9%C2%98%C3%AC%C2%95%C2%85%C3%AC%C2%82%C2%B0_%C3%AC%C2%B9%C2%B4%C3%AB%C2%9D%C2%BC%C3%AB%C2%B0%C2%98&select=id&sent_at=gt.2026-02-22T21%3A09%3A19.185580'), (b'Content-Profile', b'public'), (b'Access-Control-Allow-Origin', b'*'), (b'X-Kong-Upstream-Latency', b'1'), (b'X-Kong-Proxy-Latency', b'0'), (b'Via', b'kong/2.8.1')])
2026-02-23 21:09:19,188 - httpx - INFO - HTTP Request: GET http://127.0.0.1:54321/rest/v1/notification_history?select=id&identifier=eq.20260320_%EC%B9%98%EC%95%85%EC%82%B0_%EC%B9%B4%EB%9D%BC%EB%B0%98&sent_at=gt.2026-02-22T21%3A09%3A19.185580 "HTTP/1.1 200 OK"
2026-02-23 21:09:19,188 - httpcore.http11 - DEBUG - receive_response_body.started request=<Request [b'GET']>
2026-02-23 21:09:19,188 - httpcore.http11 - DEBUG - receive_response_body.complete
2026-02-23 21:09:19,188 - httpcore.http11 - DEBUG - response_closed.started
2026-02-23 21:09:19,188 - httpcore.http11 - DEBUG - response_closed.complete
2026-02-23 21:09:19,188 - httpcore.http11 - DEBUG - send_request_headers.started request=<Request [b'GET']>
2026-02-23 21:09:19,189 - httpcore.http11 - DEBUG - send_request_headers.complete
2026-02-23 21:09:19,189 - httpcore.http11 - DEBUG - send_request_body.started request=<Request [b'GET']>
2026-02-23 21:09:19,189 - httpcore.http11 - DEBUG - send_request_body.complete
2026-02-23 21:09:19,189 - httpcore.http11 - DEBUG - receive_response_headers.started request=<Request [b'GET']>
2026-02-23 21:09:19,191 - httpcore.http11 - DEBUG - receive_response_headers.complete return_value=(b'HTTP/1.1', 200, b'OK', [(b'Content-Type', b'application/json; charset=utf-8'), (b'Content-Length', b'2'), (b'Connection', b'keep-alive'), (b'Date', b'Mon, 23 Feb 2026 12:09:18 GMT'), (b'Server', b'postgrest/14.5'), (b'Content-Range', b'*/*'), (b'Content-Location', b'/notification_history?identifier=eq.20260322_%C3%AA%C2%B0%C2%80%C3%AC%C2%95%C2%BC%C3%AC%C2%82%C2%B0_%C3%AC%C2%B9%C2%B4%C3%AB%C2%9D%C2%BC%C3%AB%C2%B0%C2%98&select=id&sent_at=gt.2026-02-22T21%3A09%3A19.188655'), (b'Content-Profile', b'public'), (b'Access-Control-Allow-Origin', b'*'), (b'X-Kong-Upstream-Latency', b'0'), (b'X-Kong-Proxy-Latency', b'1'), (b'Via', b'kong/2.8.1')])
2026-02-23 21:09:19,191 - httpx - INFO - HTTP Request: GET http://127.0.0.1:54321/rest/v1/notification_history?select=id&identifier=eq.20260322_%EA%B0%80%EC%95%BC%EC%82%B0_%EC%B9%B4%EB%9D%BC%EB%B0%98&sent_at=gt.2026-02-22T21%3A09%3A19.188655 "HTTP/1.1 200 OK"
2026-02-23 21:09:19,191 - httpcore.http11 - DEBUG - receive_response_body.started request=<Request [b'GET']>
2026-02-23 21:09:19,191 - httpcore.http11 - DEBUG - receive_response_body.complete
2026-02-23 21:09:19,191 - httpcore.http11 - DEBUG - response_closed.started
2026-02-23 21:09:19,191 - httpcore.http11 - DEBUG - response_closed.complete
2026-02-23 21:09:19,192 - httpcore.http11 - DEBUG - send_request_headers.started request=<Request [b'GET']>
2026-02-23 21:09:19,192 - httpcore.http11 - DEBUG - send_request_headers.complete
2026-02-23 21:09:19,192 - httpcore.http11 - DEBUG - send_request_body.started request=<Request [b'GET']>
2026-02-23 21:09:19,192 - httpcore.http11 - DEBUG - send_request_body.complete
2026-02-23 21:09:19,192 - httpcore.http11 - DEBUG - receive_response_headers.started request=<Request [b'GET']>
2026-02-23 21:09:19,194 - httpcore.http11 - DEBUG - receive_response_headers.complete return_value=(b'HTTP/1.1', 200, b'OK', [(b'Content-Type', b'application/json; charset=utf-8'), (b'Content-Length', b'2'), (b'Connection', b'keep-alive'), (b'Date', b'Mon, 23 Feb 2026 12:09:18 GMT'), (b'Server', b'postgrest/14.5'), (b'Content-Range', b'*/*'), (b'Content-Location', b'/notification_history?identifier=eq.20260322_%C3%AB%C2%8D%C2%95%C3%AC%C2%9C%C2%A0%C3%AC%C2%82%C2%B0_%C3%AC%C2%B9%C2%B4%C3%AB%C2%9D%C2%BC%C3%AB%C2%B0%C2%98&select=id&sent_at=gt.2026-02-22T21%3A09%3A19.191681'), (b'Content-Profile', b'public'), (b'Access-Control-Allow-Origin', b'*'), (b'X-Kong-Upstream-Latency', b'0'), (b'X-Kong-Proxy-Latency', b'1'), (b'Via', b'kong/2.8.1')])
2026-02-23 21:09:19,194 - httpx - INFO - HTTP Request: GET http://127.0.0.1:54321/rest/v1/notification_history?select=id&identifier=eq.20260322_%EB%8D%95%EC%9C%A0%EC%82%B0_%EC%B9%B4%EB%9D%BC%EB%B0%98&sent_at=gt.2026-02-22T21%3A09%3A19.191681 "HTTP/1.1 200 OK"
2026-02-23 21:09:19,194 - httpcore.http11 - DEBUG - receive_response_body.started request=<Request [b'GET']>
2026-02-23 21:09:19,194 - httpcore.http11 - DEBUG - receive_response_body.complete
2026-02-23 21:09:19,194 - httpcore.http11 - DEBUG - response_closed.started
2026-02-23 21:09:19,194 - httpcore.http11 - DEBUG - response_closed.complete
2026-02-23 21:09:19,194 - httpcore.http11 - DEBUG - send_request_headers.started request=<Request [b'GET']>
2026-02-23 21:09:19,195 - httpcore.http11 - DEBUG - send_request_headers.complete
2026-02-23 21:09:19,195 - httpcore.http11 - DEBUG - send_request_body.started request=<Request [b'GET']>
2026-02-23 21:09:19,195 - httpcore.http11 - DEBUG - send_request_body.complete
2026-02-23 21:09:19,195 - httpcore.http11 - DEBUG - receive_response_headers.started request=<Request [b'GET']>
2026-02-23 21:09:19,197 - httpcore.http11 - DEBUG - receive_response_headers.complete return_value=(b'HTTP/1.1', 200, b'OK', [(b'Content-Type', b'application/json; charset=utf-8'), (b'Content-Length', b'2'), (b'Connection', b'keep-alive'), (b'Date', b'Mon, 23 Feb 2026 12:09:18 GMT'), (b'Server', b'postgrest/14.5'), (b'Content-Range', b'*/*'), (b'Content-Location', b'/notification_history?identifier=eq.20260322_%C3%AC%C2%9B%C2%94%C3%AC%C2%B6%C2%9C%C3%AC%C2%82%C2%B0_%C3%AC%C2%B9%C2%B4%C3%AB%C2%9D%C2%BC%C3%AB%C2%B0%C2%98&select=id&sent_at=gt.2026-02-22T21%3A09%3A19.194559'), (b'Content-Profile', b'public'), (b'Access-Control-Allow-Origin', b'*'), (b'X-Kong-Upstream-Latency', b'1'), (b'X-Kong-Proxy-Latency', b'0'), (b'Via', b'kong/2.8.1')])
2026-02-23 21:09:19,197 - httpx - INFO - HTTP Request: GET http://127.0.0.1:54321/rest/v1/notification_history?select=id&identifier=eq.20260322_%EC%9B%94%EC%B6%9C%EC%82%B0_%EC%B9%B4%EB%9D%BC%EB%B0%98&sent_at=gt.2026-02-22T21%3A09%3A19.194559 "HTTP/1.1 200 OK"
2026-02-23 21:09:19,197 - httpcore.http11 - DEBUG - receive_response_body.started request=<Request [b'GET']>
2026-02-23 21:09:19,197 - httpcore.http11 - DEBUG - receive_response_body.complete
2026-02-23 21:09:19,197 - httpcore.http11 - DEBUG - response_closed.started
2026-02-23 21:09:19,197 - httpcore.http11 - DEBUG - response_closed.complete
2026-02-23 21:09:19,197 - httpcore.http11 - DEBUG - send_request_headers.started request=<Request [b'GET']>
2026-02-23 21:09:19,198 - httpcore.http11 - DEBUG - send_request_headers.complete
2026-02-23 21:09:19,198 - httpcore.http11 - DEBUG - send_request_body.started request=<Request [b'GET']>
2026-02-23 21:09:19,198 - httpcore.http11 - DEBUG - send_request_body.complete
2026-02-23 21:09:19,198 - httpcore.http11 - DEBUG - receive_response_headers.started request=<Request [b'GET']>
2026-02-23 21:09:19,200 - httpcore.http11 - DEBUG - receive_response_headers.complete return_value=(b'HTTP/1.1', 200, b'OK', [(b'Content-Type', b'application/json; charset=utf-8'), (b'Content-Length', b'2'), (b'Connection', b'keep-alive'), (b'Date', b'Mon, 23 Feb 2026 12:09:18 GMT'), (b'Server', b'postgrest/14.5'), (b'Content-Range', b'*/*'), (b'Content-Location', b'/notification_history?identifier=eq.20260322_%C3%AC%C2%B9%C2%98%C3%AC%C2%95%C2%85%C3%AC%C2%82%C2%B0_%C3%AC%C2%B9%C2%B4%C3%AB%C2%9D%C2%BC%C3%AB%C2%B0%C2%98&select=id&sent_at=gt.2026-02-22T21%3A09%3A19.197493'), (b'Content-Profile', b'public'), (b'Access-Control-Allow-Origin', b'*'), (b'X-Kong-Upstream-Latency', b'1'), (b'X-Kong-Proxy-Latency', b'0'), (b'Via', b'kong/2.8.1')])
2026-02-23 21:09:19,200 - httpx - INFO - HTTP Request: GET http://127.0.0.1:54321/rest/v1/notification_history?select=id&identifier=eq.20260322_%EC%B9%98%EC%95%85%EC%82%B0_%EC%B9%B4%EB%9D%BC%EB%B0%98&sent_at=gt.2026-02-22T21%3A09%3A19.197493 "HTTP/1.1 200 OK"
2026-02-23 21:09:19,200 - httpcore.http11 - DEBUG - receive_response_body.started request=<Request [b'GET']>
2026-02-23 21:09:19,200 - httpcore.http11 - DEBUG - receive_response_body.complete
2026-02-23 21:09:19,200 - httpcore.http11 - DEBUG - response_closed.started
2026-02-23 21:09:19,200 - httpcore.http11 - DEBUG - response_closed.complete
2026-02-23 21:09:19,200 - httpcore.http11 - DEBUG - send_request_headers.started request=<Request [b'GET']>
2026-02-23 21:09:19,201 - httpcore.http11 - DEBUG - send_request_headers.complete
2026-02-23 21:09:19,201 - httpcore.http11 - DEBUG - send_request_body.started request=<Request [b'GET']>
2026-02-23 21:09:19,201 - httpcore.http11 - DEBUG - send_request_body.complete
2026-02-23 21:09:19,201 - httpcore.http11 - DEBUG - receive_response_headers.started request=<Request [b'GET']>
2026-02-23 21:09:19,203 - httpcore.http11 - DEBUG - receive_response_headers.complete return_value=(b'HTTP/1.1', 200, b'OK', [(b'Content-Type', b'application/json; charset=utf-8'), (b'Content-Length', b'2'), (b'Connection', b'keep-alive'), (b'Date', b'Mon, 23 Feb 2026 12:09:18 GMT'), (b'Server', b'postgrest/14.5'), (b'Content-Range', b'*/*'), (b'Content-Location', b'/notification_history?identifier=eq.20260322_%C3%AD%C2%83%C2%9C%C3%AC%C2%95%C2%88%C3%AD%C2%95%C2%B4%C3%AC%C2%95%C2%88_%C3%AC%C2%B9%C2%B4%C3%AB%C2%9D%C2%BC%C3%AB%C2%B0%C2%98&select=id&sent_at=gt.2026-02-22T21%3A09%3A19.200645'), (b'Content-Profile', b'public'), (b'Access-Control-Allow-Origin', b'*'), (b'X-Kong-Upstream-Latency', b'1'), (b'X-Kong-Proxy-Latency', b'0'), (b'Via', b'kong/2.8.1')])
2026-02-23 21:09:19,203 - httpx - INFO - HTTP Request: GET http://127.0.0.1:54321/rest/v1/notification_history?select=id&identifier=eq.20260322_%ED%83%9C%EC%95%88%ED%95%B4%EC%95%88_%EC%B9%B4%EB%9D%BC%EB%B0%98&sent_at=gt.2026-02-22T21%3A09%3A19.200645 "HTTP/1.1 200 OK"
2026-02-23 21:09:19,203 - httpcore.http11 - DEBUG - receive_response_body.started request=<Request [b'GET']>
2026-02-23 21:09:19,203 - httpcore.http11 - DEBUG - receive_response_body.complete
2026-02-23 21:09:19,203 - httpcore.http11 - DEBUG - response_closed.started
2026-02-23 21:09:19,203 - httpcore.http11 - DEBUG - response_closed.complete
2026-02-23 21:09:19,204 - httpcore.http11 - DEBUG - send_request_headers.started request=<Request [b'GET']>
2026-02-23 21:09:19,204 - httpcore.http11 - DEBUG - send_request_headers.complete
2026-02-23 21:09:19,204 - httpcore.http11 - DEBUG - send_request_body.started request=<Request [b'GET']>
2026-02-23 21:09:19,204 - httpcore.http11 - DEBUG - send_request_body.complete
2026-02-23 21:09:19,204 - httpcore.http11 - DEBUG - receive_response_headers.started request=<Request [b'GET']>
2026-02-23 21:09:19,206 - httpcore.http11 - DEBUG - receive_response_headers.complete return_value=(b'HTTP/1.1', 200, b'OK', [(b'Content-Type', b'application/json; charset=utf-8'), (b'Content-Length', b'2'), (b'Connection', b'keep-alive'), (b'Date', b'Mon, 23 Feb 2026 12:09:18 GMT'), (b'Server', b'postgrest/14.5'), (b'Content-Range', b'*/*'), (b'Content-Location', b'/notification_history?identifier=eq.20260323_%C3%AA%C2%B0%C2%80%C3%AC%C2%95%C2%BC%C3%AC%C2%82%C2%B0_%C3%AC%C2%B9%C2%B4%C3%AB%C2%9D%C2%BC%C3%AB%C2%B0%C2%98&select=id&sent_at=gt.2026-02-22T21%3A09%3A19.203789'), (b'Content-Profile', b'public'), (b'Access-Control-Allow-Origin', b'*'), (b'X-Kong-Upstream-Latency', b'0'), (b'X-Kong-Proxy-Latency', b'1'), (b'Via', b'kong/2.8.1')])
2026-02-23 21:09:19,206 - httpx - INFO - HTTP Request: GET http://127.0.0.1:54321/rest/v1/notification_history?select=id&identifier=eq.20260323_%EA%B0%80%EC%95%BC%EC%82%B0_%EC%B9%B4%EB%9D%BC%EB%B0%98&sent_at=gt.2026-02-22T21%3A09%3A19.203789 "HTTP/1.1 200 OK"
2026-02-23 21:09:19,206 - httpcore.http11 - DEBUG - receive_response_body.started request=<Request [b'GET']>
2026-02-23 21:09:19,206 - httpcore.http11 - DEBUG - receive_response_body.complete
2026-02-23 21:09:19,206 - httpcore.http11 - DEBUG - response_closed.started
2026-02-23 21:09:19,206 - httpcore.http11 - DEBUG - response_closed.complete
2026-02-23 21:09:19,206 - httpcore.http11 - DEBUG - send_request_headers.started request=<Request [b'GET']>
2026-02-23 21:09:19,207 - httpcore.http11 - DEBUG - send_request_headers.complete
2026-02-23 21:09:19,207 - httpcore.http11 - DEBUG - send_request_body.started request=<Request [b'GET']>
2026-02-23 21:09:19,207 - httpcore.http11 - DEBUG - send_request_body.complete
2026-02-23 21:09:19,207 - httpcore.http11 - DEBUG - receive_response_headers.started request=<Request [b'GET']>
2026-02-23 21:09:19,208 - httpcore.http11 - DEBUG - receive_response_headers.complete return_value=(b'HTTP/1.1', 200, b'OK', [(b'Content-Type', b'application/json; charset=utf-8'), (b'Content-Length', b'2'), (b'Connection', b'keep-alive'), (b'Date', b'Mon, 23 Feb 2026 12:09:18 GMT'), (b'Server', b'postgrest/14.5'), (b'Content-Range', b'*/*'), (b'Content-Location', b'/notification_history?identifier=eq.20260323_%C3%AB%C2%8D%C2%95%C3%AC%C2%9C%C2%A0%C3%AC%C2%82%C2%B0_%C3%AC%C2%B9%C2%B4%C3%AB%C2%9D%C2%BC%C3%AB%C2%B0%C2%98&select=id&sent_at=gt.2026-02-22T21%3A09%3A19.206637'), (b'Content-Profile', b'public'), (b'Access-Control-Allow-Origin', b'*'), (b'X-Kong-Upstream-Latency', b'1'), (b'X-Kong-Proxy-Latency', b'0'), (b'Via', b'kong/2.8.1')])
2026-02-23 21:09:19,209 - httpx - INFO - HTTP Request: GET http://127.0.0.1:54321/rest/v1/notification_history?select=id&identifier=eq.20260323_%EB%8D%95%EC%9C%A0%EC%82%B0_%EC%B9%B4%EB%9D%BC%EB%B0%98&sent_at=gt.2026-02-22T21%3A09%3A19.206637 "HTTP/1.1 200 OK"
2026-02-23 21:09:19,209 - httpcore.http11 - DEBUG - receive_response_body.started request=<Request [b'GET']>
2026-02-23 21:09:19,209 - httpcore.http11 - DEBUG - receive_response_body.complete
2026-02-23 21:09:19,209 - httpcore.http11 - DEBUG - response_closed.started
2026-02-23 21:09:19,209 - httpcore.http11 - DEBUG - response_closed.complete
2026-02-23 21:09:19,209 - httpcore.http11 - DEBUG - send_request_headers.started request=<Request [b'GET']>
2026-02-23 21:09:19,210 - httpcore.http11 - DEBUG - send_request_headers.complete
2026-02-23 21:09:19,210 - httpcore.http11 - DEBUG - send_request_body.started request=<Request [b'GET']>
2026-02-23 21:09:19,210 - httpcore.http11 - DEBUG - send_request_body.complete
2026-02-23 21:09:19,210 - httpcore.http11 - DEBUG - receive_response_headers.started request=<Request [b'GET']>
2026-02-23 21:09:19,212 - httpcore.http11 - DEBUG - receive_response_headers.complete return_value=(b'HTTP/1.1', 200, b'OK', [(b'Content-Type', b'application/json; charset=utf-8'), (b'Content-Length', b'2'), (b'Connection', b'keep-alive'), (b'Date', b'Mon, 23 Feb 2026 12:09:18 GMT'), (b'Server', b'postgrest/14.5'), (b'Content-Range', b'*/*'), (b'Content-Location', b'/notification_history?identifier=eq.20260323_%C3%AC%C2%9B%C2%94%C3%AC%C2%B6%C2%9C%C3%AC%C2%82%C2%B0_%C3%AC%C2%B9%C2%B4%C3%AB%C2%9D%C2%BC%C3%AB%C2%B0%C2%98&select=id&sent_at=gt.2026-02-22T21%3A09%3A19.209563'), (b'Content-Profile', b'public'), (b'Access-Control-Allow-Origin', b'*'), (b'X-Kong-Upstream-Latency', b'1'), (b'X-Kong-Proxy-Latency', b'0'), (b'Via', b'kong/2.8.1')])
2026-02-23 21:09:19,213 - httpx - INFO - HTTP Request: GET http://127.0.0.1:54321/rest/v1/notification_history?select=id&identifier=eq.20260323_%EC%9B%94%EC%B6%9C%EC%82%B0_%EC%B9%B4%EB%9D%BC%EB%B0%98&sent_at=gt.2026-02-22T21%3A09%3A19.209563 "HTTP/1.1 200 OK"
2026-02-23 21:09:19,213 - httpcore.http11 - DEBUG - receive_response_body.started request=<Request [b'GET']>
2026-02-23 21:09:19,213 - httpcore.http11 - DEBUG - receive_response_body.complete
2026-02-23 21:09:19,213 - httpcore.http11 - DEBUG - response_closed.started
2026-02-23 21:09:19,213 - httpcore.http11 - DEBUG - response_closed.complete
2026-02-23 21:09:19,213 - httpcore.http11 - DEBUG - send_request_headers.started request=<Request [b'GET']>
2026-02-23 21:09:19,213 - httpcore.http11 - DEBUG - send_request_headers.complete
2026-02-23 21:09:19,213 - httpcore.http11 - DEBUG - send_request_body.started request=<Request [b'GET']>
2026-02-23 21:09:19,213 - httpcore.http11 - DEBUG - send_request_body.complete
2026-02-23 21:09:19,213 - httpcore.http11 - DEBUG - receive_response_headers.started request=<Request [b'GET']>
2026-02-23 21:09:19,216 - httpcore.http11 - DEBUG - receive_response_headers.complete return_value=(b'HTTP/1.1', 200, b'OK', [(b'Content-Type', b'application/json; charset=utf-8'), (b'Content-Length', b'2'), (b'Connection', b'keep-alive'), (b'Date', b'Mon, 23 Feb 2026 12:09:18 GMT'), (b'Server', b'postgrest/14.5'), (b'Content-Range', b'*/*'), (b'Content-Location', b'/notification_history?identifier=eq.20260323_%C3%AC%C2%B9%C2%98%C3%AC%C2%95%C2%85%C3%AC%C2%82%C2%B0_%C3%AC%C2%B9%C2%B4%C3%AB%C2%9D%C2%BC%C3%AB%C2%B0%C2%98&select=id&sent_at=gt.2026-02-22T21%3A09%3A19.213390'), (b'Content-Profile', b'public'), (b'Access-Control-Allow-Origin', b'*'), (b'X-Kong-Upstream-Latency', b'1'), (b'X-Kong-Proxy-Latency', b'0'), (b'Via', b'kong/2.8.1')])
2026-02-23 21:09:19,216 - httpx - INFO - HTTP Request: GET http://127.0.0.1:54321/rest/v1/notification_history?select=id&identifier=eq.20260323_%EC%B9%98%EC%95%85%EC%82%B0_%EC%B9%B4%EB%9D%BC%EB%B0%98&sent_at=gt.2026-02-22T21%3A09%3A19.213390 "HTTP/1.1 200 OK"
2026-02-23 21:09:19,216 - httpcore.http11 - DEBUG - receive_response_body.started request=<Request [b'GET']>
2026-02-23 21:09:19,216 - httpcore.http11 - DEBUG - receive_response_body.complete
2026-02-23 21:09:19,216 - httpcore.http11 - DEBUG - response_closed.started
2026-02-23 21:09:19,216 - httpcore.http11 - DEBUG - response_closed.complete
2026-02-23 21:09:19,217 - httpcore.http11 - DEBUG - send_request_headers.started request=<Request [b'GET']>
2026-02-23 21:09:19,217 - httpcore.http11 - DEBUG - send_request_headers.complete
2026-02-23 21:09:19,217 - httpcore.http11 - DEBUG - send_request_body.started request=<Request [b'GET']>
2026-02-23 21:09:19,217 - httpcore.http11 - DEBUG - send_request_body.complete
2026-02-23 21:09:19,217 - httpcore.http11 - DEBUG - receive_response_headers.started request=<Request [b'GET']>
2026-02-23 21:09:19,220 - httpcore.http11 - DEBUG - receive_response_headers.complete return_value=(b'HTTP/1.1', 200, b'OK', [(b'Content-Type', b'application/json; charset=utf-8'), (b'Content-Length', b'2'), (b'Connection', b'keep-alive'), (b'Date', b'Mon, 23 Feb 2026 12:09:18 GMT'), (b'Server', b'postgrest/14.5'), (b'Content-Range', b'*/*'), (b'Content-Location', b'/notification_history?identifier=eq.20260323_%C3%AD%C2%83%C2%9C%C3%AC%C2%95%C2%88%C3%AD%C2%95%C2%B4%C3%AC%C2%95%C2%88_%C3%AC%C2%B9%C2%B4%C3%AB%C2%9D%C2%BC%C3%AB%C2%B0%C2%98&select=id&sent_at=gt.2026-02-22T21%3A09%3A19.216985'), (b'Content-Profile', b'public'), (b'Access-Control-Allow-Origin', b'*'), (b'X-Kong-Upstream-Latency', b'1'), (b'X-Kong-Proxy-Latency', b'0'), (b'Via', b'kong/2.8.1')])
2026-02-23 21:09:19,220 - httpx - INFO - HTTP Request: GET http://127.0.0.1:54321/rest/v1/notification_history?select=id&identifier=eq.20260323_%ED%83%9C%EC%95%88%ED%95%B4%EC%95%88_%EC%B9%B4%EB%9D%BC%EB%B0%98&sent_at=gt.2026-02-22T21%3A09%3A19.216985 "HTTP/1.1 200 OK"
2026-02-23 21:09:19,220 - httpcore.http11 - DEBUG - receive_response_body.started request=<Request [b'GET']>
2026-02-23 21:09:19,220 - httpcore.http11 - DEBUG - receive_response_body.complete
2026-02-23 21:09:19,220 - httpcore.http11 - DEBUG - response_closed.started
2026-02-23 21:09:19,220 - httpcore.http11 - DEBUG - response_closed.complete
2026-02-23 21:09:19,220 - httpcore.http11 - DEBUG - send_request_headers.started request=<Request [b'GET']>
2026-02-23 21:09:19,221 - httpcore.http11 - DEBUG - send_request_headers.complete
2026-02-23 21:09:19,221 - httpcore.http11 - DEBUG - send_request_body.started request=<Request [b'GET']>
2026-02-23 21:09:19,221 - httpcore.http11 - DEBUG - send_request_body.complete
2026-02-23 21:09:19,221 - httpcore.http11 - DEBUG - receive_response_headers.started request=<Request [b'GET']>
2026-02-23 21:09:19,223 - httpcore.http11 - DEBUG - receive_response_headers.complete return_value=(b'HTTP/1.1', 200, b'OK', [(b'Content-Type', b'application/json; charset=utf-8'), (b'Content-Length', b'2'), (b'Connection', b'keep-alive'), (b'Date', b'Mon, 23 Feb 2026 12:09:18 GMT'), (b'Server', b'postgrest/14.5'), (b'Content-Range', b'*/*'), (b'Content-Location', b'/notification_history?identifier=eq.20260324_%C3%AA%C2%B0%C2%80%C3%AC%C2%95%C2%BC%C3%AC%C2%82%C2%B0_%C3%AC%C2%B9%C2%B4%C3%AB%C2%9D%C2%BC%C3%AB%C2%B0%C2%98&select=id&sent_at=gt.2026-02-22T21%3A09%3A19.220644'), (b'Content-Profile', b'public'), (b'Access-Control-Allow-Origin', b'*'), (b'X-Kong-Upstream-Latency', b'0'), (b'X-Kong-Proxy-Latency', b'1'), (b'Via', b'kong/2.8.1')])
2026-02-23 21:09:19,223 - httpx - INFO - HTTP Request: GET http://127.0.0.1:54321/rest/v1/notification_history?select=id&identifier=eq.20260324_%EA%B0%80%EC%95%BC%EC%82%B0_%EC%B9%B4%EB%9D%BC%EB%B0%98&sent_at=gt.2026-02-22T21%3A09%3A19.220644 "HTTP/1.1 200 OK"
2026-02-23 21:09:19,223 - httpcore.http11 - DEBUG - receive_response_body.started request=<Request [b'GET']>
2026-02-23 21:09:19,223 - httpcore.http11 - DEBUG - receive_response_body.complete
2026-02-23 21:09:19,223 - httpcore.http11 - DEBUG - response_closed.started
2026-02-23 21:09:19,223 - httpcore.http11 - DEBUG - response_closed.complete
2026-02-23 21:09:19,224 - httpcore.http11 - DEBUG - send_request_headers.started request=<Request [b'GET']>
2026-02-23 21:09:19,224 - httpcore.http11 - DEBUG - send_request_headers.complete
2026-02-23 21:09:19,224 - httpcore.http11 - DEBUG - send_request_body.started request=<Request [b'GET']>
2026-02-23 21:09:19,224 - httpcore.http11 - DEBUG - send_request_body.complete
2026-02-23 21:09:19,225 - httpcore.http11 - DEBUG - receive_response_headers.started request=<Request [b'GET']>
2026-02-23 21:09:19,227 - httpcore.http11 - DEBUG - receive_response_headers.complete return_value=(b'HTTP/1.1', 200, b'OK', [(b'Content-Type', b'application/json; charset=utf-8'), (b'Content-Length', b'2'), (b'Connection', b'keep-alive'), (b'Date', b'Mon, 23 Feb 2026 12:09:18 GMT'), (b'Server', b'postgrest/14.5'), (b'Content-Range', b'*/*'), (b'Content-Location', b'/notification_history?identifier=eq.20260324_%C3%AB%C2%8D%C2%95%C3%AC%C2%9C%C2%A0%C3%AC%C2%82%C2%B0_%C3%AC%C2%B9%C2%B4%C3%AB%C2%9D%C2%BC%C3%AB%C2%B0%C2%98&select=id&sent_at=gt.2026-02-22T21%3A09%3A19.223854'), (b'Content-Profile', b'public'), (b'Access-Control-Allow-Origin', b'*'), (b'X-Kong-Upstream-Latency', b'1'), (b'X-Kong-Proxy-Latency', b'0'), (b'Via', b'kong/2.8.1')])
2026-02-23 21:09:19,227 - httpx - INFO - HTTP Request: GET http://127.0.0.1:54321/rest/v1/notification_history?select=id&identifier=eq.20260324_%EB%8D%95%EC%9C%A0%EC%82%B0_%EC%B9%B4%EB%9D%BC%EB%B0%98&sent_at=gt.2026-02-22T21%3A09%3A19.223854 "HTTP/1.1 200 OK"
2026-02-23 21:09:19,227 - httpcore.http11 - DEBUG - receive_response_body.started request=<Request [b'GET']>
2026-02-23 21:09:19,227 - httpcore.http11 - DEBUG - receive_response_body.complete
2026-02-23 21:09:19,227 - httpcore.http11 - DEBUG - response_closed.started
2026-02-23 21:09:19,227 - httpcore.http11 - DEBUG - response_closed.complete
2026-02-23 21:09:19,228 - httpcore.http11 - DEBUG - send_request_headers.started request=<Request [b'GET']>
2026-02-23 21:09:19,228 - httpcore.http11 - DEBUG - send_request_headers.complete
2026-02-23 21:09:19,228 - httpcore.http11 - DEBUG - send_request_body.started request=<Request [b'GET']>
2026-02-23 21:09:19,228 - httpcore.http11 - DEBUG - send_request_body.complete
2026-02-23 21:09:19,228 - httpcore.http11 - DEBUG - receive_response_headers.started request=<Request [b'GET']>
2026-02-23 21:09:19,230 - httpcore.http11 - DEBUG - receive_response_headers.complete return_value=(b'HTTP/1.1', 200, b'OK', [(b'Content-Type', b'application/json; charset=utf-8'), (b'Content-Length', b'2'), (b'Connection', b'keep-alive'), (b'Date', b'Mon, 23 Feb 2026 12:09:18 GMT'), (b'Server', b'postgrest/14.5'), (b'Content-Range', b'*/*'), (b'Content-Location', b'/notification_history?identifier=eq.20260324_%C3%AC%C2%9B%C2%94%C3%AC%C2%B6%C2%9C%C3%AC%C2%82%C2%B0_%C3%AC%C2%B9%C2%B4%C3%AB%C2%9D%C2%BC%C3%AB%C2%B0%C2%98&select=id&sent_at=gt.2026-02-22T21%3A09%3A19.228065'), (b'Content-Profile', b'public'), (b'Access-Control-Allow-Origin', b'*'), (b'X-Kong-Upstream-Latency', b'1'), (b'X-Kong-Proxy-Latency', b'0'), (b'Via', b'kong/2.8.1')])
2026-02-23 21:09:19,230 - httpx - INFO - HTTP Request: GET http://127.0.0.1:54321/rest/v1/notification_history?select=id&identifier=eq.20260324_%EC%9B%94%EC%B6%9C%EC%82%B0_%EC%B9%B4%EB%9D%BC%EB%B0%98&sent_at=gt.2026-02-22T21%3A09%3A19.228065 "HTTP/1.1 200 OK"
2026-02-23 21:09:19,230 - httpcore.http11 - DEBUG - receive_response_body.started request=<Request [b'GET']>
2026-02-23 21:09:19,230 - httpcore.http11 - DEBUG - receive_response_body.complete
2026-02-23 21:09:19,231 - httpcore.http11 - DEBUG - response_closed.started
2026-02-23 21:09:19,231 - httpcore.http11 - DEBUG - response_closed.complete
2026-02-23 21:09:19,231 - httpcore.http11 - DEBUG - send_request_headers.started request=<Request [b'GET']>
2026-02-23 21:09:19,231 - httpcore.http11 - DEBUG - send_request_headers.complete
2026-02-23 21:09:19,231 - httpcore.http11 - DEBUG - send_request_body.started request=<Request [b'GET']>
2026-02-23 21:09:19,231 - httpcore.http11 - DEBUG - send_request_body.complete
2026-02-23 21:09:19,231 - httpcore.http11 - DEBUG - receive_response_headers.started request=<Request [b'GET']>
2026-02-23 21:09:19,234 - httpcore.http11 - DEBUG - receive_response_headers.complete return_value=(b'HTTP/1.1', 200, b'OK', [(b'Content-Type', b'application/json; charset=utf-8'), (b'Content-Length', b'2'), (b'Connection', b'keep-alive'), (b'Date', b'Mon, 23 Feb 2026 12:09:18 GMT'), (b'Server', b'postgrest/14.5'), (b'Content-Range', b'*/*'), (b'Content-Location', b'/notification_history?identifier=eq.20260324_%C3%AC%C2%B9%C2%98%C3%AC%C2%95%C2%85%C3%AC%C2%82%C2%B0_%C3%AC%C2%B9%C2%B4%C3%AB%C2%9D%C2%BC%C3%AB%C2%B0%C2%98&select=id&sent_at=gt.2026-02-22T21%3A09%3A19.231163'), (b'Content-Profile', b'public'), (b'Access-Control-Allow-Origin', b'*'), (b'X-Kong-Upstream-Latency', b'1'), (b'X-Kong-Proxy-Latency', b'0'), (b'Via', b'kong/2.8.1')])
2026-02-23 21:09:19,234 - httpx - INFO - HTTP Request: GET http://127.0.0.1:54321/rest/v1/notification_history?select=id&identifier=eq.20260324_%EC%B9%98%EC%95%85%EC%82%B0_%EC%B9%B4%EB%9D%BC%EB%B0%98&sent_at=gt.2026-02-22T21%3A09%3A19.231163 "HTTP/1.1 200 OK"
2026-02-23 21:09:19,234 - httpcore.http11 - DEBUG - receive_response_body.started request=<Request [b'GET']>
2026-02-23 21:09:19,234 - httpcore.http11 - DEBUG - receive_response_body.complete
2026-02-23 21:09:19,234 - httpcore.http11 - DEBUG - response_closed.started
2026-02-23 21:09:19,234 - httpcore.http11 - DEBUG - response_closed.complete
2026-02-23 21:09:19,234 - httpcore.http11 - DEBUG - send_request_headers.started request=<Request [b'GET']>
2026-02-23 21:09:19,235 - httpcore.http11 - DEBUG - send_request_headers.complete
2026-02-23 21:09:19,235 - httpcore.http11 - DEBUG - send_request_body.started request=<Request [b'GET']>
2026-02-23 21:09:19,235 - httpcore.http11 - DEBUG - send_request_body.complete
2026-02-23 21:09:19,235 - httpcore.http11 - DEBUG - receive_response_headers.started request=<Request [b'GET']>
2026-02-23 21:09:19,237 - httpcore.http11 - DEBUG - receive_response_headers.complete return_value=(b'HTTP/1.1', 200, b'OK', [(b'Content-Type', b'application/json; charset=utf-8'), (b'Content-Length', b'2'), (b'Connection', b'keep-alive'), (b'Date', b'Mon, 23 Feb 2026 12:09:18 GMT'), (b'Server', b'postgrest/14.5'), (b'Content-Range', b'*/*'), (b'Content-Location', b'/notification_history?identifier=eq.20260324_%C3%AD%C2%83%C2%9C%C3%AC%C2%95%C2%88%C3%AD%C2%95%C2%B4%C3%AC%C2%95%C2%88_%C3%AC%C2%B9%C2%B4%C3%AB%C2%9D%C2%BC%C3%AB%C2%B0%C2%98&select=id&sent_at=gt.2026-02-22T21%3A09%3A19.234580'), (b'Content-Profile', b'public'), (b'Access-Control-Allow-Origin', b'*'), (b'X-Kong-Upstream-Latency', b'1'), (b'X-Kong-Proxy-Latency', b'0'), (b'Via', b'kong/2.8.1')])
2026-02-23 21:09:19,237 - httpx - INFO - HTTP Request: GET http://127.0.0.1:54321/rest/v1/notification_history?select=id&identifier=eq.20260324_%ED%83%9C%EC%95%88%ED%95%B4%EC%95%88_%EC%B9%B4%EB%9D%BC%EB%B0%98&sent_at=gt.2026-02-22T21%3A09%3A19.234580 "HTTP/1.1 200 OK"
2026-02-23 21:09:19,238 - httpcore.http11 - DEBUG - receive_response_body.started request=<Request [b'GET']>
2026-02-23 21:09:19,238 - httpcore.http11 - DEBUG - receive_response_body.complete
2026-02-23 21:09:19,238 - httpcore.http11 - DEBUG - response_closed.started
2026-02-23 21:09:19,238 - httpcore.http11 - DEBUG - response_closed.complete
2026-02-23 21:09:19,238 - httpcore.http11 - DEBUG - send_request_headers.started request=<Request [b'GET']>
2026-02-23 21:09:19,238 - httpcore.http11 - DEBUG - send_request_headers.complete
2026-02-23 21:09:19,238 - httpcore.http11 - DEBUG - send_request_body.started request=<Request [b'GET']>
2026-02-23 21:09:19,238 - httpcore.http11 - DEBUG - send_request_body.complete
2026-02-23 21:09:19,239 - httpcore.http11 - DEBUG - receive_response_headers.started request=<Request [b'GET']>
2026-02-23 21:09:19,240 - httpcore.http11 - DEBUG - receive_response_headers.complete return_value=(b'HTTP/1.1', 200, b'OK', [(b'Content-Type', b'application/json; charset=utf-8'), (b'Content-Length', b'2'), (b'Connection', b'keep-alive'), (b'Date', b'Mon, 23 Feb 2026 12:09:18 GMT'), (b'Server', b'postgrest/14.5'), (b'Content-Range', b'*/*'), (b'Content-Location', b'/notification_history?identifier=eq.20260326_%C3%AA%C2%B0%C2%80%C3%AC%C2%95%C2%BC%C3%AC%C2%82%C2%B0_%C3%AC%C2%B9%C2%B4%C3%AB%C2%9D%C2%BC%C3%AB%C2%B0%C2%98&select=id&sent_at=gt.2026-02-22T21%3A09%3A19.238333'), (b'Content-Profile', b'public'), (b'Access-Control-Allow-Origin', b'*'), (b'X-Kong-Upstream-Latency', b'1'), (b'X-Kong-Proxy-Latency', b'0'), (b'Via', b'kong/2.8.1')])
2026-02-23 21:09:19,241 - httpx - INFO - HTTP Request: GET http://127.0.0.1:54321/rest/v1/notification_history?select=id&identifier=eq.20260326_%EA%B0%80%EC%95%BC%EC%82%B0_%EC%B9%B4%EB%9D%BC%EB%B0%98&sent_at=gt.2026-02-22T21%3A09%3A19.238333 "HTTP/1.1 200 OK"
2026-02-23 21:09:19,241 - httpcore.http11 - DEBUG - receive_response_body.started request=<Request [b'GET']>
2026-02-23 21:09:19,241 - httpcore.http11 - DEBUG - receive_response_body.complete
2026-02-23 21:09:19,241 - httpcore.http11 - DEBUG - response_closed.started
2026-02-23 21:09:19,241 - httpcore.http11 - DEBUG - response_closed.complete
2026-02-23 21:09:19,241 - httpcore.http11 - DEBUG - send_request_headers.started request=<Request [b'GET']>
2026-02-23 21:09:19,242 - httpcore.http11 - DEBUG - send_request_headers.complete
2026-02-23 21:09:19,242 - httpcore.http11 - DEBUG - send_request_body.started request=<Request [b'GET']>
2026-02-23 21:09:19,242 - httpcore.http11 - DEBUG - send_request_body.complete
2026-02-23 21:09:19,242 - httpcore.http11 - DEBUG - receive_response_headers.started request=<Request [b'GET']>
2026-02-23 21:09:19,244 - httpcore.http11 - DEBUG - receive_response_headers.complete return_value=(b'HTTP/1.1', 200, b'OK', [(b'Content-Type', b'application/json; charset=utf-8'), (b'Content-Length', b'2'), (b'Connection', b'keep-alive'), (b'Date', b'Mon, 23 Feb 2026 12:09:18 GMT'), (b'Server', b'postgrest/14.5'), (b'Content-Range', b'*/*'), (b'Content-Location', b'/notification_history?identifier=eq.20260326_%C3%AB%C2%8D%C2%95%C3%AC%C2%9C%C2%A0%C3%AC%C2%82%C2%B0_%C3%AC%C2%B9%C2%B4%C3%AB%C2%9D%C2%BC%C3%AB%C2%B0%C2%98&select=id&sent_at=gt.2026-02-22T21%3A09%3A19.241548'), (b'Content-Profile', b'public'), (b'Access-Control-Allow-Origin', b'*'), (b'X-Kong-Upstream-Latency', b'1'), (b'X-Kong-Proxy-Latency', b'0'), (b'Via', b'kong/2.8.1')])
2026-02-23 21:09:19,245 - httpx - INFO - HTTP Request: GET http://127.0.0.1:54321/rest/v1/notification_history?select=id&identifier=eq.20260326_%EB%8D%95%EC%9C%A0%EC%82%B0_%EC%B9%B4%EB%9D%BC%EB%B0%98&sent_at=gt.2026-02-22T21%3A09%3A19.241548 "HTTP/1.1 200 OK"
2026-02-23 21:09:19,245 - httpcore.http11 - DEBUG - receive_response_body.started request=<Request [b'GET']>
2026-02-23 21:09:19,245 - httpcore.http11 - DEBUG - receive_response_body.complete
2026-02-23 21:09:19,245 - httpcore.http11 - DEBUG - response_closed.started
2026-02-23 21:09:19,245 - httpcore.http11 - DEBUG - response_closed.complete
2026-02-23 21:09:19,245 - httpcore.http11 - DEBUG - send_request_headers.started request=<Request [b'GET']>
2026-02-23 21:09:19,245 - httpcore.http11 - DEBUG - send_request_headers.complete
2026-02-23 21:09:19,245 - httpcore.http11 - DEBUG - send_request_body.started request=<Request [b'GET']>
2026-02-23 21:09:19,245 - httpcore.http11 - DEBUG - send_request_body.complete
2026-02-23 21:09:19,245 - httpcore.http11 - DEBUG - receive_response_headers.started request=<Request [b'GET']>
2026-02-23 21:09:19,248 - httpcore.http11 - DEBUG - receive_response_headers.complete return_value=(b'HTTP/1.1', 200, b'OK', [(b'Content-Type', b'application/json; charset=utf-8'), (b'Content-Length', b'2'), (b'Connection', b'keep-alive'), (b'Date', b'Mon, 23 Feb 2026 12:09:18 GMT'), (b'Server', b'postgrest/14.5'), (b'Content-Range', b'*/*'), (b'Content-Location', b'/notification_history?identifier=eq.20260326_%C3%AC%C2%9B%C2%94%C3%AC%C2%B6%C2%9C%C3%AC%C2%82%C2%B0_%C3%AC%C2%B9%C2%B4%C3%AB%C2%9D%C2%BC%C3%AB%C2%B0%C2%98&select=id&sent_at=gt.2026-02-22T21%3A09%3A19.245298'), (b'Content-Profile', b'public'), (b'Access-Control-Allow-Origin', b'*'), (b'X-Kong-Upstream-Latency', b'0'), (b'X-Kong-Proxy-Latency', b'1'), (b'Via', b'kong/2.8.1')])
2026-02-23 21:09:19,248 - httpx - INFO - HTTP Request: GET http://127.0.0.1:54321/rest/v1/notification_history?select=id&identifier=eq.20260326_%EC%9B%94%EC%B6%9C%EC%82%B0_%EC%B9%B4%EB%9D%BC%EB%B0%98&sent_at=gt.2026-02-22T21%3A09%3A19.245298 "HTTP/1.1 200 OK"
2026-02-23 21:09:19,248 - httpcore.http11 - DEBUG - receive_response_body.started request=<Request [b'GET']>
2026-02-23 21:09:19,248 - httpcore.http11 - DEBUG - receive_response_body.complete
2026-02-23 21:09:19,248 - httpcore.http11 - DEBUG - response_closed.started
2026-02-23 21:09:19,249 - httpcore.http11 - DEBUG - response_closed.complete
2026-02-23 21:09:19,249 - httpcore.http11 - DEBUG - send_request_headers.started request=<Request [b'GET']>
2026-02-23 21:09:19,249 - httpcore.http11 - DEBUG - send_request_headers.complete
2026-02-23 21:09:19,249 - httpcore.http11 - DEBUG - send_request_body.started request=<Request [b'GET']>
2026-02-23 21:09:19,249 - httpcore.http11 - DEBUG - send_request_body.complete
2026-02-23 21:09:19,250 - httpcore.http11 - DEBUG - receive_response_headers.started request=<Request [b'GET']>
2026-02-23 21:09:19,253 - httpcore.http11 - DEBUG - receive_response_headers.complete return_value=(b'HTTP/1.1', 200, b'OK', [(b'Content-Type', b'application/json; charset=utf-8'), (b'Content-Length', b'2'), (b'Connection', b'keep-alive'), (b'Date', b'Mon, 23 Feb 2026 12:09:18 GMT'), (b'Server', b'postgrest/14.5'), (b'Content-Range', b'*/*'), (b'Content-Location', b'/notification_history?identifier=eq.20260326_%C3%AC%C2%B9%C2%98%C3%AC%C2%95%C2%85%C3%AC%C2%82%C2%B0_%C3%AC%C2%B9%C2%B4%C3%AB%C2%9D%C2%BC%C3%AB%C2%B0%C2%98&select=id&sent_at=gt.2026-02-22T21%3A09%3A19.249154'), (b'Content-Profile', b'public'), (b'Access-Control-Allow-Origin', b'*'), (b'X-Kong-Upstream-Latency', b'1'), (b'X-Kong-Proxy-Latency', b'0'), (b'Via', b'kong/2.8.1')])
2026-02-23 21:09:19,253 - httpx - INFO - HTTP Request: GET http://127.0.0.1:54321/rest/v1/notification_history?select=id&identifier=eq.20260326_%EC%B9%98%EC%95%85%EC%82%B0_%EC%B9%B4%EB%9D%BC%EB%B0%98&sent_at=gt.2026-02-22T21%3A09%3A19.249154 "HTTP/1.1 200 OK"
2026-02-23 21:09:19,253 - httpcore.http11 - DEBUG - receive_response_body.started request=<Request [b'GET']>
2026-02-23 21:09:19,253 - httpcore.http11 - DEBUG - receive_response_body.complete
2026-02-23 21:09:19,254 - httpcore.http11 - DEBUG - response_closed.started
2026-02-23 21:09:19,254 - httpcore.http11 - DEBUG - response_closed.complete
2026-02-23 21:09:19,254 - httpcore.http11 - DEBUG - send_request_headers.started request=<Request [b'GET']>
2026-02-23 21:09:19,254 - httpcore.http11 - DEBUG - send_request_headers.complete
2026-02-23 21:09:19,254 - httpcore.http11 - DEBUG - send_request_body.started request=<Request [b'GET']>
2026-02-23 21:09:19,254 - httpcore.http11 - DEBUG - send_request_body.complete
2026-02-23 21:09:19,254 - httpcore.http11 - DEBUG - receive_response_headers.started request=<Request [b'GET']>
2026-02-23 21:09:19,256 - httpcore.http11 - DEBUG - receive_response_headers.complete return_value=(b'HTTP/1.1', 200, b'OK', [(b'Content-Type', b'application/json; charset=utf-8'), (b'Content-Length', b'2'), (b'Connection', b'keep-alive'), (b'Date', b'Mon, 23 Feb 2026 12:09:18 GMT'), (b'Server', b'postgrest/14.5'), (b'Content-Range', b'*/*'), (b'Content-Location', b'/notification_history?identifier=eq.20260326_%C3%AD%C2%83%C2%9C%C3%AC%C2%95%C2%88%C3%AD%C2%95%C2%B4%C3%AC%C2%95%C2%88_%C3%AC%C2%B9%C2%B4%C3%AB%C2%9D%C2%BC%C3%AB%C2%B0%C2%98&select=id&sent_at=gt.2026-02-22T21%3A09%3A19.254151'), (b'Content-Profile', b'public'), (b'Access-Control-Allow-Origin', b'*'), (b'X-Kong-Upstream-Latency', b'1'), (b'X-Kong-Proxy-Latency', b'0'), (b'Via', b'kong/2.8.1')])
2026-02-23 21:09:19,256 - httpx - INFO - HTTP Request: GET http://127.0.0.1:54321/rest/v1/notification_history?select=id&identifier=eq.20260326_%ED%83%9C%EC%95%88%ED%95%B4%EC%95%88_%EC%B9%B4%EB%9D%BC%EB%B0%98&sent_at=gt.2026-02-22T21%3A09%3A19.254151 "HTTP/1.1 200 OK"
2026-02-23 21:09:19,256 - httpcore.http11 - DEBUG - receive_response_body.started request=<Request [b'GET']>
2026-02-23 21:09:19,257 - httpcore.http11 - DEBUG - receive_response_body.complete
2026-02-23 21:09:19,257 - httpcore.http11 - DEBUG - response_closed.started
2026-02-23 21:09:19,257 - httpcore.http11 - DEBUG - response_closed.complete
2026-02-23 21:09:19,257 - httpcore.http11 - DEBUG - send_request_headers.started request=<Request [b'GET']>
2026-02-23 21:09:19,257 - httpcore.http11 - DEBUG - send_request_headers.complete
2026-02-23 21:09:19,257 - httpcore.http11 - DEBUG - send_request_body.started request=<Request [b'GET']>
2026-02-23 21:09:19,258 - httpcore.http11 - DEBUG - send_request_body.complete
2026-02-23 21:09:19,258 - httpcore.http11 - DEBUG - receive_response_headers.started request=<Request [b'GET']>
2026-02-23 21:09:19,259 - httpcore.http11 - DEBUG - receive_response_headers.complete return_value=(b'HTTP/1.1', 200, b'OK', [(b'Content-Type', b'application/json; charset=utf-8'), (b'Content-Length', b'2'), (b'Connection', b'keep-alive'), (b'Date', b'Mon, 23 Feb 2026 12:09:18 GMT'), (b'Server', b'postgrest/14.5'), (b'Content-Range', b'*/*'), (b'Content-Location', b'/notification_history?identifier=eq.20260327_%C3%AA%C2%B0%C2%80%C3%AC%C2%95%C2%BC%C3%AC%C2%82%C2%B0_%C3%AC%C2%B9%C2%B4%C3%AB%C2%9D%C2%BC%C3%AB%C2%B0%C2%98&select=id&sent_at=gt.2026-02-22T21%3A09%3A19.257315'), (b'Content-Profile', b'public'), (b'Access-Control-Allow-Origin', b'*'), (b'X-Kong-Upstream-Latency', b'1'), (b'X-Kong-Proxy-Latency', b'0'), (b'Via', b'kong/2.8.1')])
2026-02-23 21:09:19,259 - httpx - INFO - HTTP Request: GET http://127.0.0.1:54321/rest/v1/notification_history?select=id&identifier=eq.20260327_%EA%B0%80%EC%95%BC%EC%82%B0_%EC%B9%B4%EB%9D%BC%EB%B0%98&sent_at=gt.2026-02-22T21%3A09%3A19.257315 "HTTP/1.1 200 OK"
2026-02-23 21:09:19,260 - httpcore.http11 - DEBUG - receive_response_body.started request=<Request [b'GET']>
2026-02-23 21:09:19,260 - httpcore.http11 - DEBUG - receive_response_body.complete
2026-02-23 21:09:19,260 - httpcore.http11 - DEBUG - response_closed.started
2026-02-23 21:09:19,260 - httpcore.http11 - DEBUG - response_closed.complete
2026-02-23 21:09:19,260 - httpcore.http11 - DEBUG - send_request_headers.started request=<Request [b'GET']>
2026-02-23 21:09:19,260 - httpcore.http11 - DEBUG - send_request_headers.complete
2026-02-23 21:09:19,260 - httpcore.http11 - DEBUG - send_request_body.started request=<Request [b'GET']>
2026-02-23 21:09:19,260 - httpcore.http11 - DEBUG - send_request_body.complete
2026-02-23 21:09:19,260 - httpcore.http11 - DEBUG - receive_response_headers.started request=<Request [b'GET']>
2026-02-23 21:09:19,262 - httpcore.http11 - DEBUG - receive_response_headers.complete return_value=(b'HTTP/1.1', 200, b'OK', [(b'Content-Type', b'application/json; charset=utf-8'), (b'Content-Length', b'2'), (b'Connection', b'keep-alive'), (b'Date', b'Mon, 23 Feb 2026 12:09:18 GMT'), (b'Server', b'postgrest/14.5'), (b'Content-Range', b'*/*'), (b'Content-Location', b'/notification_history?identifier=eq.20260327_%C3%AB%C2%8D%C2%95%C3%AC%C2%9C%C2%A0%C3%AC%C2%82%C2%B0_%C3%AC%C2%B9%C2%B4%C3%AB%C2%9D%C2%BC%C3%AB%C2%B0%C2%98&select=id&sent_at=gt.2026-02-22T21%3A09%3A19.260297'), (b'Content-Profile', b'public'), (b'Access-Control-Allow-Origin', b'*'), (b'X-Kong-Upstream-Latency', b'1'), (b'X-Kong-Proxy-Latency', b'0'), (b'Via', b'kong/2.8.1')])
2026-02-23 21:09:19,263 - httpx - INFO - HTTP Request: GET http://127.0.0.1:54321/rest/v1/notification_history?select=id&identifier=eq.20260327_%EB%8D%95%EC%9C%A0%EC%82%B0_%EC%B9%B4%EB%9D%BC%EB%B0%98&sent_at=gt.2026-02-22T21%3A09%3A19.260297 "HTTP/1.1 200 OK"
2026-02-23 21:09:19,263 - httpcore.http11 - DEBUG - receive_response_body.started request=<Request [b'GET']>
2026-02-23 21:09:19,263 - httpcore.http11 - DEBUG - receive_response_body.complete
2026-02-23 21:09:19,263 - httpcore.http11 - DEBUG - response_closed.started
2026-02-23 21:09:19,263 - httpcore.http11 - DEBUG - response_closed.complete
2026-02-23 21:09:19,263 - httpcore.http11 - DEBUG - send_request_headers.started request=<Request [b'GET']>
2026-02-23 21:09:19,263 - httpcore.http11 - DEBUG - send_request_headers.complete
2026-02-23 21:09:19,263 - httpcore.http11 - DEBUG - send_request_body.started request=<Request [b'GET']>
2026-02-23 21:09:19,264 - httpcore.http11 - DEBUG - send_request_body.complete
2026-02-23 21:09:19,264 - httpcore.http11 - DEBUG - receive_response_headers.started request=<Request [b'GET']>
2026-02-23 21:09:19,265 - httpcore.http11 - DEBUG - receive_response_headers.complete return_value=(b'HTTP/1.1', 200, b'OK', [(b'Content-Type', b'application/json; charset=utf-8'), (b'Content-Length', b'2'), (b'Connection', b'keep-alive'), (b'Date', b'Mon, 23 Feb 2026 12:09:18 GMT'), (b'Server', b'postgrest/14.5'), (b'Content-Range', b'*/*'), (b'Content-Location', b'/notification_history?identifier=eq.20260327_%C3%AC%C2%B9%C2%98%C3%AC%C2%95%C2%85%C3%AC%C2%82%C2%B0_%C3%AC%C2%B9%C2%B4%C3%AB%C2%9D%C2%BC%C3%AB%C2%B0%C2%98&select=id&sent_at=gt.2026-02-22T21%3A09%3A19.263370'), (b'Content-Profile', b'public'), (b'Access-Control-Allow-Origin', b'*'), (b'X-Kong-Upstream-Latency', b'1'), (b'X-Kong-Proxy-Latency', b'0'), (b'Via', b'kong/2.8.1')])
2026-02-23 21:09:19,265 - httpx - INFO - HTTP Request: GET http://127.0.0.1:54321/rest/v1/notification_history?select=id&identifier=eq.20260327_%EC%B9%98%EC%95%85%EC%82%B0_%EC%B9%B4%EB%9D%BC%EB%B0%98&sent_at=gt.2026-02-22T21%3A09%3A19.263370 "HTTP/1.1 200 OK"
2026-02-23 21:09:19,265 - httpcore.http11 - DEBUG - receive_response_body.started request=<Request [b'GET']>
2026-02-23 21:09:19,265 - httpcore.http11 - DEBUG - receive_response_body.complete
2026-02-23 21:09:19,265 - httpcore.http11 - DEBUG - response_closed.started
2026-02-23 21:09:19,266 - httpcore.http11 - DEBUG - response_closed.complete
2026-02-23 21:09:19,266 - httpcore.http11 - DEBUG - send_request_headers.started request=<Request [b'GET']>
2026-02-23 21:09:19,266 - httpcore.http11 - DEBUG - send_request_headers.complete
2026-02-23 21:09:19,266 - httpcore.http11 - DEBUG - send_request_body.started request=<Request [b'GET']>
2026-02-23 21:09:19,266 - httpcore.http11 - DEBUG - send_request_body.complete
2026-02-23 21:09:19,266 - httpcore.http11 - DEBUG - receive_response_headers.started request=<Request [b'GET']>
2026-02-23 21:09:19,268 - httpcore.http11 - DEBUG - receive_response_headers.complete return_value=(b'HTTP/1.1', 200, b'OK', [(b'Content-Type', b'application/json; charset=utf-8'), (b'Content-Length', b'2'), (b'Connection', b'keep-alive'), (b'Date', b'Mon, 23 Feb 2026 12:09:18 GMT'), (b'Server', b'postgrest/14.5'), (b'Content-Range', b'*/*'), (b'Content-Location', b'/notification_history?identifier=eq.20260329_%C3%AB%C2%8D%C2%95%C3%AC%C2%9C%C2%A0%C3%AC%C2%82%C2%B0_%C3%AC%C2%B9%C2%B4%C3%AB%C2%9D%C2%BC%C3%AB%C2%B0%C2%98&select=id&sent_at=gt.2026-02-22T21%3A09%3A19.266134'), (b'Content-Profile', b'public'), (b'Access-Control-Allow-Origin', b'*'), (b'X-Kong-Upstream-Latency', b'1'), (b'X-Kong-Proxy-Latency', b'0'), (b'Via', b'kong/2.8.1')])
2026-02-23 21:09:19,268 - httpx - INFO - HTTP Request: GET http://127.0.0.1:54321/rest/v1/notification_history?select=id&identifier=eq.20260329_%EB%8D%95%EC%9C%A0%EC%82%B0_%EC%B9%B4%EB%9D%BC%EB%B0%98&sent_at=gt.2026-02-22T21%3A09%3A19.266134 "HTTP/1.1 200 OK"
2026-02-23 21:09:19,268 - httpcore.http11 - DEBUG - receive_response_body.started request=<Request [b'GET']>
2026-02-23 21:09:19,268 - httpcore.http11 - DEBUG - receive_response_body.complete
2026-02-23 21:09:19,269 - httpcore.http11 - DEBUG - response_closed.started
2026-02-23 21:09:19,269 - httpcore.http11 - DEBUG - response_closed.complete
2026-02-23 21:09:19,269 - httpcore.http11 - DEBUG - send_request_headers.started request=<Request [b'GET']>
2026-02-23 21:09:19,269 - httpcore.http11 - DEBUG - send_request_headers.complete
2026-02-23 21:09:19,269 - httpcore.http11 - DEBUG - send_request_body.started request=<Request [b'GET']>
2026-02-23 21:09:19,269 - httpcore.http11 - DEBUG - send_request_body.complete
2026-02-23 21:09:19,269 - httpcore.http11 - DEBUG - receive_response_headers.started request=<Request [b'GET']>
2026-02-23 21:09:19,271 - httpcore.http11 - DEBUG - receive_response_headers.complete return_value=(b'HTTP/1.1', 200, b'OK', [(b'Content-Type', b'application/json; charset=utf-8'), (b'Content-Length', b'2'), (b'Connection', b'keep-alive'), (b'Date', b'Mon, 23 Feb 2026 12:09:18 GMT'), (b'Server', b'postgrest/14.5'), (b'Content-Range', b'*/*'), (b'Content-Location', b'/notification_history?identifier=eq.20260329_%C3%AC%C2%9B%C2%94%C3%AC%C2%B6%C2%9C%C3%AC%C2%82%C2%B0_%C3%AC%C2%B9%C2%B4%C3%AB%C2%9D%C2%BC%C3%AB%C2%B0%C2%98&select=id&sent_at=gt.2026-02-22T21%3A09%3A19.269146'), (b'Content-Profile', b'public'), (b'Access-Control-Allow-Origin', b'*'), (b'X-Kong-Upstream-Latency', b'1'), (b'X-Kong-Proxy-Latency', b'0'), (b'Via', b'kong/2.8.1')])
2026-02-23 21:09:19,271 - httpx - INFO - HTTP Request: GET http://127.0.0.1:54321/rest/v1/notification_history?select=id&identifier=eq.20260329_%EC%9B%94%EC%B6%9C%EC%82%B0_%EC%B9%B4%EB%9D%BC%EB%B0%98&sent_at=gt.2026-02-22T21%3A09%3A19.269146 "HTTP/1.1 200 OK"
2026-02-23 21:09:19,271 - httpcore.http11 - DEBUG - receive_response_body.started request=<Request [b'GET']>
2026-02-23 21:09:19,272 - httpcore.http11 - DEBUG - receive_response_body.complete
2026-02-23 21:09:19,272 - httpcore.http11 - DEBUG - response_closed.started
2026-02-23 21:09:19,272 - httpcore.http11 - DEBUG - response_closed.complete
2026-02-23 21:09:19,272 - httpcore.http11 - DEBUG - send_request_headers.started request=<Request [b'GET']>
2026-02-23 21:09:19,272 - httpcore.http11 - DEBUG - send_request_headers.complete
2026-02-23 21:09:19,272 - httpcore.http11 - DEBUG - send_request_body.started request=<Request [b'GET']>
2026-02-23 21:09:19,272 - httpcore.http11 - DEBUG - send_request_body.complete
2026-02-23 21:09:19,272 - httpcore.http11 - DEBUG - receive_response_headers.started request=<Request [b'GET']>
2026-02-23 21:09:19,275 - httpcore.http11 - DEBUG - receive_response_headers.complete return_value=(b'HTTP/1.1', 200, b'OK', [(b'Content-Type', b'application/json; charset=utf-8'), (b'Content-Length', b'2'), (b'Connection', b'keep-alive'), (b'Date', b'Mon, 23 Feb 2026 12:09:18 GMT'), (b'Server', b'postgrest/14.5'), (b'Content-Range', b'*/*'), (b'Content-Location', b'/notification_history?identifier=eq.20260329_%C3%AC%C2%B9%C2%98%C3%AC%C2%95%C2%85%C3%AC%C2%82%C2%B0_%C3%AC%C2%B9%C2%B4%C3%AB%C2%9D%C2%BC%C3%AB%C2%B0%C2%98&select=id&sent_at=gt.2026-02-22T21%3A09%3A19.272315'), (b'Content-Profile', b'public'), (b'Access-Control-Allow-Origin', b'*'), (b'X-Kong-Upstream-Latency', b'2'), (b'X-Kong-Proxy-Latency', b'0'), (b'Via', b'kong/2.8.1')])
2026-02-23 21:09:19,275 - httpx - INFO - HTTP Request: GET http://127.0.0.1:54321/rest/v1/notification_history?select=id&identifier=eq.20260329_%EC%B9%98%EC%95%85%EC%82%B0_%EC%B9%B4%EB%9D%BC%EB%B0%98&sent_at=gt.2026-02-22T21%3A09%3A19.272315 "HTTP/1.1 200 OK"
2026-02-23 21:09:19,275 - httpcore.http11 - DEBUG - receive_response_body.started request=<Request [b'GET']>
2026-02-23 21:09:19,275 - httpcore.http11 - DEBUG - receive_response_body.complete
2026-02-23 21:09:19,275 - httpcore.http11 - DEBUG - response_closed.started
2026-02-23 21:09:19,275 - httpcore.http11 - DEBUG - response_closed.complete
2026-02-23 21:09:19,276 - httpcore.http11 - DEBUG - send_request_headers.started request=<Request [b'GET']>
2026-02-23 21:09:19,276 - httpcore.http11 - DEBUG - send_request_headers.complete
2026-02-23 21:09:19,276 - httpcore.http11 - DEBUG - send_request_body.started request=<Request [b'GET']>
2026-02-23 21:09:19,276 - httpcore.http11 - DEBUG - send_request_body.complete
2026-02-23 21:09:19,276 - httpcore.http11 - DEBUG - receive_response_headers.started request=<Request [b'GET']>
2026-02-23 21:09:19,278 - httpcore.http11 - DEBUG - receive_response_headers.complete return_value=(b'HTTP/1.1', 200, b'OK', [(b'Content-Type', b'application/json; charset=utf-8'), (b'Content-Length', b'2'), (b'Connection', b'keep-alive'), (b'Date', b'Mon, 23 Feb 2026 12:09:18 GMT'), (b'Server', b'postgrest/14.5'), (b'Content-Range', b'*/*'), (b'Content-Location', b'/notification_history?identifier=eq.20260329_%C3%AD%C2%83%C2%9C%C3%AC%C2%95%C2%88%C3%AD%C2%95%C2%B4%C3%AC%C2%95%C2%88_%C3%AC%C2%B9%C2%B4%C3%AB%C2%9D%C2%BC%C3%AB%C2%B0%C2%98&select=id&sent_at=gt.2026-02-22T21%3A09%3A19.275745'), (b'Content-Profile', b'public'), (b'Access-Control-Allow-Origin', b'*'), (b'X-Kong-Upstream-Latency', b'1'), (b'X-Kong-Proxy-Latency', b'0'), (b'Via', b'kong/2.8.1')])
2026-02-23 21:09:19,279 - httpx - INFO - HTTP Request: GET http://127.0.0.1:54321/rest/v1/notification_history?select=id&identifier=eq.20260329_%ED%83%9C%EC%95%88%ED%95%B4%EC%95%88_%EC%B9%B4%EB%9D%BC%EB%B0%98&sent_at=gt.2026-02-22T21%3A09%3A19.275745 "HTTP/1.1 200 OK"
2026-02-23 21:09:19,279 - httpcore.http11 - DEBUG - receive_response_body.started request=<Request [b'GET']>
2026-02-23 21:09:19,279 - httpcore.http11 - DEBUG - receive_response_body.complete
2026-02-23 21:09:19,279 - httpcore.http11 - DEBUG - response_closed.started
2026-02-23 21:09:19,279 - httpcore.http11 - DEBUG - response_closed.complete
2026-02-23 21:09:19,279 - httpcore.http11 - DEBUG - send_request_headers.started request=<Request [b'GET']>
2026-02-23 21:09:19,279 - httpcore.http11 - DEBUG - send_request_headers.complete
2026-02-23 21:09:19,280 - httpcore.http11 - DEBUG - send_request_body.started request=<Request [b'GET']>
2026-02-23 21:09:19,280 - httpcore.http11 - DEBUG - send_request_body.complete
2026-02-23 21:09:19,280 - httpcore.http11 - DEBUG - receive_response_headers.started request=<Request [b'GET']>
2026-02-23 21:09:19,284 - httpcore.http11 - DEBUG - receive_response_headers.complete return_value=(b'HTTP/1.1', 200, b'OK', [(b'Content-Type', b'application/json; charset=utf-8'), (b'Content-Length', b'2'), (b'Connection', b'keep-alive'), (b'Date', b'Mon, 23 Feb 2026 12:09:18 GMT'), (b'Server', b'postgrest/14.5'), (b'Content-Range', b'*/*'), (b'Content-Location', b'/notification_history?identifier=eq.20260330_%C3%AA%C2%B0%C2%80%C3%AC%C2%95%C2%BC%C3%AC%C2%82%C2%B0_%C3%AC%C2%B9%C2%B4%C3%AB%C2%9D%C2%BC%C3%AB%C2%B0%C2%98&select=id&sent_at=gt.2026-02-22T21%3A09%3A19.279413'), (b'Content-Profile', b'public'), (b'Access-Control-Allow-Origin', b'*'), (b'X-Kong-Upstream-Latency', b'2'), (b'X-Kong-Proxy-Latency', b'0'), (b'Via', b'kong/2.8.1')])
2026-02-23 21:09:19,284 - httpx - INFO - HTTP Request: GET http://127.0.0.1:54321/rest/v1/notification_history?select=id&identifier=eq.20260330_%EA%B0%80%EC%95%BC%EC%82%B0_%EC%B9%B4%EB%9D%BC%EB%B0%98&sent_at=gt.2026-02-22T21%3A09%3A19.279413 "HTTP/1.1 200 OK"
2026-02-23 21:09:19,284 - httpcore.http11 - DEBUG - receive_response_body.started request=<Request [b'GET']>
2026-02-23 21:09:19,284 - httpcore.http11 - DEBUG - receive_response_body.complete
2026-02-23 21:09:19,285 - httpcore.http11 - DEBUG - response_closed.started
2026-02-23 21:09:19,285 - httpcore.http11 - DEBUG - response_closed.complete
2026-02-23 21:09:19,285 - httpcore.http11 - DEBUG - send_request_headers.started request=<Request [b'GET']>
2026-02-23 21:09:19,285 - httpcore.http11 - DEBUG - send_request_headers.complete
2026-02-23 21:09:19,285 - httpcore.http11 - DEBUG - send_request_body.started request=<Request [b'GET']>
2026-02-23 21:09:19,285 - httpcore.http11 - DEBUG - send_request_body.complete
2026-02-23 21:09:19,285 - httpcore.http11 - DEBUG - receive_response_headers.started request=<Request [b'GET']>
2026-02-23 21:09:19,288 - httpcore.http11 - DEBUG - receive_response_headers.complete return_value=(b'HTTP/1.1', 200, b'OK', [(b'Content-Type', b'application/json; charset=utf-8'), (b'Content-Length', b'2'), (b'Connection', b'keep-alive'), (b'Date', b'Mon, 23 Feb 2026 12:09:18 GMT'), (b'Server', b'postgrest/14.5'), (b'Content-Range', b'*/*'), (b'Content-Location', b'/notification_history?identifier=eq.20260330_%C3%AB%C2%8D%C2%95%C3%AC%C2%9C%C2%A0%C3%AC%C2%82%C2%B0_%C3%AC%C2%B9%C2%B4%C3%AB%C2%9D%C2%BC%C3%AB%C2%B0%C2%98&select=id&sent_at=gt.2026-02-22T21%3A09%3A19.285172'), (b'Content-Profile', b'public'), (b'Access-Control-Allow-Origin', b'*'), (b'X-Kong-Upstream-Latency', b'1'), (b'X-Kong-Proxy-Latency', b'0'), (b'Via', b'kong/2.8.1')])
2026-02-23 21:09:19,288 - httpx - INFO - HTTP Request: GET http://127.0.0.1:54321/rest/v1/notification_history?select=id&identifier=eq.20260330_%EB%8D%95%EC%9C%A0%EC%82%B0_%EC%B9%B4%EB%9D%BC%EB%B0%98&sent_at=gt.2026-02-22T21%3A09%3A19.285172 "HTTP/1.1 200 OK"
2026-02-23 21:09:19,288 - httpcore.http11 - DEBUG - receive_response_body.started request=<Request [b'GET']>
2026-02-23 21:09:19,288 - httpcore.http11 - DEBUG - receive_response_body.complete
2026-02-23 21:09:19,288 - httpcore.http11 - DEBUG - response_closed.started
2026-02-23 21:09:19,288 - httpcore.http11 - DEBUG - response_closed.complete
2026-02-23 21:09:19,289 - httpcore.http11 - DEBUG - send_request_headers.started request=<Request [b'GET']>
2026-02-23 21:09:19,289 - httpcore.http11 - DEBUG - send_request_headers.complete
2026-02-23 21:09:19,289 - httpcore.http11 - DEBUG - send_request_body.started request=<Request [b'GET']>
2026-02-23 21:09:19,289 - httpcore.http11 - DEBUG - send_request_body.complete
2026-02-23 21:09:19,289 - httpcore.http11 - DEBUG - receive_response_headers.started request=<Request [b'GET']>
2026-02-23 21:09:19,291 - httpcore.http11 - DEBUG - receive_response_headers.complete return_value=(b'HTTP/1.1', 200, b'OK', [(b'Content-Type', b'application/json; charset=utf-8'), (b'Content-Length', b'2'), (b'Connection', b'keep-alive'), (b'Date', b'Mon, 23 Feb 2026 12:09:18 GMT'), (b'Server', b'postgrest/14.5'), (b'Content-Range', b'*/*'), (b'Content-Location', b'/notification_history?identifier=eq.20260330_%C3%AC%C2%9B%C2%94%C3%AC%C2%B6%C2%9C%C3%AC%C2%82%C2%B0_%C3%AC%C2%B9%C2%B4%C3%AB%C2%9D%C2%BC%C3%AB%C2%B0%C2%98&select=id&sent_at=gt.2026-02-22T21%3A09%3A19.288740'), (b'Content-Profile', b'public'), (b'Access-Control-Allow-Origin', b'*'), (b'X-Kong-Upstream-Latency', b'1'), (b'X-Kong-Proxy-Latency', b'0'), (b'Via', b'kong/2.8.1')])
2026-02-23 21:09:19,291 - httpx - INFO - HTTP Request: GET http://127.0.0.1:54321/rest/v1/notification_history?select=id&identifier=eq.20260330_%EC%9B%94%EC%B6%9C%EC%82%B0_%EC%B9%B4%EB%9D%BC%EB%B0%98&sent_at=gt.2026-02-22T21%3A09%3A19.288740 "HTTP/1.1 200 OK"
2026-02-23 21:09:19,291 - httpcore.http11 - DEBUG - receive_response_body.started request=<Request [b'GET']>
2026-02-23 21:09:19,291 - httpcore.http11 - DEBUG - receive_response_body.complete
2026-02-23 21:09:19,291 - httpcore.http11 - DEBUG - response_closed.started
2026-02-23 21:09:19,291 - httpcore.http11 - DEBUG - response_closed.complete
2026-02-23 21:09:19,292 - httpcore.http11 - DEBUG - send_request_headers.started request=<Request [b'GET']>
2026-02-23 21:09:19,292 - httpcore.http11 - DEBUG - send_request_headers.complete
2026-02-23 21:09:19,292 - httpcore.http11 - DEBUG - send_request_body.started request=<Request [b'GET']>
2026-02-23 21:09:19,292 - httpcore.http11 - DEBUG - send_request_body.complete
2026-02-23 21:09:19,292 - httpcore.http11 - DEBUG - receive_response_headers.started request=<Request [b'GET']>
2026-02-23 21:09:19,294 - httpcore.http11 - DEBUG - receive_response_headers.complete return_value=(b'HTTP/1.1', 200, b'OK', [(b'Content-Type', b'application/json; charset=utf-8'), (b'Content-Length', b'2'), (b'Connection', b'keep-alive'), (b'Date', b'Mon, 23 Feb 2026 12:09:18 GMT'), (b'Server', b'postgrest/14.5'), (b'Content-Range', b'*/*'), (b'Content-Location', b'/notification_history?identifier=eq.20260330_%C3%AC%C2%B9%C2%98%C3%AC%C2%95%C2%85%C3%AC%C2%82%C2%B0_%C3%AC%C2%B9%C2%B4%C3%AB%C2%9D%C2%BC%C3%AB%C2%B0%C2%98&select=id&sent_at=gt.2026-02-22T21%3A09%3A19.291875'), (b'Content-Profile', b'public'), (b'Access-Control-Allow-Origin', b'*'), (b'X-Kong-Upstream-Latency', b'1'), (b'X-Kong-Proxy-Latency', b'0'), (b'Via', b'kong/2.8.1')])
2026-02-23 21:09:19,294 - httpx - INFO - HTTP Request: GET http://127.0.0.1:54321/rest/v1/notification_history?select=id&identifier=eq.20260330_%EC%B9%98%EC%95%85%EC%82%B0_%EC%B9%B4%EB%9D%BC%EB%B0%98&sent_at=gt.2026-02-22T21%3A09%3A19.291875 "HTTP/1.1 200 OK"
2026-02-23 21:09:19,295 - httpcore.http11 - DEBUG - receive_response_body.started request=<Request [b'GET']>
2026-02-23 21:09:19,295 - httpcore.http11 - DEBUG - receive_response_body.complete
2026-02-23 21:09:19,295 - httpcore.http11 - DEBUG - response_closed.started
2026-02-23 21:09:19,295 - httpcore.http11 - DEBUG - response_closed.complete
2026-02-23 21:09:19,295 - httpcore.http11 - DEBUG - send_request_headers.started request=<Request [b'GET']>
2026-02-23 21:09:19,295 - httpcore.http11 - DEBUG - send_request_headers.complete
2026-02-23 21:09:19,296 - httpcore.http11 - DEBUG - send_request_body.started request=<Request [b'GET']>
2026-02-23 21:09:19,296 - httpcore.http11 - DEBUG - send_request_body.complete
2026-02-23 21:09:19,296 - httpcore.http11 - DEBUG - receive_response_headers.started request=<Request [b'GET']>
2026-02-23 21:09:19,297 - httpcore.http11 - DEBUG - receive_response_headers.complete return_value=(b'HTTP/1.1', 200, b'OK', [(b'Content-Type', b'application/json; charset=utf-8'), (b'Content-Length', b'2'), (b'Connection', b'keep-alive'), (b'Date', b'Mon, 23 Feb 2026 12:09:18 GMT'), (b'Server', b'postgrest/14.5'), (b'Content-Range', b'*/*'), (b'Content-Location', b'/notification_history?identifier=eq.20260330_%C3%AD%C2%83%C2%9C%C3%AC%C2%95%C2%88%C3%AD%C2%95%C2%B4%C3%AC%C2%95%C2%88_%C3%AC%C2%B9%C2%B4%C3%AB%C2%9D%C2%BC%C3%AB%C2%B0%C2%98&select=id&sent_at=gt.2026-02-22T21%3A09%3A19.295449'), (b'Content-Profile', b'public'), (b'Access-Control-Allow-Origin', b'*'), (b'X-Kong-Upstream-Latency', b'1'), (b'X-Kong-Proxy-Latency', b'0'), (b'Via', b'kong/2.8.1')])
2026-02-23 21:09:19,298 - httpx - INFO - HTTP Request: GET http://127.0.0.1:54321/rest/v1/notification_history?select=id&identifier=eq.20260330_%ED%83%9C%EC%95%88%ED%95%B4%EC%95%88_%EC%B9%B4%EB%9D%BC%EB%B0%98&sent_at=gt.2026-02-22T21%3A09%3A19.295449 "HTTP/1.1 200 OK"
2026-02-23 21:09:19,298 - httpcore.http11 - DEBUG - receive_response_body.started request=<Request [b'GET']>
2026-02-23 21:09:19,298 - httpcore.http11 - DEBUG - receive_response_body.complete
2026-02-23 21:09:19,298 - httpcore.http11 - DEBUG - response_closed.started
2026-02-23 21:09:19,298 - httpcore.http11 - DEBUG - response_closed.complete
2026-02-23 21:09:19,299 - httpcore.http11 - DEBUG - send_request_headers.started request=<Request [b'GET']>
2026-02-23 21:09:19,299 - httpcore.http11 - DEBUG - send_request_headers.complete
2026-02-23 21:09:19,299 - httpcore.http11 - DEBUG - send_request_body.started request=<Request [b'GET']>
2026-02-23 21:09:19,299 - httpcore.http11 - DEBUG - send_request_body.complete
2026-02-23 21:09:19,299 - httpcore.http11 - DEBUG - receive_response_headers.started request=<Request [b'GET']>
2026-02-23 21:09:19,301 - httpcore.http11 - DEBUG - receive_response_headers.complete return_value=(b'HTTP/1.1', 200, b'OK', [(b'Content-Type', b'application/json; charset=utf-8'), (b'Content-Length', b'2'), (b'Connection', b'keep-alive'), (b'Date', b'Mon, 23 Feb 2026 12:09:18 GMT'), (b'Server', b'postgrest/14.5'), (b'Content-Range', b'*/*'), (b'Content-Location', b'/notification_history?identifier=eq.20260331_%C3%AA%C2%B0%C2%80%C3%AC%C2%95%C2%BC%C3%AC%C2%82%C2%B0_%C3%AC%C2%B9%C2%B4%C3%AB%C2%9D%C2%BC%C3%AB%C2%B0%C2%98&select=id&sent_at=gt.2026-02-22T21%3A09%3A19.298774'), (b'Content-Profile', b'public'), (b'Access-Control-Allow-Origin', b'*'), (b'X-Kong-Upstream-Latency', b'1'), (b'X-Kong-Proxy-Latency', b'0'), (b'Via', b'kong/2.8.1')])
2026-02-23 21:09:19,301 - httpx - INFO - HTTP Request: GET http://127.0.0.1:54321/rest/v1/notification_history?select=id&identifier=eq.20260331_%EA%B0%80%EC%95%BC%EC%82%B0_%EC%B9%B4%EB%9D%BC%EB%B0%98&sent_at=gt.2026-02-22T21%3A09%3A19.298774 "HTTP/1.1 200 OK"
2026-02-23 21:09:19,301 - httpcore.http11 - DEBUG - receive_response_body.started request=<Request [b'GET']>
2026-02-23 21:09:19,301 - httpcore.http11 - DEBUG - receive_response_body.complete
2026-02-23 21:09:19,301 - httpcore.http11 - DEBUG - response_closed.started
2026-02-23 21:09:19,301 - httpcore.http11 - DEBUG - response_closed.complete
2026-02-23 21:09:19,302 - httpcore.http11 - DEBUG - send_request_headers.started request=<Request [b'GET']>
2026-02-23 21:09:19,302 - httpcore.http11 - DEBUG - send_request_headers.complete
2026-02-23 21:09:19,302 - httpcore.http11 - DEBUG - send_request_body.started request=<Request [b'GET']>
2026-02-23 21:09:19,302 - httpcore.http11 - DEBUG - send_request_body.complete
2026-02-23 21:09:19,302 - httpcore.http11 - DEBUG - receive_response_headers.started request=<Request [b'GET']>
2026-02-23 21:09:19,304 - httpcore.http11 - DEBUG - receive_response_headers.complete return_value=(b'HTTP/1.1', 200, b'OK', [(b'Content-Type', b'application/json; charset=utf-8'), (b'Content-Length', b'2'), (b'Connection', b'keep-alive'), (b'Date', b'Mon, 23 Feb 2026 12:09:18 GMT'), (b'Server', b'postgrest/14.5'), (b'Content-Range', b'*/*'), (b'Content-Location', b'/notification_history?identifier=eq.20260331_%C3%AB%C2%8D%C2%95%C3%AC%C2%9C%C2%A0%C3%AC%C2%82%C2%B0_%C3%AC%C2%B9%C2%B4%C3%AB%C2%9D%C2%BC%C3%AB%C2%B0%C2%98&select=id&sent_at=gt.2026-02-22T21%3A09%3A19.302083'), (b'Content-Profile', b'public'), (b'Access-Control-Allow-Origin', b'*'), (b'X-Kong-Upstream-Latency', b'1'), (b'X-Kong-Proxy-Latency', b'0'), (b'Via', b'kong/2.8.1')])
2026-02-23 21:09:19,304 - httpx - INFO - HTTP Request: GET http://127.0.0.1:54321/rest/v1/notification_history?select=id&identifier=eq.20260331_%EB%8D%95%EC%9C%A0%EC%82%B0_%EC%B9%B4%EB%9D%BC%EB%B0%98&sent_at=gt.2026-02-22T21%3A09%3A19.302083 "HTTP/1.1 200 OK"
2026-02-23 21:09:19,304 - httpcore.http11 - DEBUG - receive_response_body.started request=<Request [b'GET']>
2026-02-23 21:09:19,305 - httpcore.http11 - DEBUG - receive_response_body.complete
2026-02-23 21:09:19,305 - httpcore.http11 - DEBUG - response_closed.started
2026-02-23 21:09:19,305 - httpcore.http11 - DEBUG - response_closed.complete
2026-02-23 21:09:19,305 - httpcore.http11 - DEBUG - send_request_headers.started request=<Request [b'GET']>
2026-02-23 21:09:19,305 - httpcore.http11 - DEBUG - send_request_headers.complete
2026-02-23 21:09:19,306 - httpcore.http11 - DEBUG - send_request_body.started request=<Request [b'GET']>
2026-02-23 21:09:19,306 - httpcore.http11 - DEBUG - send_request_body.complete
2026-02-23 21:09:19,306 - httpcore.http11 - DEBUG - receive_response_headers.started request=<Request [b'GET']>
2026-02-23 21:09:19,307 - httpcore.http11 - DEBUG - receive_response_headers.complete return_value=(b'HTTP/1.1', 200, b'OK', [(b'Content-Type', b'application/json; charset=utf-8'), (b'Content-Length', b'2'), (b'Connection', b'keep-alive'), (b'Date', b'Mon, 23 Feb 2026 12:09:18 GMT'), (b'Server', b'postgrest/14.5'), (b'Content-Range', b'*/*'), (b'Content-Location', b'/notification_history?identifier=eq.20260331_%C3%AC%C2%9B%C2%94%C3%AC%C2%B6%C2%9C%C3%AC%C2%82%C2%B0_%C3%AC%C2%B9%C2%B4%C3%AB%C2%9D%C2%BC%C3%AB%C2%B0%C2%98&select=id&sent_at=gt.2026-02-22T21%3A09%3A19.305370'), (b'Content-Profile', b'public'), (b'Access-Control-Allow-Origin', b'*'), (b'X-Kong-Upstream-Latency', b'1'), (b'X-Kong-Proxy-Latency', b'0'), (b'Via', b'kong/2.8.1')])
2026-02-23 21:09:19,307 - httpx - INFO - HTTP Request: GET http://127.0.0.1:54321/rest/v1/notification_history?select=id&identifier=eq.20260331_%EC%9B%94%EC%B6%9C%EC%82%B0_%EC%B9%B4%EB%9D%BC%EB%B0%98&sent_at=gt.2026-02-22T21%3A09%3A19.305370 "HTTP/1.1 200 OK"
2026-02-23 21:09:19,308 - httpcore.http11 - DEBUG - receive_response_body.started request=<Request [b'GET']>
2026-02-23 21:09:19,308 - httpcore.http11 - DEBUG - receive_response_body.complete
2026-02-23 21:09:19,308 - httpcore.http11 - DEBUG - response_closed.started
2026-02-23 21:09:19,308 - httpcore.http11 - DEBUG - response_closed.complete
2026-02-23 21:09:19,308 - httpcore.http11 - DEBUG - send_request_headers.started request=<Request [b'GET']>
2026-02-23 21:09:19,309 - httpcore.http11 - DEBUG - send_request_headers.complete
2026-02-23 21:09:19,309 - httpcore.http11 - DEBUG - send_request_body.started request=<Request [b'GET']>
2026-02-23 21:09:19,309 - httpcore.http11 - DEBUG - send_request_body.complete
2026-02-23 21:09:19,309 - httpcore.http11 - DEBUG - receive_response_headers.started request=<Request [b'GET']>
2026-02-23 21:09:19,311 - httpcore.http11 - DEBUG - receive_response_headers.complete return_value=(b'HTTP/1.1', 200, b'OK', [(b'Content-Type', b'application/json; charset=utf-8'), (b'Content-Length', b'2'), (b'Connection', b'keep-alive'), (b'Date', b'Mon, 23 Feb 2026 12:09:18 GMT'), (b'Server', b'postgrest/14.5'), (b'Content-Range', b'*/*'), (b'Content-Location', b'/notification_history?identifier=eq.20260331_%C3%AC%C2%B9%C2%98%C3%AC%C2%95%C2%85%C3%AC%C2%82%C2%B0_%C3%AC%C2%B9%C2%B4%C3%AB%C2%9D%C2%BC%C3%AB%C2%B0%C2%98&select=id&sent_at=gt.2026-02-22T21%3A09%3A19.308568'), (b'Content-Profile', b'public'), (b'Access-Control-Allow-Origin', b'*'), (b'X-Kong-Upstream-Latency', b'1'), (b'X-Kong-Proxy-Latency', b'0'), (b'Via', b'kong/2.8.1')])
2026-02-23 21:09:19,311 - httpx - INFO - HTTP Request: GET http://127.0.0.1:54321/rest/v1/notification_history?select=id&identifier=eq.20260331_%EC%B9%98%EC%95%85%EC%82%B0_%EC%B9%B4%EB%9D%BC%EB%B0%98&sent_at=gt.2026-02-22T21%3A09%3A19.308568 "HTTP/1.1 200 OK"
2026-02-23 21:09:19,312 - httpcore.http11 - DEBUG - receive_response_body.started request=<Request [b'GET']>
2026-02-23 21:09:19,312 - httpcore.http11 - DEBUG - receive_response_body.complete
2026-02-23 21:09:19,312 - httpcore.http11 - DEBUG - response_closed.started
2026-02-23 21:09:19,312 - httpcore.http11 - DEBUG - response_closed.complete
2026-02-23 21:09:19,312 - httpcore.http11 - DEBUG - send_request_headers.started request=<Request [b'GET']>
2026-02-23 21:09:19,313 - httpcore.http11 - DEBUG - send_request_headers.complete
2026-02-23 21:09:19,313 - httpcore.http11 - DEBUG - send_request_body.started request=<Request [b'GET']>
2026-02-23 21:09:19,313 - httpcore.http11 - DEBUG - send_request_body.complete
2026-02-23 21:09:19,313 - httpcore.http11 - DEBUG - receive_response_headers.started request=<Request [b'GET']>
2026-02-23 21:09:19,315 - httpcore.http11 - DEBUG - receive_response_headers.complete return_value=(b'HTTP/1.1', 200, b'OK', [(b'Content-Type', b'application/json; charset=utf-8'), (b'Content-Length', b'2'), (b'Connection', b'keep-alive'), (b'Date', b'Mon, 23 Feb 2026 12:09:18 GMT'), (b'Server', b'postgrest/14.5'), (b'Content-Range', b'*/*'), (b'Content-Location', b'/notification_history?identifier=eq.20260331_%C3%AD%C2%83%C2%9C%C3%AC%C2%95%C2%88%C3%AD%C2%95%C2%B4%C3%AC%C2%95%C2%88_%C3%AC%C2%B9%C2%B4%C3%AB%C2%9D%C2%BC%C3%AB%C2%B0%C2%98&select=id&sent_at=gt.2026-02-22T21%3A09%3A19.312630'), (b'Content-Profile', b'public'), (b'Access-Control-Allow-Origin', b'*'), (b'X-Kong-Upstream-Latency', b'0'), (b'X-Kong-Proxy-Latency', b'1'), (b'Via', b'kong/2.8.1')])
2026-02-23 21:09:19,315 - httpx - INFO - HTTP Request: GET http://127.0.0.1:54321/rest/v1/notification_history?select=id&identifier=eq.20260331_%ED%83%9C%EC%95%88%ED%95%B4%EC%95%88_%EC%B9%B4%EB%9D%BC%EB%B0%98&sent_at=gt.2026-02-22T21%3A09%3A19.312630 "HTTP/1.1 200 OK"
2026-02-23 21:09:19,315 - httpcore.http11 - DEBUG - receive_response_body.started request=<Request [b'GET']>
2026-02-23 21:09:19,315 - httpcore.http11 - DEBUG - receive_response_body.complete
2026-02-23 21:09:19,315 - httpcore.http11 - DEBUG - response_closed.started
2026-02-23 21:09:19,315 - httpcore.http11 - DEBUG - response_closed.complete
2026-02-23 21:09:19,316 - __main__ - INFO - DEBUG: Sending notification for 93 items. Token len: 10
2026-02-23 21:09:19,317 - urllib3.connectionpool - DEBUG - Starting new HTTPS connection (1): api.telegram.org:443
2026-02-23 21:09:20,099 - urllib3.connectionpool - DEBUG - https://api.telegram.org:443 "POST /bottest_token/sendMessage HTTP/1.1" 404 55
2026-02-23 21:09:20,100 - werkzeug - INFO - 127.0.0.1 - - [23/Feb/2026 21:09:20] "[35m[1mPOST /api/check HTTP/1.1[0m" 500 -
2026-02-23 21:10:16,357 - werkzeug - INFO - [31m[1mWARNING: This is a development server. Do not use it in a production deployment. Use a production WSGI server instead.[0m
 * Running on all addresses (0.0.0.0)
 * Running on http://127.0.0.1:5000
 * Running on http://192.168.100.24:5000
2026-02-23 21:10:16,357 - werkzeug - INFO - [33mPress CTRL+C to quit[0m
2026-02-23 21:10:20,766 - httpcore.connection - DEBUG - connect_tcp.started host='127.0.0.1' port=54321 local_address=None timeout=120 socket_options=None
2026-02-23 21:10:20,767 - httpcore.connection - DEBUG - connect_tcp.complete return_value=<httpcore._backends.sync.SyncStream object at 0x000001E2EC28EF90>
2026-02-23 21:10:20,767 - httpcore.http11 - DEBUG - send_request_headers.started request=<Request [b'GET']>
2026-02-23 21:10:20,767 - httpcore.http11 - DEBUG - send_request_headers.complete
2026-02-23 21:10:20,767 - httpcore.http11 - DEBUG - send_request_body.started request=<Request [b'GET']>
2026-02-23 21:10:20,767 - httpcore.http11 - DEBUG - send_request_body.complete
2026-02-23 21:10:20,767 - httpcore.http11 - DEBUG - receive_response_headers.started request=<Request [b'GET']>
2026-02-23 21:10:20,778 - httpcore.http11 - DEBUG - receive_response_headers.complete return_value=(b'HTTP/1.1', 200, b'OK', [(b'Content-Type', b'application/json; charset=utf-8'), (b'Content-Length', b'506'), (b'Connection', b'keep-alive'), (b'Date', b'Mon, 23 Feb 2026 12:10:20 GMT'), (b'Server', b'postgrest/14.5'), (b'Content-Range', b'0-0/*'), (b'Content-Location', b'/user_settings?id=eq.1&select=%2A'), (b'Content-Profile', b'public'), (b'Access-Control-Allow-Origin', b'*'), (b'X-Kong-Upstream-Latency', b'10'), (b'X-Kong-Proxy-Latency', b'0'), (b'Via', b'kong/2.8.1')])
2026-02-23 21:10:20,779 - httpx - INFO - HTTP Request: GET http://127.0.0.1:54321/rest/v1/user_settings?select=%2A&id=eq.1 "HTTP/1.1 200 OK"
2026-02-23 21:10:20,779 - httpcore.http11 - DEBUG - receive_response_body.started request=<Request [b'GET']>
2026-02-23 21:10:20,779 - httpcore.http11 - DEBUG - receive_response_body.complete
2026-02-23 21:10:20,779 - httpcore.http11 - DEBUG - response_closed.started
2026-02-23 21:10:20,779 - httpcore.http11 - DEBUG - response_closed.complete
2026-02-23 21:10:20,782 - urllib3.connectionpool - DEBUG - Starting new HTTPS connection (1): reservation.knps.or.kr:443
2026-02-23 21:10:21,048 - urllib3.connectionpool - DEBUG - https://reservation.knps.or.kr:443 "POST /reservation/selectCampRemainSiteList.do HTTP/1.1" 200 None
2026-02-23 21:10:21,051 - urllib3.connectionpool - DEBUG - Starting new HTTPS connection (1): reservation.knps.or.kr:443
2026-02-23 21:10:21,311 - urllib3.connectionpool - DEBUG - https://reservation.knps.or.kr:443 "POST /reservation/selectCampRemainSiteList.do HTTP/1.1" 200 None
2026-02-23 21:10:21,314 - urllib3.connectionpool - DEBUG - Starting new HTTPS connection (1): reservation.knps.or.kr:443
2026-02-23 21:10:21,553 - urllib3.connectionpool - DEBUG - https://reservation.knps.or.kr:443 "POST /reservation/selectCampRemainSiteList.do HTTP/1.1" 200 None
2026-02-23 21:10:21,566 - urllib3.connectionpool - DEBUG - Starting new HTTPS connection (1): reservation.knps.or.kr:443
2026-02-23 21:10:21,826 - urllib3.connectionpool - DEBUG - https://reservation.knps.or.kr:443 "POST /reservation/selectCampRemainSiteList.do HTTP/1.1" 200 None
2026-02-23 21:10:21,829 - urllib3.connectionpool - DEBUG - Starting new HTTPS connection (1): reservation.knps.or.kr:443
2026-02-23 21:10:22,090 - urllib3.connectionpool - DEBUG - https://reservation.knps.or.kr:443 "POST /reservation/selectCampRemainSiteList.do HTTP/1.1" 200 None
2026-02-23 21:10:22,093 - urllib3.connectionpool - DEBUG - Starting new HTTPS connection (1): reservation.knps.or.kr:443
2026-02-23 21:10:22,348 - urllib3.connectionpool - DEBUG - https://reservation.knps.or.kr:443 "POST /reservation/selectCampRemainSiteList.do HTTP/1.1" 200 None
2026-02-23 21:10:22,354 - urllib3.connectionpool - DEBUG - Starting new HTTPS connection (1): reservation.knps.or.kr:443
2026-02-23 21:10:22,615 - urllib3.connectionpool - DEBUG - https://reservation.knps.or.kr:443 "POST /reservation/selectCampRemainSiteList.do HTTP/1.1" 200 None
2026-02-23 21:10:22,618 - urllib3.connectionpool - DEBUG - Starting new HTTPS connection (1): reservation.knps.or.kr:443
2026-02-23 21:10:22,887 - urllib3.connectionpool - DEBUG - https://reservation.knps.or.kr:443 "POST /reservation/selectCampRemainSiteList.do HTTP/1.1" 200 None
2026-02-23 21:10:22,890 - urllib3.connectionpool - DEBUG - Starting new HTTPS connection (1): reservation.knps.or.kr:443
2026-02-23 21:10:23,127 - urllib3.connectionpool - DEBUG - https://reservation.knps.or.kr:443 "POST /reservation/selectCampRemainSiteList.do HTTP/1.1" 200 None
2026-02-23 21:10:23,142 - urllib3.connectionpool - DEBUG - Starting new HTTPS connection (1): reservation.knps.or.kr:443
2026-02-23 21:10:23,397 - urllib3.connectionpool - DEBUG - https://reservation.knps.or.kr:443 "POST /reservation/selectCampRemainSiteList.do HTTP/1.1" 200 None
2026-02-23 21:10:23,400 - urllib3.connectionpool - DEBUG - Starting new HTTPS connection (1): reservation.knps.or.kr:443
2026-02-23 21:10:23,646 - urllib3.connectionpool - DEBUG - https://reservation.knps.or.kr:443 "POST /reservation/selectCampRemainSiteList.do HTTP/1.1" 200 None
2026-02-23 21:10:23,649 - urllib3.connectionpool - DEBUG - Starting new HTTPS connection (1): reservation.knps.or.kr:443
2026-02-23 21:10:23,880 - urllib3.connectionpool - DEBUG - https://reservation.knps.or.kr:443 "POST /reservation/selectCampRemainSiteList.do HTTP/1.1" 200 None
2026-02-23 21:10:23,895 - urllib3.connectionpool - DEBUG - Starting new HTTPS connection (1): reservation.knps.or.kr:443
2026-02-23 21:10:24,148 - urllib3.connectionpool - DEBUG - https://reservation.knps.or.kr:443 "POST /reservation/selectCampRemainSiteList.do HTTP/1.1" 200 None
2026-02-23 21:10:24,150 - urllib3.connectionpool - DEBUG - Starting new HTTPS connection (1): reservation.knps.or.kr:443
2026-02-23 21:10:24,403 - urllib3.connectionpool - DEBUG - https://reservation.knps.or.kr:443 "POST /reservation/selectCampRemainSiteList.do HTTP/1.1" 200 None
2026-02-23 21:10:24,408 - urllib3.connectionpool - DEBUG - Starting new HTTPS connection (1): reservation.knps.or.kr:443
2026-02-23 21:10:24,651 - urllib3.connectionpool - DEBUG - https://reservation.knps.or.kr:443 "POST /reservation/selectCampRemainSiteList.do HTTP/1.1" 200 None
2026-02-23 21:10:24,664 - urllib3.connectionpool - DEBUG - Starting new HTTPS connection (1): reservation.knps.or.kr:443
2026-02-23 21:10:24,912 - urllib3.connectionpool - DEBUG - https://reservation.knps.or.kr:443 "POST /reservation/selectCampRemainSiteList.do HTTP/1.1" 200 None
2026-02-23 21:10:24,916 - urllib3.connectionpool - DEBUG - Starting new HTTPS connection (1): reservation.knps.or.kr:443
2026-02-23 21:10:25,180 - urllib3.connectionpool - DEBUG - https://reservation.knps.or.kr:443 "POST /reservation/selectCampRemainSiteList.do HTTP/1.1" 200 None
2026-02-23 21:10:25,183 - urllib3.connectionpool - DEBUG - Starting new HTTPS connection (1): reservation.knps.or.kr:443
2026-02-23 21:10:25,418 - urllib3.connectionpool - DEBUG - https://reservation.knps.or.kr:443 "POST /reservation/selectCampRemainSiteList.do HTTP/1.1" 200 None
2026-02-23 21:10:25,431 - urllib3.connectionpool - DEBUG - Starting new HTTPS connection (1): reservation.knps.or.kr:443
2026-02-23 21:10:25,665 - urllib3.connectionpool - DEBUG - https://reservation.knps.or.kr:443 "POST /reservation/selectCampRemainSiteList.do HTTP/1.1" 200 None
2026-02-23 21:10:25,668 - urllib3.connectionpool - DEBUG - Starting new HTTPS connection (1): reservation.knps.or.kr:443
2026-02-23 21:10:25,933 - urllib3.connectionpool - DEBUG - https://reservation.knps.or.kr:443 "POST /reservation/selectCampRemainSiteList.do HTTP/1.1" 200 None
2026-02-23 21:10:25,936 - urllib3.connectionpool - DEBUG - Starting new HTTPS connection (1): reservation.knps.or.kr:443
2026-02-23 21:10:26,163 - urllib3.connectionpool - DEBUG - https://reservation.knps.or.kr:443 "POST /reservation/selectCampRemainSiteList.do HTTP/1.1" 200 None
2026-02-23 21:10:26,179 - urllib3.connectionpool - DEBUG - Starting new HTTPS connection (1): reservation.knps.or.kr:443
2026-02-23 21:10:26,401 - urllib3.connectionpool - DEBUG - https://reservation.knps.or.kr:443 "POST /reservation/selectCampRemainSiteList.do HTTP/1.1" 200 None
2026-02-23 21:10:26,413 - urllib3.connectionpool - DEBUG - Starting new HTTPS connection (1): reservation.knps.or.kr:443
2026-02-23 21:10:26,668 - urllib3.connectionpool - DEBUG - https://reservation.knps.or.kr:443 "POST /reservation/selectCampRemainSiteList.do HTTP/1.1" 200 None
2026-02-23 21:10:26,674 - urllib3.connectionpool - DEBUG - Starting new HTTPS connection (1): reservation.knps.or.kr:443
2026-02-23 21:10:26,931 - urllib3.connectionpool - DEBUG - https://reservation.knps.or.kr:443 "POST /reservation/selectCampRemainSiteList.do HTTP/1.1" 200 None
2026-02-23 21:10:26,945 - urllib3.connectionpool - DEBUG - Starting new HTTPS connection (1): reservation.knps.or.kr:443
2026-02-23 21:10:27,173 - urllib3.connectionpool - DEBUG - https://reservation.knps.or.kr:443 "POST /reservation/selectCampRemainSiteList.do HTTP/1.1" 200 None
2026-02-23 21:10:27,186 - urllib3.connectionpool - DEBUG - Starting new HTTPS connection (1): reservation.knps.or.kr:443
2026-02-23 21:10:27,449 - urllib3.connectionpool - DEBUG - https://reservation.knps.or.kr:443 "POST /reservation/selectCampRemainSiteList.do HTTP/1.1" 200 None
2026-02-23 21:10:27,451 - urllib3.connectionpool - DEBUG - Starting new HTTPS connection (1): reservation.knps.or.kr:443
2026-02-23 21:10:27,702 - urllib3.connectionpool - DEBUG - https://reservation.knps.or.kr:443 "POST /reservation/selectCampRemainSiteList.do HTTP/1.1" 200 None
2026-02-23 21:10:27,704 - urllib3.connectionpool - DEBUG - Starting new HTTPS connection (1): reservation.knps.or.kr:443
2026-02-23 21:10:27,957 - urllib3.connectionpool - DEBUG - https://reservation.knps.or.kr:443 "POST /reservation/selectCampRemainSiteList.do HTTP/1.1" 200 None
2026-02-23 21:10:27,970 - urllib3.connectionpool - DEBUG - Starting new HTTPS connection (1): reservation.knps.or.kr:443
2026-02-23 21:10:28,212 - urllib3.connectionpool - DEBUG - https://reservation.knps.or.kr:443 "POST /reservation/selectCampRemainSiteList.do HTTP/1.1" 200 None
2026-02-23 21:10:28,216 - urllib3.connectionpool - DEBUG - Starting new HTTPS connection (1): reservation.knps.or.kr:443
2026-02-23 21:10:28,485 - urllib3.connectionpool - DEBUG - https://reservation.knps.or.kr:443 "POST /reservation/selectCampRemainSiteList.do HTTP/1.1" 200 None
2026-02-23 21:10:28,499 - urllib3.connectionpool - DEBUG - Starting new HTTPS connection (1): reservation.knps.or.kr:443
2026-02-23 21:10:28,748 - urllib3.connectionpool - DEBUG - https://reservation.knps.or.kr:443 "POST /reservation/selectCampRemainSiteList.do HTTP/1.1" 200 None
2026-02-23 21:10:28,751 - urllib3.connectionpool - DEBUG - Starting new HTTPS connection (1): reservation.knps.or.kr:443
2026-02-23 21:10:29,019 - urllib3.connectionpool - DEBUG - https://reservation.knps.or.kr:443 "POST /reservation/selectCampRemainSiteList.do HTTP/1.1" 200 None
2026-02-23 21:10:29,022 - urllib3.connectionpool - DEBUG - Starting new HTTPS connection (1): reservation.knps.or.kr:443
2026-02-23 21:10:29,278 - urllib3.connectionpool - DEBUG - https://reservation.knps.or.kr:443 "POST /reservation/selectCampRemainSiteList.do HTTP/1.1" 200 None
2026-02-23 21:10:29,280 - httpcore.connection - DEBUG - close.started
2026-02-23 21:10:29,281 - httpcore.connection - DEBUG - close.complete
2026-02-23 21:10:29,281 - httpcore.connection - DEBUG - connect_tcp.started host='127.0.0.1' port=54321 local_address=None timeout=120 socket_options=None
2026-02-23 21:10:29,281 - httpcore.connection - DEBUG - connect_tcp.complete return_value=<httpcore._backends.sync.SyncStream object at 0x000001E2EC2C6710>
2026-02-23 21:10:29,281 - httpcore.http11 - DEBUG - send_request_headers.started request=<Request [b'GET']>
2026-02-23 21:10:29,282 - httpcore.http11 - DEBUG - send_request_headers.complete
2026-02-23 21:10:29,282 - httpcore.http11 - DEBUG - send_request_body.started request=<Request [b'GET']>
2026-02-23 21:10:29,282 - httpcore.http11 - DEBUG - send_request_body.complete
2026-02-23 21:10:29,282 - httpcore.http11 - DEBUG - receive_response_headers.started request=<Request [b'GET']>
2026-02-23 21:10:29,287 - httpcore.http11 - DEBUG - receive_response_headers.complete return_value=(b'HTTP/1.1', 200, b'OK', [(b'Content-Type', b'application/json; charset=utf-8'), (b'Content-Length', b'2'), (b'Connection', b'keep-alive'), (b'Date', b'Mon, 23 Feb 2026 12:10:29 GMT'), (b'Server', b'postgrest/14.5'), (b'Content-Range', b'*/*'), (b'Content-Location', b'/notification_history?identifier=eq.20260302_%C3%AA%C2%B0%C2%80%C3%AC%C2%95%C2%BC%C3%AC%C2%82%C2%B0_%C3%AC%C2%B9%C2%B4%C3%AB%C2%9D%C2%BC%C3%AB%C2%B0%C2%98&select=id&sent_at=gt.2026-02-22T21%3A10%3A29.280359'), (b'Content-Profile', b'public'), (b'Access-Control-Allow-Origin', b'*'), (b'X-Kong-Upstream-Latency', b'3'), (b'X-Kong-Proxy-Latency', b'0'), (b'Via', b'kong/2.8.1')])
2026-02-23 21:10:29,287 - httpx - INFO - HTTP Request: GET http://127.0.0.1:54321/rest/v1/notification_history?select=id&identifier=eq.20260302_%EA%B0%80%EC%95%BC%EC%82%B0_%EC%B9%B4%EB%9D%BC%EB%B0%98&sent_at=gt.2026-02-22T21%3A10%3A29.280359 "HTTP/1.1 200 OK"
2026-02-23 21:10:29,287 - httpcore.http11 - DEBUG - receive_response_body.started request=<Request [b'GET']>
2026-02-23 21:10:29,287 - httpcore.http11 - DEBUG - receive_response_body.complete
2026-02-23 21:10:29,287 - httpcore.http11 - DEBUG - response_closed.started
2026-02-23 21:10:29,287 - httpcore.http11 - DEBUG - response_closed.complete
2026-02-23 21:10:29,288 - httpcore.http11 - DEBUG - send_request_headers.started request=<Request [b'GET']>
2026-02-23 21:10:29,288 - httpcore.http11 - DEBUG - send_request_headers.complete
2026-02-23 21:10:29,288 - httpcore.http11 - DEBUG - send_request_body.started request=<Request [b'GET']>
2026-02-23 21:10:29,288 - httpcore.http11 - DEBUG - send_request_body.complete
2026-02-23 21:10:29,288 - httpcore.http11 - DEBUG - receive_response_headers.started request=<Request [b'GET']>
2026-02-23 21:10:29,291 - httpcore.http11 - DEBUG - receive_response_headers.complete return_value=(b'HTTP/1.1', 200, b'OK', [(b'Content-Type', b'application/json; charset=utf-8'), (b'Content-Length', b'2'), (b'Connection', b'keep-alive'), (b'Date', b'Mon, 23 Feb 2026 12:10:29 GMT'), (b'Server', b'postgrest/14.5'), (b'Content-Range', b'*/*'), (b'Content-Location', b'/notification_history?identifier=eq.20260302_%C3%AC%C2%B9%C2%98%C3%AC%C2%95%C2%85%C3%AC%C2%82%C2%B0_%C3%AC%C2%B9%C2%B4%C3%AB%C2%9D%C2%BC%C3%AB%C2%B0%C2%98&select=id&sent_at=gt.2026-02-22T21%3A10%3A29.287860'), (b'Content-Profile', b'public'), (b'Access-Control-Allow-Origin', b'*'), (b'X-Kong-Upstream-Latency', b'1'), (b'X-Kong-Proxy-Latency', b'1'), (b'Via', b'kong/2.8.1')])
2026-02-23 21:10:29,291 - httpx - INFO - HTTP Request: GET http://127.0.0.1:54321/rest/v1/notification_history?select=id&identifier=eq.20260302_%EC%B9%98%EC%95%85%EC%82%B0_%EC%B9%B4%EB%9D%BC%EB%B0%98&sent_at=gt.2026-02-22T21%3A10%3A29.287860 "HTTP/1.1 200 OK"
2026-02-23 21:10:29,291 - httpcore.http11 - DEBUG - receive_response_body.started request=<Request [b'GET']>
2026-02-23 21:10:29,291 - httpcore.http11 - DEBUG - receive_response_body.complete
2026-02-23 21:10:29,291 - httpcore.http11 - DEBUG - response_closed.started
2026-02-23 21:10:29,291 - httpcore.http11 - DEBUG - response_closed.complete
2026-02-23 21:10:29,292 - httpcore.http11 - DEBUG - send_request_headers.started request=<Request [b'GET']>
2026-02-23 21:10:29,292 - httpcore.http11 - DEBUG - send_request_headers.complete
2026-02-23 21:10:29,292 - httpcore.http11 - DEBUG - send_request_body.started request=<Request [b'GET']>
2026-02-23 21:10:29,292 - httpcore.http11 - DEBUG - send_request_body.complete
2026-02-23 21:10:29,292 - httpcore.http11 - DEBUG - receive_response_headers.started request=<Request [b'GET']>
2026-02-23 21:10:29,295 - httpcore.http11 - DEBUG - receive_response_headers.complete return_value=(b'HTTP/1.1', 200, b'OK', [(b'Content-Type', b'application/json; charset=utf-8'), (b'Content-Length', b'2'), (b'Connection', b'keep-alive'), (b'Date', b'Mon, 23 Feb 2026 12:10:29 GMT'), (b'Server', b'postgrest/14.5'), (b'Content-Range', b'*/*'), (b'Content-Location', b'/notification_history?identifier=eq.20260302_%C3%AD%C2%83%C2%9C%C3%AC%C2%95%C2%88%C3%AD%C2%95%C2%B4%C3%AC%C2%95%C2%88_%C3%AC%C2%B9%C2%B4%C3%AB%C2%9D%C2%BC%C3%AB%C2%B0%C2%98&select=id&sent_at=gt.2026-02-22T21%3A10%3A29.292000'), (b'Content-Profile', b'public'), (b'Access-Control-Allow-Origin', b'*'), (b'X-Kong-Upstream-Latency', b'1'), (b'X-Kong-Proxy-Latency', b'0'), (b'Via', b'kong/2.8.1')])
2026-02-23 21:10:29,295 - httpx - INFO - HTTP Request: GET http://127.0.0.1:54321/rest/v1/notification_history?select=id&identifier=eq.20260302_%ED%83%9C%EC%95%88%ED%95%B4%EC%95%88_%EC%B9%B4%EB%9D%BC%EB%B0%98&sent_at=gt.2026-02-22T21%3A10%3A29.292000 "HTTP/1.1 200 OK"
2026-02-23 21:10:29,295 - httpcore.http11 - DEBUG - receive_response_body.started request=<Request [b'GET']>
2026-02-23 21:10:29,295 - httpcore.http11 - DEBUG - receive_response_body.complete
2026-02-23 21:10:29,295 - httpcore.http11 - DEBUG - response_closed.started
2026-02-23 21:10:29,295 - httpcore.http11 - DEBUG - response_closed.complete
2026-02-23 21:10:29,296 - httpcore.http11 - DEBUG - send_request_headers.started request=<Request [b'GET']>
2026-02-23 21:10:29,296 - httpcore.http11 - DEBUG - send_request_headers.complete
2026-02-23 21:10:29,296 - httpcore.http11 - DEBUG - send_request_body.started request=<Request [b'GET']>
2026-02-23 21:10:29,296 - httpcore.http11 - DEBUG - send_request_body.complete
2026-02-23 21:10:29,296 - httpcore.http11 - DEBUG - receive_response_headers.started request=<Request [b'GET']>
2026-02-23 21:10:29,298 - httpcore.http11 - DEBUG - receive_response_headers.complete return_value=(b'HTTP/1.1', 200, b'OK', [(b'Content-Type', b'application/json; charset=utf-8'), (b'Content-Length', b'2'), (b'Connection', b'keep-alive'), (b'Date', b'Mon, 23 Feb 2026 12:10:29 GMT'), (b'Server', b'postgrest/14.5'), (b'Content-Range', b'*/*'), (b'Content-Location', b'/notification_history?identifier=eq.20260303_%C3%AA%C2%B0%C2%80%C3%AC%C2%95%C2%BC%C3%AC%C2%82%C2%B0_%C3%AC%C2%B9%C2%B4%C3%AB%C2%9D%C2%BC%C3%AB%C2%B0%C2%98&select=id&sent_at=gt.2026-02-22T21%3A10%3A29.295646'), (b'Content-Profile', b'public'), (b'Access-Control-Allow-Origin', b'*'), (b'X-Kong-Upstream-Latency', b'1'), (b'X-Kong-Proxy-Latency', b'0'), (b'Via', b'kong/2.8.1')])
2026-02-23 21:10:29,298 - httpx - INFO - HTTP Request: GET http://127.0.0.1:54321/rest/v1/notification_history?select=id&identifier=eq.20260303_%EA%B0%80%EC%95%BC%EC%82%B0_%EC%B9%B4%EB%9D%BC%EB%B0%98&sent_at=gt.2026-02-22T21%3A10%3A29.295646 "HTTP/1.1 200 OK"
2026-02-23 21:10:29,298 - httpcore.http11 - DEBUG - receive_response_body.started request=<Request [b'GET']>
2026-02-23 21:10:29,298 - httpcore.http11 - DEBUG - receive_response_body.complete
2026-02-23 21:10:29,298 - httpcore.http11 - DEBUG - response_closed.started
2026-02-23 21:10:29,298 - httpcore.http11 - DEBUG - response_closed.complete
2026-02-23 21:10:29,299 - httpcore.http11 - DEBUG - send_request_headers.started request=<Request [b'GET']>
2026-02-23 21:10:29,299 - httpcore.http11 - DEBUG - send_request_headers.complete
2026-02-23 21:10:29,299 - httpcore.http11 - DEBUG - send_request_body.started request=<Request [b'GET']>
2026-02-23 21:10:29,299 - httpcore.http11 - DEBUG - send_request_body.complete
2026-02-23 21:10:29,299 - httpcore.http11 - DEBUG - receive_response_headers.started request=<Request [b'GET']>
2026-02-23 21:10:29,301 - httpcore.http11 - DEBUG - receive_response_headers.complete return_value=(b'HTTP/1.1', 200, b'OK', [(b'Content-Type', b'application/json; charset=utf-8'), (b'Content-Length', b'2'), (b'Connection', b'keep-alive'), (b'Date', b'Mon, 23 Feb 2026 12:10:29 GMT'), (b'Server', b'postgrest/14.5'), (b'Content-Range', b'*/*'), (b'Content-Location', b'/notification_history?identifier=eq.20260303_%C3%AC%C2%9B%C2%94%C3%AC%C2%B6%C2%9C%C3%AC%C2%82%C2%B0_%C3%AC%C2%B9%C2%B4%C3%AB%C2%9D%C2%BC%C3%AB%C2%B0%C2%98&select=id&sent_at=gt.2026-02-22T21%3A10%3A29.298872'), (b'Content-Profile', b'public'), (b'Access-Control-Allow-Origin', b'*'), (b'X-Kong-Upstream-Latency', b'1'), (b'X-Kong-Proxy-Latency', b'0'), (b'Via', b'kong/2.8.1')])
2026-02-23 21:10:29,301 - httpx - INFO - HTTP Request: GET http://127.0.0.1:54321/rest/v1/notification_history?select=id&identifier=eq.20260303_%EC%9B%94%EC%B6%9C%EC%82%B0_%EC%B9%B4%EB%9D%BC%EB%B0%98&sent_at=gt.2026-02-22T21%3A10%3A29.298872 "HTTP/1.1 200 OK"
2026-02-23 21:10:29,301 - httpcore.http11 - DEBUG - receive_response_body.started request=<Request [b'GET']>
2026-02-23 21:10:29,301 - httpcore.http11 - DEBUG - receive_response_body.complete
2026-02-23 21:10:29,301 - httpcore.http11 - DEBUG - response_closed.started
2026-02-23 21:10:29,301 - httpcore.http11 - DEBUG - response_closed.complete
2026-02-23 21:10:29,302 - httpcore.http11 - DEBUG - send_request_headers.started request=<Request [b'GET']>
2026-02-23 21:10:29,302 - httpcore.http11 - DEBUG - send_request_headers.complete
2026-02-23 21:10:29,302 - httpcore.http11 - DEBUG - send_request_body.started request=<Request [b'GET']>
2026-02-23 21:10:29,302 - httpcore.http11 - DEBUG - send_request_body.complete
2026-02-23 21:10:29,302 - httpcore.http11 - DEBUG - receive_response_headers.started request=<Request [b'GET']>
2026-02-23 21:10:29,304 - httpcore.http11 - DEBUG - receive_response_headers.complete return_value=(b'HTTP/1.1', 200, b'OK', [(b'Content-Type', b'application/json; charset=utf-8'), (b'Content-Length', b'2'), (b'Connection', b'keep-alive'), (b'Date', b'Mon, 23 Feb 2026 12:10:29 GMT'), (b'Server', b'postgrest/14.5'), (b'Content-Range', b'*/*'), (b'Content-Location', b'/notification_history?identifier=eq.20260303_%C3%AC%C2%B9%C2%98%C3%AC%C2%95%C2%85%C3%AC%C2%82%C2%B0_%C3%AC%C2%B9%C2%B4%C3%AB%C2%9D%C2%BC%C3%AB%C2%B0%C2%98&select=id&sent_at=gt.2026-02-22T21%3A10%3A29.301871'), (b'Content-Profile', b'public'), (b'Access-Control-Allow-Origin', b'*'), (b'X-Kong-Upstream-Latency', b'1'), (b'X-Kong-Proxy-Latency', b'1'), (b'Via', b'kong/2.8.1')])
2026-02-23 21:10:29,305 - httpx - INFO - HTTP Request: GET http://127.0.0.1:54321/rest/v1/notification_history?select=id&identifier=eq.20260303_%EC%B9%98%EC%95%85%EC%82%B0_%EC%B9%B4%EB%9D%BC%EB%B0%98&sent_at=gt.2026-02-22T21%3A10%3A29.301871 "HTTP/1.1 200 OK"
2026-02-23 21:10:29,305 - httpcore.http11 - DEBUG - receive_response_body.started request=<Request [b'GET']>
2026-02-23 21:10:29,305 - httpcore.http11 - DEBUG - receive_response_body.complete
2026-02-23 21:10:29,305 - httpcore.http11 - DEBUG - response_closed.started
2026-02-23 21:10:29,305 - httpcore.http11 - DEBUG - response_closed.complete
2026-02-23 21:10:29,305 - httpcore.http11 - DEBUG - send_request_headers.started request=<Request [b'GET']>
2026-02-23 21:10:29,305 - httpcore.http11 - DEBUG - send_request_headers.complete
2026-02-23 21:10:29,305 - httpcore.http11 - DEBUG - send_request_body.started request=<Request [b'GET']>
2026-02-23 21:10:29,306 - httpcore.http11 - DEBUG - send_request_body.complete
2026-02-23 21:10:29,306 - httpcore.http11 - DEBUG - receive_response_headers.started request=<Request [b'GET']>
2026-02-23 21:10:29,307 - httpcore.http11 - DEBUG - receive_response_headers.complete return_value=(b'HTTP/1.1', 200, b'OK', [(b'Content-Type', b'application/json; charset=utf-8'), (b'Content-Length', b'2'), (b'Connection', b'keep-alive'), (b'Date', b'Mon, 23 Feb 2026 12:10:29 GMT'), (b'Server', b'postgrest/14.5'), (b'Content-Range', b'*/*'), (b'Content-Location', b'/notification_history?identifier=eq.20260303_%C3%AD%C2%83%C2%9C%C3%AC%C2%95%C2%88%C3%AD%C2%95%C2%B4%C3%AC%C2%95%C2%88_%C3%AC%C2%B9%C2%B4%C3%AB%C2%9D%C2%BC%C3%AB%C2%B0%C2%98&select=id&sent_at=gt.2026-02-22T21%3A10%3A29.305359'), (b'Content-Profile', b'public'), (b'Access-Control-Allow-Origin', b'*'), (b'X-Kong-Upstream-Latency', b'1'), (b'X-Kong-Proxy-Latency', b'0'), (b'Via', b'kong/2.8.1')])
2026-02-23 21:10:29,308 - httpx - INFO - HTTP Request: GET http://127.0.0.1:54321/rest/v1/notification_history?select=id&identifier=eq.20260303_%ED%83%9C%EC%95%88%ED%95%B4%EC%95%88_%EC%B9%B4%EB%9D%BC%EB%B0%98&sent_at=gt.2026-02-22T21%3A10%3A29.305359 "HTTP/1.1 200 OK"
2026-02-23 21:10:29,308 - httpcore.http11 - DEBUG - receive_response_body.started request=<Request [b'GET']>
2026-02-23 21:10:29,308 - httpcore.http11 - DEBUG - receive_response_body.complete
2026-02-23 21:10:29,308 - httpcore.http11 - DEBUG - response_closed.started
2026-02-23 21:10:29,308 - httpcore.http11 - DEBUG - response_closed.complete
2026-02-23 21:10:29,308 - httpcore.http11 - DEBUG - send_request_headers.started request=<Request [b'GET']>
2026-02-23 21:10:29,309 - httpcore.http11 - DEBUG - send_request_headers.complete
2026-02-23 21:10:29,309 - httpcore.http11 - DEBUG - send_request_body.started request=<Request [b'GET']>
2026-02-23 21:10:29,309 - httpcore.http11 - DEBUG - send_request_body.complete
2026-02-23 21:10:29,309 - httpcore.http11 - DEBUG - receive_response_headers.started request=<Request [b'GET']>
2026-02-23 21:10:29,310 - httpcore.http11 - DEBUG - receive_response_headers.complete return_value=(b'HTTP/1.1', 200, b'OK', [(b'Content-Type', b'application/json; charset=utf-8'), (b'Content-Length', b'2'), (b'Connection', b'keep-alive'), (b'Date', b'Mon, 23 Feb 2026 12:10:29 GMT'), (b'Server', b'postgrest/14.5'), (b'Content-Range', b'*/*'), (b'Content-Location', b'/notification_history?identifier=eq.20260305_%C3%AA%C2%B0%C2%80%C3%AC%C2%95%C2%BC%C3%AC%C2%82%C2%B0_%C3%AC%C2%B9%C2%B4%C3%AB%C2%9D%C2%BC%C3%AB%C2%B0%C2%98&select=id&sent_at=gt.2026-02-22T21%3A10%3A29.308465'), (b'Content-Profile', b'public'), (b'Access-Control-Allow-Origin', b'*'), (b'X-Kong-Upstream-Latency', b'1'), (b'X-Kong-Proxy-Latency', b'0'), (b'Via', b'kong/2.8.1')])
2026-02-23 21:10:29,311 - httpx - INFO - HTTP Request: GET http://127.0.0.1:54321/rest/v1/notification_history?select=id&identifier=eq.20260305_%EA%B0%80%EC%95%BC%EC%82%B0_%EC%B9%B4%EB%9D%BC%EB%B0%98&sent_at=gt.2026-02-22T21%3A10%3A29.308465 "HTTP/1.1 200 OK"
2026-02-23 21:10:29,311 - httpcore.http11 - DEBUG - receive_response_body.started request=<Request [b'GET']>
2026-02-23 21:10:29,311 - httpcore.http11 - DEBUG - receive_response_body.complete
2026-02-23 21:10:29,311 - httpcore.http11 - DEBUG - response_closed.started
2026-02-23 21:10:29,311 - httpcore.http11 - DEBUG - response_closed.complete
2026-02-23 21:10:29,311 - httpcore.http11 - DEBUG - send_request_headers.started request=<Request [b'GET']>
2026-02-23 21:10:29,311 - httpcore.http11 - DEBUG - send_request_headers.complete
2026-02-23 21:10:29,311 - httpcore.http11 - DEBUG - send_request_body.started request=<Request [b'GET']>
2026-02-23 21:10:29,311 - httpcore.http11 - DEBUG - send_request_body.complete
2026-02-23 21:10:29,312 - httpcore.http11 - DEBUG - receive_response_headers.started request=<Request [b'GET']>
2026-02-23 21:10:29,314 - httpcore.http11 - DEBUG - receive_response_headers.complete return_value=(b'HTTP/1.1', 200, b'OK', [(b'Content-Type', b'application/json; charset=utf-8'), (b'Content-Length', b'2'), (b'Connection', b'keep-alive'), (b'Date', b'Mon, 23 Feb 2026 12:10:29 GMT'), (b'Server', b'postgrest/14.5'), (b'Content-Range', b'*/*'), (b'Content-Location', b'/notification_history?identifier=eq.20260305_%C3%AC%C2%9B%C2%94%C3%AC%C2%B6%C2%9C%C3%AC%C2%82%C2%B0_%C3%AC%C2%B9%C2%B4%C3%AB%C2%9D%C2%BC%C3%AB%C2%B0%C2%98&select=id&sent_at=gt.2026-02-22T21%3A10%3A29.311351'), (b'Content-Profile', b'public'), (b'Access-Control-Allow-Origin', b'*'), (b'X-Kong-Upstream-Latency', b'1'), (b'X-Kong-Proxy-Latency', b'0'), (b'Via', b'kong/2.8.1')])
2026-02-23 21:10:29,314 - httpx - INFO - HTTP Request: GET http://127.0.0.1:54321/rest/v1/notification_history?select=id&identifier=eq.20260305_%EC%9B%94%EC%B6%9C%EC%82%B0_%EC%B9%B4%EB%9D%BC%EB%B0%98&sent_at=gt.2026-02-22T21%3A10%3A29.311351 "HTTP/1.1 200 OK"
2026-02-23 21:10:29,314 - httpcore.http11 - DEBUG - receive_response_body.started request=<Request [b'GET']>
2026-02-23 21:10:29,314 - httpcore.http11 - DEBUG - receive_response_body.complete
2026-02-23 21:10:29,314 - httpcore.http11 - DEBUG - response_closed.started
2026-02-23 21:10:29,314 - httpcore.http11 - DEBUG - response_closed.complete
2026-02-23 21:10:29,315 - httpcore.http11 - DEBUG - send_request_headers.started request=<Request [b'GET']>
2026-02-23 21:10:29,315 - httpcore.http11 - DEBUG - send_request_headers.complete
2026-02-23 21:10:29,315 - httpcore.http11 - DEBUG - send_request_body.started request=<Request [b'GET']>
2026-02-23 21:10:29,315 - httpcore.http11 - DEBUG - send_request_body.complete
2026-02-23 21:10:29,315 - httpcore.http11 - DEBUG - receive_response_headers.started request=<Request [b'GET']>
2026-02-23 21:10:29,317 - httpcore.http11 - DEBUG - receive_response_headers.complete return_value=(b'HTTP/1.1', 200, b'OK', [(b'Content-Type', b'application/json; charset=utf-8'), (b'Content-Length', b'2'), (b'Connection', b'keep-alive'), (b'Date', b'Mon, 23 Feb 2026 12:10:29 GMT'), (b'Server', b'postgrest/14.5'), (b'Content-Range', b'*/*'), (b'Content-Location', b'/notification_history?identifier=eq.20260305_%C3%AC%C2%B9%C2%98%C3%AC%C2%95%C2%85%C3%AC%C2%82%C2%B0_%C3%AC%C2%B9%C2%B4%C3%AB%C2%9D%C2%BC%C3%AB%C2%B0%C2%98&select=id&sent_at=gt.2026-02-22T21%3A10%3A29.314924'), (b'Content-Profile', b'public'), (b'Access-Control-Allow-Origin', b'*'), (b'X-Kong-Upstream-Latency', b'1'), (b'X-Kong-Proxy-Latency', b'0'), (b'Via', b'kong/2.8.1')])
2026-02-23 21:10:29,317 - httpx - INFO - HTTP Request: GET http://127.0.0.1:54321/rest/v1/notification_history?select=id&identifier=eq.20260305_%EC%B9%98%EC%95%85%EC%82%B0_%EC%B9%B4%EB%9D%BC%EB%B0%98&sent_at=gt.2026-02-22T21%3A10%3A29.314924 "HTTP/1.1 200 OK"
2026-02-23 21:10:29,317 - httpcore.http11 - DEBUG - receive_response_body.started request=<Request [b'GET']>
2026-02-23 21:10:29,317 - httpcore.http11 - DEBUG - receive_response_body.complete
2026-02-23 21:10:29,317 - httpcore.http11 - DEBUG - response_closed.started
2026-02-23 21:10:29,317 - httpcore.http11 - DEBUG - response_closed.complete
2026-02-23 21:10:29,318 - httpcore.http11 - DEBUG - send_request_headers.started request=<Request [b'GET']>
2026-02-23 21:10:29,318 - httpcore.http11 - DEBUG - send_request_headers.complete
2026-02-23 21:10:29,318 - httpcore.http11 - DEBUG - send_request_body.started request=<Request [b'GET']>
2026-02-23 21:10:29,318 - httpcore.http11 - DEBUG - send_request_body.complete
2026-02-23 21:10:29,318 - httpcore.http11 - DEBUG - receive_response_headers.started request=<Request [b'GET']>
2026-02-23 21:10:29,321 - httpcore.http11 - DEBUG - receive_response_headers.complete return_value=(b'HTTP/1.1', 200, b'OK', [(b'Content-Type', b'application/json; charset=utf-8'), (b'Content-Length', b'2'), (b'Connection', b'keep-alive'), (b'Date', b'Mon, 23 Feb 2026 12:10:29 GMT'), (b'Server', b'postgrest/14.5'), (b'Content-Range', b'*/*'), (b'Content-Location', b'/notification_history?identifier=eq.20260305_%C3%AD%C2%83%C2%9C%C3%AC%C2%95%C2%88%C3%AD%C2%95%C2%B4%C3%AC%C2%95%C2%88_%C3%AC%C2%B9%C2%B4%C3%AB%C2%9D%C2%BC%C3%AB%C2%B0%C2%98&select=id&sent_at=gt.2026-02-22T21%3A10%3A29.317864'), (b'Content-Profile', b'public'), (b'Access-Control-Allow-Origin', b'*'), (b'X-Kong-Upstream-Latency', b'1'), (b'X-Kong-Proxy-Latency', b'0'), (b'Via', b'kong/2.8.1')])
2026-02-23 21:10:29,321 - httpx - INFO - HTTP Request: GET http://127.0.0.1:54321/rest/v1/notification_history?select=id&identifier=eq.20260305_%ED%83%9C%EC%95%88%ED%95%B4%EC%95%88_%EC%B9%B4%EB%9D%BC%EB%B0%98&sent_at=gt.2026-02-22T21%3A10%3A29.317864 "HTTP/1.1 200 OK"
2026-02-23 21:10:29,321 - httpcore.http11 - DEBUG - receive_response_body.started request=<Request [b'GET']>
2026-02-23 21:10:29,321 - httpcore.http11 - DEBUG - receive_response_body.complete
2026-02-23 21:10:29,321 - httpcore.http11 - DEBUG - response_closed.started
2026-02-23 21:10:29,321 - httpcore.http11 - DEBUG - response_closed.complete
2026-02-23 21:10:29,322 - httpcore.http11 - DEBUG - send_request_headers.started request=<Request [b'GET']>
2026-02-23 21:10:29,322 - httpcore.http11 - DEBUG - send_request_headers.complete
2026-02-23 21:10:29,322 - httpcore.http11 - DEBUG - send_request_body.started request=<Request [b'GET']>
2026-02-23 21:10:29,322 - httpcore.http11 - DEBUG - send_request_body.complete
2026-02-23 21:10:29,322 - httpcore.http11 - DEBUG - receive_response_headers.started request=<Request [b'GET']>
2026-02-23 21:10:29,325 - httpcore.http11 - DEBUG - receive_response_headers.complete return_value=(b'HTTP/1.1', 200, b'OK', [(b'Content-Type', b'application/json; charset=utf-8'), (b'Content-Length', b'2'), (b'Connection', b'keep-alive'), (b'Date', b'Mon, 23 Feb 2026 12:10:29 GMT'), (b'Server', b'postgrest/14.5'), (b'Content-Range', b'*/*'), (b'Content-Location', b'/notification_history?identifier=eq.20260306_%C3%AA%C2%B0%C2%80%C3%AC%C2%95%C2%BC%C3%AC%C2%82%C2%B0_%C3%AC%C2%B9%C2%B4%C3%AB%C2%9D%C2%BC%C3%AB%C2%B0%C2%98&select=id&sent_at=gt.2026-02-22T21%3A10%3A29.321693'), (b'Content-Profile', b'public'), (b'Access-Control-Allow-Origin', b'*'), (b'X-Kong-Upstream-Latency', b'1'), (b'X-Kong-Proxy-Latency', b'0'), (b'Via', b'kong/2.8.1')])
2026-02-23 21:10:29,325 - httpx - INFO - HTTP Request: GET http://127.0.0.1:54321/rest/v1/notification_history?select=id&identifier=eq.20260306_%EA%B0%80%EC%95%BC%EC%82%B0_%EC%B9%B4%EB%9D%BC%EB%B0%98&sent_at=gt.2026-02-22T21%3A10%3A29.321693 "HTTP/1.1 200 OK"
2026-02-23 21:10:29,325 - httpcore.http11 - DEBUG - receive_response_body.started request=<Request [b'GET']>
2026-02-23 21:10:29,326 - httpcore.http11 - DEBUG - receive_response_body.complete
2026-02-23 21:10:29,326 - httpcore.http11 - DEBUG - response_closed.started
2026-02-23 21:10:29,326 - httpcore.http11 - DEBUG - response_closed.complete
2026-02-23 21:10:29,326 - httpcore.http11 - DEBUG - send_request_headers.started request=<Request [b'GET']>
2026-02-23 21:10:29,327 - httpcore.http11 - DEBUG - send_request_headers.complete
2026-02-23 21:10:29,327 - httpcore.http11 - DEBUG - send_request_body.started request=<Request [b'GET']>
2026-02-23 21:10:29,327 - httpcore.http11 - DEBUG - send_request_body.complete
2026-02-23 21:10:29,327 - httpcore.http11 - DEBUG - receive_response_headers.started request=<Request [b'GET']>
2026-02-23 21:10:29,329 - httpcore.http11 - DEBUG - receive_response_headers.complete return_value=(b'HTTP/1.1', 200, b'OK', [(b'Content-Type', b'application/json; charset=utf-8'), (b'Content-Length', b'2'), (b'Connection', b'keep-alive'), (b'Date', b'Mon, 23 Feb 2026 12:10:29 GMT'), (b'Server', b'postgrest/14.5'), (b'Content-Range', b'*/*'), (b'Content-Location', b'/notification_history?identifier=eq.20260306_%C3%AC%C2%B9%C2%98%C3%AC%C2%95%C2%85%C3%AC%C2%82%C2%B0_%C3%AC%C2%B9%C2%B4%C3%AB%C2%9D%C2%BC%C3%AB%C2%B0%C2%98&select=id&sent_at=gt.2026-02-22T21%3A10%3A29.326665'), (b'Content-Profile', b'public'), (b'Access-Control-Allow-Origin', b'*'), (b'X-Kong-Upstream-Latency', b'1'), (b'X-Kong-Proxy-Latency', b'0'), (b'Via', b'kong/2.8.1')])
2026-02-23 21:10:29,329 - httpx - INFO - HTTP Request: GET http://127.0.0.1:54321/rest/v1/notification_history?select=id&identifier=eq.20260306_%EC%B9%98%EC%95%85%EC%82%B0_%EC%B9%B4%EB%9D%BC%EB%B0%98&sent_at=gt.2026-02-22T21%3A10%3A29.326665 "HTTP/1.1 200 OK"
2026-02-23 21:10:29,329 - httpcore.http11 - DEBUG - receive_response_body.started request=<Request [b'GET']>
2026-02-23 21:10:29,329 - httpcore.http11 - DEBUG - receive_response_body.complete
2026-02-23 21:10:29,329 - httpcore.http11 - DEBUG - response_closed.started
2026-02-23 21:10:29,329 - httpcore.http11 - DEBUG - response_closed.complete
2026-02-23 21:10:29,330 - httpcore.http11 - DEBUG - send_request_headers.started request=<Request [b'GET']>
2026-02-23 21:10:29,330 - httpcore.http11 - DEBUG - send_request_headers.complete
2026-02-23 21:10:29,330 - httpcore.http11 - DEBUG - send_request_body.started request=<Request [b'GET']>
2026-02-23 21:10:29,330 - httpcore.http11 - DEBUG - send_request_body.complete
2026-02-23 21:10:29,330 - httpcore.http11 - DEBUG - receive_response_headers.started request=<Request [b'GET']>
2026-02-23 21:10:29,332 - httpcore.http11 - DEBUG - receive_response_headers.complete return_value=(b'HTTP/1.1', 200, b'OK', [(b'Content-Type', b'application/json; charset=utf-8'), (b'Content-Length', b'2'), (b'Connection', b'keep-alive'), (b'Date', b'Mon, 23 Feb 2026 12:10:29 GMT'), (b'Server', b'postgrest/14.5'), (b'Content-Range', b'*/*'), (b'Content-Location', b'/notification_history?identifier=eq.20260306_%C3%AD%C2%83%C2%9C%C3%AC%C2%95%C2%88%C3%AD%C2%95%C2%B4%C3%AC%C2%95%C2%88_%C3%AC%C2%B9%C2%B4%C3%AB%C2%9D%C2%BC%C3%AB%C2%B0%C2%98&select=id&sent_at=gt.2026-02-22T21%3A10%3A29.329738'), (b'Content-Profile', b'public'), (b'Access-Control-Allow-Origin', b'*'), (b'X-Kong-Upstream-Latency', b'1'), (b'X-Kong-Proxy-Latency', b'0'), (b'Via', b'kong/2.8.1')])
2026-02-23 21:10:29,332 - httpx - INFO - HTTP Request: GET http://127.0.0.1:54321/rest/v1/notification_history?select=id&identifier=eq.20260306_%ED%83%9C%EC%95%88%ED%95%B4%EC%95%88_%EC%B9%B4%EB%9D%BC%EB%B0%98&sent_at=gt.2026-02-22T21%3A10%3A29.329738 "HTTP/1.1 200 OK"
2026-02-23 21:10:29,332 - httpcore.http11 - DEBUG - receive_response_body.started request=<Request [b'GET']>
2026-02-23 21:10:29,332 - httpcore.http11 - DEBUG - receive_response_body.complete
2026-02-23 21:10:29,332 - httpcore.http11 - DEBUG - response_closed.started
2026-02-23 21:10:29,332 - httpcore.http11 - DEBUG - response_closed.complete
2026-02-23 21:10:29,333 - httpcore.http11 - DEBUG - send_request_headers.started request=<Request [b'GET']>
2026-02-23 21:10:29,333 - httpcore.http11 - DEBUG - send_request_headers.complete
2026-02-23 21:10:29,333 - httpcore.http11 - DEBUG - send_request_body.started request=<Request [b'GET']>
2026-02-23 21:10:29,333 - httpcore.http11 - DEBUG - send_request_body.complete
2026-02-23 21:10:29,333 - httpcore.http11 - DEBUG - receive_response_headers.started request=<Request [b'GET']>
2026-02-23 21:10:29,335 - httpcore.http11 - DEBUG - receive_response_headers.complete return_value=(b'HTTP/1.1', 200, b'OK', [(b'Content-Type', b'application/json; charset=utf-8'), (b'Content-Length', b'2'), (b'Connection', b'keep-alive'), (b'Date', b'Mon, 23 Feb 2026 12:10:29 GMT'), (b'Server', b'postgrest/14.5'), (b'Content-Range', b'*/*'), (b'Content-Location', b'/notification_history?identifier=eq.20260308_%C3%AA%C2%B0%C2%80%C3%AC%C2%95%C2%BC%C3%AC%C2%82%C2%B0_%C3%AC%C2%B9%C2%B4%C3%AB%C2%9D%C2%BC%C3%AB%C2%B0%C2%98&select=id&sent_at=gt.2026-02-22T21%3A10%3A29.332824'), (b'Content-Profile', b'public'), (b'Access-Control-Allow-Origin', b'*'), (b'X-Kong-Upstream-Latency', b'1'), (b'X-Kong-Proxy-Latency', b'0'), (b'Via', b'kong/2.8.1')])
2026-02-23 21:10:29,335 - httpx - INFO - HTTP Request: GET http://127.0.0.1:54321/rest/v1/notification_history?select=id&identifier=eq.20260308_%EA%B0%80%EC%95%BC%EC%82%B0_%EC%B9%B4%EB%9D%BC%EB%B0%98&sent_at=gt.2026-02-22T21%3A10%3A29.332824 "HTTP/1.1 200 OK"
2026-02-23 21:10:29,335 - httpcore.http11 - DEBUG - receive_response_body.started request=<Request [b'GET']>
2026-02-23 21:10:29,335 - httpcore.http11 - DEBUG - receive_response_body.complete
2026-02-23 21:10:29,335 - httpcore.http11 - DEBUG - response_closed.started
2026-02-23 21:10:29,335 - httpcore.http11 - DEBUG - response_closed.complete
2026-02-23 21:10:29,336 - httpcore.http11 - DEBUG - send_request_headers.started request=<Request [b'GET']>
2026-02-23 21:10:29,336 - httpcore.http11 - DEBUG - send_request_headers.complete
2026-02-23 21:10:29,336 - httpcore.http11 - DEBUG - send_request_body.started request=<Request [b'GET']>
2026-02-23 21:10:29,336 - httpcore.http11 - DEBUG - send_request_body.complete
2026-02-23 21:10:29,336 - httpcore.http11 - DEBUG - receive_response_headers.started request=<Request [b'GET']>
2026-02-23 21:10:29,339 - httpcore.http11 - DEBUG - receive_response_headers.complete return_value=(b'HTTP/1.1', 200, b'OK', [(b'Content-Type', b'application/json; charset=utf-8'), (b'Content-Length', b'2'), (b'Connection', b'keep-alive'), (b'Date', b'Mon, 23 Feb 2026 12:10:29 GMT'), (b'Server', b'postgrest/14.5'), (b'Content-Range', b'*/*'), (b'Content-Location', b'/notification_history?identifier=eq.20260308_%C3%AC%C2%9B%C2%94%C3%AC%C2%B6%C2%9C%C3%AC%C2%82%C2%B0_%C3%AC%C2%B9%C2%B4%C3%AB%C2%9D%C2%BC%C3%AB%C2%B0%C2%98&select=id&sent_at=gt.2026-02-22T21%3A10%3A29.335848'), (b'Content-Profile', b'public'), (b'Access-Control-Allow-Origin', b'*'), (b'X-Kong-Upstream-Latency', b'1'), (b'X-Kong-Proxy-Latency', b'0'), (b'Via', b'kong/2.8.1')])
2026-02-23 21:10:29,339 - httpx - INFO - HTTP Request: GET http://127.0.0.1:54321/rest/v1/notification_history?select=id&identifier=eq.20260308_%EC%9B%94%EC%B6%9C%EC%82%B0_%EC%B9%B4%EB%9D%BC%EB%B0%98&sent_at=gt.2026-02-22T21%3A10%3A29.335848 "HTTP/1.1 200 OK"
2026-02-23 21:10:29,339 - httpcore.http11 - DEBUG - receive_response_body.started request=<Request [b'GET']>
2026-02-23 21:10:29,339 - httpcore.http11 - DEBUG - receive_response_body.complete
2026-02-23 21:10:29,339 - httpcore.http11 - DEBUG - response_closed.started
2026-02-23 21:10:29,339 - httpcore.http11 - DEBUG - response_closed.complete
2026-02-23 21:10:29,339 - httpcore.http11 - DEBUG - send_request_headers.started request=<Request [b'GET']>
2026-02-23 21:10:29,340 - httpcore.http11 - DEBUG - send_request_headers.complete
2026-02-23 21:10:29,340 - httpcore.http11 - DEBUG - send_request_body.started request=<Request [b'GET']>
2026-02-23 21:10:29,340 - httpcore.http11 - DEBUG - send_request_body.complete
2026-02-23 21:10:29,340 - httpcore.http11 - DEBUG - receive_response_headers.started request=<Request [b'GET']>
2026-02-23 21:10:29,342 - httpcore.http11 - DEBUG - receive_response_headers.complete return_value=(b'HTTP/1.1', 200, b'OK', [(b'Content-Type', b'application/json; charset=utf-8'), (b'Content-Length', b'2'), (b'Connection', b'keep-alive'), (b'Date', b'Mon, 23 Feb 2026 12:10:29 GMT'), (b'Server', b'postgrest/14.5'), (b'Content-Range', b'*/*'), (b'Content-Location', b'/notification_history?identifier=eq.20260308_%C3%AC%C2%B9%C2%98%C3%AC%C2%95%C2%85%C3%AC%C2%82%C2%B0_%C3%AC%C2%B9%C2%B4%C3%AB%C2%9D%C2%BC%C3%AB%C2%B0%C2%98&select=id&sent_at=gt.2026-02-22T21%3A10%3A29.339579'), (b'Content-Profile', b'public'), (b'Access-Control-Allow-Origin', b'*'), (b'X-Kong-Upstream-Latency', b'1'), (b'X-Kong-Proxy-Latency', b'0'), (b'Via', b'kong/2.8.1')])
2026-02-23 21:10:29,342 - httpx - INFO - HTTP Request: GET http://127.0.0.1:54321/rest/v1/notification_history?select=id&identifier=eq.20260308_%EC%B9%98%EC%95%85%EC%82%B0_%EC%B9%B4%EB%9D%BC%EB%B0%98&sent_at=gt.2026-02-22T21%3A10%3A29.339579 "HTTP/1.1 200 OK"
2026-02-23 21:10:29,342 - httpcore.http11 - DEBUG - receive_response_body.started request=<Request [b'GET']>
2026-02-23 21:10:29,342 - httpcore.http11 - DEBUG - receive_response_body.complete
2026-02-23 21:10:29,342 - httpcore.http11 - DEBUG - response_closed.started
2026-02-23 21:10:29,342 - httpcore.http11 - DEBUG - response_closed.complete
2026-02-23 21:10:29,343 - httpcore.http11 - DEBUG - send_request_headers.started request=<Request [b'GET']>
2026-02-23 21:10:29,343 - httpcore.http11 - DEBUG - send_request_headers.complete
2026-02-23 21:10:29,343 - httpcore.http11 - DEBUG - send_request_body.started request=<Request [b'GET']>
2026-02-23 21:10:29,343 - httpcore.http11 - DEBUG - send_request_body.complete
2026-02-23 21:10:29,343 - httpcore.http11 - DEBUG - receive_response_headers.started request=<Request [b'GET']>
2026-02-23 21:10:29,345 - httpcore.http11 - DEBUG - receive_response_headers.complete return_value=(b'HTTP/1.1', 200, b'OK', [(b'Content-Type', b'application/json; charset=utf-8'), (b'Content-Length', b'2'), (b'Connection', b'keep-alive'), (b'Date', b'Mon, 23 Feb 2026 12:10:29 GMT'), (b'Server', b'postgrest/14.5'), (b'Content-Range', b'*/*'), (b'Content-Location', b'/notification_history?identifier=eq.20260308_%C3%AD%C2%83%C2%9C%C3%AC%C2%95%C2%88%C3%AD%C2%95%C2%B4%C3%AC%C2%95%C2%88_%C3%AC%C2%B9%C2%B4%C3%AB%C2%9D%C2%BC%C3%AB%C2%B0%C2%98&select=id&sent_at=gt.2026-02-22T21%3A10%3A29.342873'), (b'Content-Profile', b'public'), (b'Access-Control-Allow-Origin', b'*'), (b'X-Kong-Upstream-Latency', b'1'), (b'X-Kong-Proxy-Latency', b'0'), (b'Via', b'kong/2.8.1')])
2026-02-23 21:10:29,345 - httpx - INFO - HTTP Request: GET http://127.0.0.1:54321/rest/v1/notification_history?select=id&identifier=eq.20260308_%ED%83%9C%EC%95%88%ED%95%B4%EC%95%88_%EC%B9%B4%EB%9D%BC%EB%B0%98&sent_at=gt.2026-02-22T21%3A10%3A29.342873 "HTTP/1.1 200 OK"
2026-02-23 21:10:29,345 - httpcore.http11 - DEBUG - receive_response_body.started request=<Request [b'GET']>
2026-02-23 21:10:29,345 - httpcore.http11 - DEBUG - receive_response_body.complete
2026-02-23 21:10:29,345 - httpcore.http11 - DEBUG - response_closed.started
2026-02-23 21:10:29,346 - httpcore.http11 - DEBUG - response_closed.complete
2026-02-23 21:10:29,346 - httpcore.http11 - DEBUG - send_request_headers.started request=<Request [b'GET']>
2026-02-23 21:10:29,346 - httpcore.http11 - DEBUG - send_request_headers.complete
2026-02-23 21:10:29,346 - httpcore.http11 - DEBUG - send_request_body.started request=<Request [b'GET']>
2026-02-23 21:10:29,346 - httpcore.http11 - DEBUG - send_request_body.complete
2026-02-23 21:10:29,346 - httpcore.http11 - DEBUG - receive_response_headers.started request=<Request [b'GET']>
2026-02-23 21:10:29,348 - httpcore.http11 - DEBUG - receive_response_headers.complete return_value=(b'HTTP/1.1', 200, b'OK', [(b'Content-Type', b'application/json; charset=utf-8'), (b'Content-Length', b'2'), (b'Connection', b'keep-alive'), (b'Date', b'Mon, 23 Feb 2026 12:10:29 GMT'), (b'Server', b'postgrest/14.5'), (b'Content-Range', b'*/*'), (b'Content-Location', b'/notification_history?identifier=eq.20260309_%C3%AA%C2%B0%C2%80%C3%AC%C2%95%C2%BC%C3%AC%C2%82%C2%B0_%C3%AC%C2%B9%C2%B4%C3%AB%C2%9D%C2%BC%C3%AB%C2%B0%C2%98&select=id&sent_at=gt.2026-02-22T21%3A10%3A29.346076'), (b'Content-Profile', b'public'), (b'Access-Control-Allow-Origin', b'*'), (b'X-Kong-Upstream-Latency', b'1'), (b'X-Kong-Proxy-Latency', b'0'), (b'Via', b'kong/2.8.1')])
2026-02-23 21:10:29,349 - httpx - INFO - HTTP Request: GET http://127.0.0.1:54321/rest/v1/notification_history?select=id&identifier=eq.20260309_%EA%B0%80%EC%95%BC%EC%82%B0_%EC%B9%B4%EB%9D%BC%EB%B0%98&sent_at=gt.2026-02-22T21%3A10%3A29.346076 "HTTP/1.1 200 OK"
2026-02-23 21:10:29,349 - httpcore.http11 - DEBUG - receive_response_body.started request=<Request [b'GET']>
2026-02-23 21:10:29,349 - httpcore.http11 - DEBUG - receive_response_body.complete
2026-02-23 21:10:29,349 - httpcore.http11 - DEBUG - response_closed.started
2026-02-23 21:10:29,349 - httpcore.http11 - DEBUG - response_closed.complete
2026-02-23 21:10:29,349 - httpcore.http11 - DEBUG - send_request_headers.started request=<Request [b'GET']>
2026-02-23 21:10:29,349 - httpcore.http11 - DEBUG - send_request_headers.complete
2026-02-23 21:10:29,349 - httpcore.http11 - DEBUG - send_request_body.started request=<Request [b'GET']>
2026-02-23 21:10:29,350 - httpcore.http11 - DEBUG - send_request_body.complete
2026-02-23 21:10:29,350 - httpcore.http11 - DEBUG - receive_response_headers.started request=<Request [b'GET']>
2026-02-23 21:10:29,351 - httpcore.http11 - DEBUG - receive_response_headers.complete return_value=(b'HTTP/1.1', 200, b'OK', [(b'Content-Type', b'application/json; charset=utf-8'), (b'Content-Length', b'2'), (b'Connection', b'keep-alive'), (b'Date', b'Mon, 23 Feb 2026 12:10:29 GMT'), (b'Server', b'postgrest/14.5'), (b'Content-Range', b'*/*'), (b'Content-Location', b'/notification_history?identifier=eq.20260309_%C3%AC%C2%9B%C2%94%C3%AC%C2%B6%C2%9C%C3%AC%C2%82%C2%B0_%C3%AC%C2%B9%C2%B4%C3%AB%C2%9D%C2%BC%C3%AB%C2%B0%C2%98&select=id&sent_at=gt.2026-02-22T21%3A10%3A29.349328'), (b'Content-Profile', b'public'), (b'Access-Control-Allow-Origin', b'*'), (b'X-Kong-Upstream-Latency', b'1'), (b'X-Kong-Proxy-Latency', b'0'), (b'Via', b'kong/2.8.1')])
2026-02-23 21:10:29,352 - httpx - INFO - HTTP Request: GET http://127.0.0.1:54321/rest/v1/notification_history?select=id&identifier=eq.20260309_%EC%9B%94%EC%B6%9C%EC%82%B0_%EC%B9%B4%EB%9D%BC%EB%B0%98&sent_at=gt.2026-02-22T21%3A10%3A29.349328 "HTTP/1.1 200 OK"
2026-02-23 21:10:29,352 - httpcore.http11 - DEBUG - receive_response_body.started request=<Request [b'GET']>
2026-02-23 21:10:29,352 - httpcore.http11 - DEBUG - receive_response_body.complete
2026-02-23 21:10:29,352 - httpcore.http11 - DEBUG - response_closed.started
2026-02-23 21:10:29,352 - httpcore.http11 - DEBUG - response_closed.complete
2026-02-23 21:10:29,352 - httpcore.http11 - DEBUG - send_request_headers.started request=<Request [b'GET']>
2026-02-23 21:10:29,352 - httpcore.http11 - DEBUG - send_request_headers.complete
2026-02-23 21:10:29,352 - httpcore.http11 - DEBUG - send_request_body.started request=<Request [b'GET']>
2026-02-23 21:10:29,352 - httpcore.http11 - DEBUG - send_request_body.complete
2026-02-23 21:10:29,353 - httpcore.http11 - DEBUG - receive_response_headers.started request=<Request [b'GET']>
2026-02-23 21:10:29,355 - httpcore.http11 - DEBUG - receive_response_headers.complete return_value=(b'HTTP/1.1', 200, b'OK', [(b'Content-Type', b'application/json; charset=utf-8'), (b'Content-Length', b'2'), (b'Connection', b'keep-alive'), (b'Date', b'Mon, 23 Feb 2026 12:10:29 GMT'), (b'Server', b'postgrest/14.5'), (b'Content-Range', b'*/*'), (b'Content-Location', b'/notification_history?identifier=eq.20260309_%C3%AC%C2%B9%C2%98%C3%AC%C2%95%C2%85%C3%AC%C2%82%C2%B0_%C3%AC%C2%B9%C2%B4%C3%AB%C2%9D%C2%BC%C3%AB%C2%B0%C2%98&select=id&sent_at=gt.2026-02-22T21%3A10%3A29.352349'), (b'Content-Profile', b'public'), (b'Access-Control-Allow-Origin', b'*'), (b'X-Kong-Upstream-Latency', b'1'), (b'X-Kong-Proxy-Latency', b'0'), (b'Via', b'kong/2.8.1')])
2026-02-23 21:10:29,355 - httpx - INFO - HTTP Request: GET http://127.0.0.1:54321/rest/v1/notification_history?select=id&identifier=eq.20260309_%EC%B9%98%EC%95%85%EC%82%B0_%EC%B9%B4%EB%9D%BC%EB%B0%98&sent_at=gt.2026-02-22T21%3A10%3A29.352349 "HTTP/1.1 200 OK"
2026-02-23 21:10:29,355 - httpcore.http11 - DEBUG - receive_response_body.started request=<Request [b'GET']>
2026-02-23 21:10:29,355 - httpcore.http11 - DEBUG - receive_response_body.complete
2026-02-23 21:10:29,355 - httpcore.http11 - DEBUG - response_closed.started
2026-02-23 21:10:29,355 - httpcore.http11 - DEBUG - response_closed.complete
2026-02-23 21:10:29,356 - httpcore.http11 - DEBUG - send_request_headers.started request=<Request [b'GET']>
2026-02-23 21:10:29,356 - httpcore.http11 - DEBUG - send_request_headers.complete
2026-02-23 21:10:29,356 - httpcore.http11 - DEBUG - send_request_body.started request=<Request [b'GET']>
2026-02-23 21:10:29,356 - httpcore.http11 - DEBUG - send_request_body.complete
2026-02-23 21:10:29,356 - httpcore.http11 - DEBUG - receive_response_headers.started request=<Request [b'GET']>
2026-02-23 21:10:29,358 - httpcore.http11 - DEBUG - receive_response_headers.complete return_value=(b'HTTP/1.1', 200, b'OK', [(b'Content-Type', b'application/json; charset=utf-8'), (b'Content-Length', b'2'), (b'Connection', b'keep-alive'), (b'Date', b'Mon, 23 Feb 2026 12:10:29 GMT'), (b'Server', b'postgrest/14.5'), (b'Content-Range', b'*/*'), (b'Content-Location', b'/notification_history?identifier=eq.20260309_%C3%AD%C2%83%C2%9C%C3%AC%C2%95%C2%88%C3%AD%C2%95%C2%B4%C3%AC%C2%95%C2%88_%C3%AC%C2%B9%C2%B4%C3%AB%C2%9D%C2%BC%C3%AB%C2%B0%C2%98&select=id&sent_at=gt.2026-02-22T21%3A10%3A29.355811'), (b'Content-Profile', b'public'), (b'Access-Control-Allow-Origin', b'*'), (b'X-Kong-Upstream-Latency', b'1'), (b'X-Kong-Proxy-Latency', b'0'), (b'Via', b'kong/2.8.1')])
2026-02-23 21:10:29,358 - httpx - INFO - HTTP Request: GET http://127.0.0.1:54321/rest/v1/notification_history?select=id&identifier=eq.20260309_%ED%83%9C%EC%95%88%ED%95%B4%EC%95%88_%EC%B9%B4%EB%9D%BC%EB%B0%98&sent_at=gt.2026-02-22T21%3A10%3A29.355811 "HTTP/1.1 200 OK"
2026-02-23 21:10:29,358 - httpcore.http11 - DEBUG - receive_response_body.started request=<Request [b'GET']>
2026-02-23 21:10:29,358 - httpcore.http11 - DEBUG - receive_response_body.complete
2026-02-23 21:10:29,358 - httpcore.http11 - DEBUG - response_closed.started
2026-02-23 21:10:29,358 - httpcore.http11 - DEBUG - response_closed.complete
2026-02-23 21:10:29,359 - httpcore.http11 - DEBUG - send_request_headers.started request=<Request [b'GET']>
2026-02-23 21:10:29,359 - httpcore.http11 - DEBUG - send_request_headers.complete
2026-02-23 21:10:29,359 - httpcore.http11 - DEBUG - send_request_body.started request=<Request [b'GET']>
2026-02-23 21:10:29,359 - httpcore.http11 - DEBUG - send_request_body.complete
2026-02-23 21:10:29,359 - httpcore.http11 - DEBUG - receive_response_headers.started request=<Request [b'GET']>
2026-02-23 21:10:29,361 - httpcore.http11 - DEBUG - receive_response_headers.complete return_value=(b'HTTP/1.1', 200, b'OK', [(b'Content-Type', b'application/json; charset=utf-8'), (b'Content-Length', b'2'), (b'Connection', b'keep-alive'), (b'Date', b'Mon, 23 Feb 2026 12:10:29 GMT'), (b'Server', b'postgrest/14.5'), (b'Content-Range', b'*/*'), (b'Content-Location', b'/notification_history?identifier=eq.20260310_%C3%AA%C2%B0%C2%80%C3%AC%C2%95%C2%BC%C3%AC%C2%82%C2%B0_%C3%AC%C2%B9%C2%B4%C3%AB%C2%9D%C2%BC%C3%AB%C2%B0%C2%98&select=id&sent_at=gt.2026-02-22T21%3A10%3A29.358762'), (b'Content-Profile', b'public'), (b'Access-Control-Allow-Origin', b'*'), (b'X-Kong-Upstream-Latency', b'1'), (b'X-Kong-Proxy-Latency', b'0'), (b'Via', b'kong/2.8.1')])
2026-02-23 21:10:29,361 - httpx - INFO - HTTP Request: GET http://127.0.0.1:54321/rest/v1/notification_history?select=id&identifier=eq.20260310_%EA%B0%80%EC%95%BC%EC%82%B0_%EC%B9%B4%EB%9D%BC%EB%B0%98&sent_at=gt.2026-02-22T21%3A10%3A29.358762 "HTTP/1.1 200 OK"
2026-02-23 21:10:29,361 - httpcore.http11 - DEBUG - receive_response_body.started request=<Request [b'GET']>
2026-02-23 21:10:29,361 - httpcore.http11 - DEBUG - receive_response_body.complete
2026-02-23 21:10:29,361 - httpcore.http11 - DEBUG - response_closed.started
2026-02-23 21:10:29,361 - httpcore.http11 - DEBUG - response_closed.complete
2026-02-23 21:10:29,361 - httpcore.http11 - DEBUG - send_request_headers.started request=<Request [b'GET']>
2026-02-23 21:10:29,362 - httpcore.http11 - DEBUG - send_request_headers.complete
2026-02-23 21:10:29,362 - httpcore.http11 - DEBUG - send_request_body.started request=<Request [b'GET']>
2026-02-23 21:10:29,362 - httpcore.http11 - DEBUG - send_request_body.complete
2026-02-23 21:10:29,362 - httpcore.http11 - DEBUG - receive_response_headers.started request=<Request [b'GET']>
2026-02-23 21:10:29,364 - httpcore.http11 - DEBUG - receive_response_headers.complete return_value=(b'HTTP/1.1', 200, b'OK', [(b'Content-Type', b'application/json; charset=utf-8'), (b'Content-Length', b'2'), (b'Connection', b'keep-alive'), (b'Date', b'Mon, 23 Feb 2026 12:10:29 GMT'), (b'Server', b'postgrest/14.5'), (b'Content-Range', b'*/*'), (b'Content-Location', b'/notification_history?identifier=eq.20260310_%C3%AC%C2%9B%C2%94%C3%AC%C2%B6%C2%9C%C3%AC%C2%82%C2%B0_%C3%AC%C2%B9%C2%B4%C3%AB%C2%9D%C2%BC%C3%AB%C2%B0%C2%98&select=id&sent_at=gt.2026-02-22T21%3A10%3A29.361551'), (b'Content-Profile', b'public'), (b'Access-Control-Allow-Origin', b'*'), (b'X-Kong-Upstream-Latency', b'1'), (b'X-Kong-Proxy-Latency', b'0'), (b'Via', b'kong/2.8.1')])
2026-02-23 21:10:29,364 - httpx - INFO - HTTP Request: GET http://127.0.0.1:54321/rest/v1/notification_history?select=id&identifier=eq.20260310_%EC%9B%94%EC%B6%9C%EC%82%B0_%EC%B9%B4%EB%9D%BC%EB%B0%98&sent_at=gt.2026-02-22T21%3A10%3A29.361551 "HTTP/1.1 200 OK"
2026-02-23 21:10:29,364 - httpcore.http11 - DEBUG - receive_response_body.started request=<Request [b'GET']>
2026-02-23 21:10:29,364 - httpcore.http11 - DEBUG - receive_response_body.complete
2026-02-23 21:10:29,364 - httpcore.http11 - DEBUG - response_closed.started
2026-02-23 21:10:29,364 - httpcore.http11 - DEBUG - response_closed.complete
2026-02-23 21:10:29,365 - httpcore.http11 - DEBUG - send_request_headers.started request=<Request [b'GET']>
2026-02-23 21:10:29,365 - httpcore.http11 - DEBUG - send_request_headers.complete
2026-02-23 21:10:29,365 - httpcore.http11 - DEBUG - send_request_body.started request=<Request [b'GET']>
2026-02-23 21:10:29,365 - httpcore.http11 - DEBUG - send_request_body.complete
2026-02-23 21:10:29,365 - httpcore.http11 - DEBUG - receive_response_headers.started request=<Request [b'GET']>
2026-02-23 21:10:29,367 - httpcore.http11 - DEBUG - receive_response_headers.complete return_value=(b'HTTP/1.1', 200, b'OK', [(b'Content-Type', b'application/json; charset=utf-8'), (b'Content-Length', b'2'), (b'Connection', b'keep-alive'), (b'Date', b'Mon, 23 Feb 2026 12:10:29 GMT'), (b'Server', b'postgrest/14.5'), (b'Content-Range', b'*/*'), (b'Content-Location', b'/notification_history?identifier=eq.20260310_%C3%AC%C2%B9%C2%98%C3%AC%C2%95%C2%85%C3%AC%C2%82%C2%B0_%C3%AC%C2%B9%C2%B4%C3%AB%C2%9D%C2%BC%C3%AB%C2%B0%C2%98&select=id&sent_at=gt.2026-02-22T21%3A10%3A29.364735'), (b'Content-Profile', b'public'), (b'Access-Control-Allow-Origin', b'*'), (b'X-Kong-Upstream-Latency', b'1'), (b'X-Kong-Proxy-Latency', b'0'), (b'Via', b'kong/2.8.1')])
2026-02-23 21:10:29,367 - httpx - INFO - HTTP Request: GET http://127.0.0.1:54321/rest/v1/notification_history?select=id&identifier=eq.20260310_%EC%B9%98%EC%95%85%EC%82%B0_%EC%B9%B4%EB%9D%BC%EB%B0%98&sent_at=gt.2026-02-22T21%3A10%3A29.364735 "HTTP/1.1 200 OK"
2026-02-23 21:10:29,367 - httpcore.http11 - DEBUG - receive_response_body.started request=<Request [b'GET']>
2026-02-23 21:10:29,367 - httpcore.http11 - DEBUG - receive_response_body.complete
2026-02-23 21:10:29,367 - httpcore.http11 - DEBUG - response_closed.started
2026-02-23 21:10:29,367 - httpcore.http11 - DEBUG - response_closed.complete
2026-02-23 21:10:29,368 - httpcore.http11 - DEBUG - send_request_headers.started request=<Request [b'GET']>
2026-02-23 21:10:29,373 - httpcore.http11 - DEBUG - send_request_headers.complete
2026-02-23 21:10:29,374 - httpcore.http11 - DEBUG - send_request_body.started request=<Request [b'GET']>
2026-02-23 21:10:29,374 - httpcore.http11 - DEBUG - send_request_body.complete
2026-02-23 21:10:29,374 - httpcore.http11 - DEBUG - receive_response_headers.started request=<Request [b'GET']>
2026-02-23 21:10:29,378 - httpcore.http11 - DEBUG - receive_response_headers.complete return_value=(b'HTTP/1.1', 200, b'OK', [(b'Content-Type', b'application/json; charset=utf-8'), (b'Content-Length', b'2'), (b'Connection', b'keep-alive'), (b'Date', b'Mon, 23 Feb 2026 12:10:29 GMT'), (b'Server', b'postgrest/14.5'), (b'Content-Range', b'*/*'), (b'Content-Location', b'/notification_history?identifier=eq.20260310_%C3%AD%C2%83%C2%9C%C3%AC%C2%95%C2%88%C3%AD%C2%95%C2%B4%C3%AC%C2%95%C2%88_%C3%AC%C2%B9%C2%B4%C3%AB%C2%9D%C2%BC%C3%AB%C2%B0%C2%98&select=id&sent_at=gt.2026-02-22T21%3A10%3A29.367746'), (b'Content-Profile', b'public'), (b'Access-Control-Allow-Origin', b'*'), (b'X-Kong-Upstream-Latency', b'3'), (b'X-Kong-Proxy-Latency', b'0'), (b'Via', b'kong/2.8.1')])
2026-02-23 21:10:29,378 - httpx - INFO - HTTP Request: GET http://127.0.0.1:54321/rest/v1/notification_history?select=id&identifier=eq.20260310_%ED%83%9C%EC%95%88%ED%95%B4%EC%95%88_%EC%B9%B4%EB%9D%BC%EB%B0%98&sent_at=gt.2026-02-22T21%3A10%3A29.367746 "HTTP/1.1 200 OK"
2026-02-23 21:10:29,378 - httpcore.http11 - DEBUG - receive_response_body.started request=<Request [b'GET']>
2026-02-23 21:10:29,378 - httpcore.http11 - DEBUG - receive_response_body.complete
2026-02-23 21:10:29,379 - httpcore.http11 - DEBUG - response_closed.started
2026-02-23 21:10:29,379 - httpcore.http11 - DEBUG - response_closed.complete
2026-02-23 21:10:29,379 - httpcore.http11 - DEBUG - send_request_headers.started request=<Request [b'GET']>
2026-02-23 21:10:29,379 - httpcore.http11 - DEBUG - send_request_headers.complete
2026-02-23 21:10:29,379 - httpcore.http11 - DEBUG - send_request_body.started request=<Request [b'GET']>
2026-02-23 21:10:29,379 - httpcore.http11 - DEBUG - send_request_body.complete
2026-02-23 21:10:29,379 - httpcore.http11 - DEBUG - receive_response_headers.started request=<Request [b'GET']>
2026-02-23 21:10:29,381 - httpcore.http11 - DEBUG - receive_response_headers.complete return_value=(b'HTTP/1.1', 200, b'OK', [(b'Content-Type', b'application/json; charset=utf-8'), (b'Content-Length', b'2'), (b'Connection', b'keep-alive'), (b'Date', b'Mon, 23 Feb 2026 12:10:29 GMT'), (b'Server', b'postgrest/14.5'), (b'Content-Range', b'*/*'), (b'Content-Location', b'/notification_history?identifier=eq.20260312_%C3%AA%C2%B0%C2%80%C3%AC%C2%95%C2%BC%C3%AC%C2%82%C2%B0_%C3%AC%C2%B9%C2%B4%C3%AB%C2%9D%C2%BC%C3%AB%C2%B0%C2%98&select=id&sent_at=gt.2026-02-22T21%3A10%3A29.379239'), (b'Content-Profile', b'public'), (b'Access-Control-Allow-Origin', b'*'), (b'X-Kong-Upstream-Latency', b'1'), (b'X-Kong-Proxy-Latency', b'0'), (b'Via', b'kong/2.8.1')])
2026-02-23 21:10:29,382 - httpx - INFO - HTTP Request: GET http://127.0.0.1:54321/rest/v1/notification_history?select=id&identifier=eq.20260312_%EA%B0%80%EC%95%BC%EC%82%B0_%EC%B9%B4%EB%9D%BC%EB%B0%98&sent_at=gt.2026-02-22T21%3A10%3A29.379239 "HTTP/1.1 200 OK"
2026-02-23 21:10:29,382 - httpcore.http11 - DEBUG - receive_response_body.started request=<Request [b'GET']>
2026-02-23 21:10:29,382 - httpcore.http11 - DEBUG - receive_response_body.complete
2026-02-23 21:10:29,382 - httpcore.http11 - DEBUG - response_closed.started
2026-02-23 21:10:29,382 - httpcore.http11 - DEBUG - response_closed.complete
2026-02-23 21:10:29,382 - httpcore.http11 - DEBUG - send_request_headers.started request=<Request [b'GET']>
2026-02-23 21:10:29,383 - httpcore.http11 - DEBUG - send_request_headers.complete
2026-02-23 21:10:29,383 - httpcore.http11 - DEBUG - send_request_body.started request=<Request [b'GET']>
2026-02-23 21:10:29,383 - httpcore.http11 - DEBUG - send_request_body.complete
2026-02-23 21:10:29,383 - httpcore.http11 - DEBUG - receive_response_headers.started request=<Request [b'GET']>
2026-02-23 21:10:29,385 - httpcore.http11 - DEBUG - receive_response_headers.complete return_value=(b'HTTP/1.1', 200, b'OK', [(b'Content-Type', b'application/json; charset=utf-8'), (b'Content-Length', b'2'), (b'Connection', b'keep-alive'), (b'Date', b'Mon, 23 Feb 2026 12:10:29 GMT'), (b'Server', b'postgrest/14.5'), (b'Content-Range', b'*/*'), (b'Content-Location', b'/notification_history?identifier=eq.20260312_%C3%AC%C2%9B%C2%94%C3%AC%C2%B6%C2%9C%C3%AC%C2%82%C2%B0_%C3%AC%C2%B9%C2%B4%C3%AB%C2%9D%C2%BC%C3%AB%C2%B0%C2%98&select=id&sent_at=gt.2026-02-22T21%3A10%3A29.382463'), (b'Content-Profile', b'public'), (b'Access-Control-Allow-Origin', b'*'), (b'X-Kong-Upstream-Latency', b'1'), (b'X-Kong-Proxy-Latency', b'0'), (b'Via', b'kong/2.8.1')])
2026-02-23 21:10:29,385 - httpx - INFO - HTTP Request: GET http://127.0.0.1:54321/rest/v1/notification_history?select=id&identifier=eq.20260312_%EC%9B%94%EC%B6%9C%EC%82%B0_%EC%B9%B4%EB%9D%BC%EB%B0%98&sent_at=gt.2026-02-22T21%3A10%3A29.382463 "HTTP/1.1 200 OK"
2026-02-23 21:10:29,385 - httpcore.http11 - DEBUG - receive_response_body.started request=<Request [b'GET']>
2026-02-23 21:10:29,385 - httpcore.http11 - DEBUG - receive_response_body.complete
2026-02-23 21:10:29,385 - httpcore.http11 - DEBUG - response_closed.started
2026-02-23 21:10:29,385 - httpcore.http11 - DEBUG - response_closed.complete
2026-02-23 21:10:29,386 - httpcore.http11 - DEBUG - send_request_headers.started request=<Request [b'GET']>
2026-02-23 21:10:29,386 - httpcore.http11 - DEBUG - send_request_headers.complete
2026-02-23 21:10:29,386 - httpcore.http11 - DEBUG - send_request_body.started request=<Request [b'GET']>
2026-02-23 21:10:29,386 - httpcore.http11 - DEBUG - send_request_body.complete
2026-02-23 21:10:29,386 - httpcore.http11 - DEBUG - receive_response_headers.started request=<Request [b'GET']>
2026-02-23 21:10:29,390 - httpcore.http11 - DEBUG - receive_response_headers.complete return_value=(b'HTTP/1.1', 200, b'OK', [(b'Content-Type', b'application/json; charset=utf-8'), (b'Content-Length', b'2'), (b'Connection', b'keep-alive'), (b'Date', b'Mon, 23 Feb 2026 12:10:29 GMT'), (b'Server', b'postgrest/14.5'), (b'Content-Range', b'*/*'), (b'Content-Location', b'/notification_history?identifier=eq.20260312_%C3%AC%C2%B9%C2%98%C3%AC%C2%95%C2%85%C3%AC%C2%82%C2%B0_%C3%AC%C2%B9%C2%B4%C3%AB%C2%9D%C2%BC%C3%AB%C2%B0%C2%98&select=id&sent_at=gt.2026-02-22T21%3A10%3A29.385834'), (b'Content-Profile', b'public'), (b'Access-Control-Allow-Origin', b'*'), (b'X-Kong-Upstream-Latency', b'1'), (b'X-Kong-Proxy-Latency', b'0'), (b'Via', b'kong/2.8.1')])
2026-02-23 21:10:29,390 - httpx - INFO - HTTP Request: GET http://127.0.0.1:54321/rest/v1/notification_history?select=id&identifier=eq.20260312_%EC%B9%98%EC%95%85%EC%82%B0_%EC%B9%B4%EB%9D%BC%EB%B0%98&sent_at=gt.2026-02-22T21%3A10%3A29.385834 "HTTP/1.1 200 OK"
2026-02-23 21:10:29,390 - httpcore.http11 - DEBUG - receive_response_body.started request=<Request [b'GET']>
2026-02-23 21:10:29,390 - httpcore.http11 - DEBUG - receive_response_body.complete
2026-02-23 21:10:29,390 - httpcore.http11 - DEBUG - response_closed.started
2026-02-23 21:10:29,390 - httpcore.http11 - DEBUG - response_closed.complete
2026-02-23 21:10:29,390 - httpcore.http11 - DEBUG - send_request_headers.started request=<Request [b'GET']>
2026-02-23 21:10:29,390 - httpcore.http11 - DEBUG - send_request_headers.complete
2026-02-23 21:10:29,391 - httpcore.http11 - DEBUG - send_request_body.started request=<Request [b'GET']>
2026-02-23 21:10:29,391 - httpcore.http11 - DEBUG - send_request_body.complete
2026-02-23 21:10:29,391 - httpcore.http11 - DEBUG - receive_response_headers.started request=<Request [b'GET']>
2026-02-23 21:10:29,393 - httpcore.http11 - DEBUG - receive_response_headers.complete return_value=(b'HTTP/1.1', 200, b'OK', [(b'Content-Type', b'application/json; charset=utf-8'), (b'Content-Length', b'2'), (b'Connection', b'keep-alive'), (b'Date', b'Mon, 23 Feb 2026 12:10:29 GMT'), (b'Server', b'postgrest/14.5'), (b'Content-Range', b'*/*'), (b'Content-Location', b'/notification_history?identifier=eq.20260312_%C3%AD%C2%83%C2%9C%C3%AC%C2%95%C2%88%C3%AD%C2%95%C2%B4%C3%AC%C2%95%C2%88_%C3%AC%C2%B9%C2%B4%C3%AB%C2%9D%C2%BC%C3%AB%C2%B0%C2%98&select=id&sent_at=gt.2026-02-22T21%3A10%3A29.390470'), (b'Content-Profile', b'public'), (b'Access-Control-Allow-Origin', b'*'), (b'X-Kong-Upstream-Latency', b'1'), (b'X-Kong-Proxy-Latency', b'0'), (b'Via', b'kong/2.8.1')])
2026-02-23 21:10:29,393 - httpx - INFO - HTTP Request: GET http://127.0.0.1:54321/rest/v1/notification_history?select=id&identifier=eq.20260312_%ED%83%9C%EC%95%88%ED%95%B4%EC%95%88_%EC%B9%B4%EB%9D%BC%EB%B0%98&sent_at=gt.2026-02-22T21%3A10%3A29.390470 "HTTP/1.1 200 OK"
2026-02-23 21:10:29,393 - httpcore.http11 - DEBUG - receive_response_body.started request=<Request [b'GET']>
2026-02-23 21:10:29,393 - httpcore.http11 - DEBUG - receive_response_body.complete
2026-02-23 21:10:29,393 - httpcore.http11 - DEBUG - response_closed.started
2026-02-23 21:10:29,393 - httpcore.http11 - DEBUG - response_closed.complete
2026-02-23 21:10:29,393 - httpcore.http11 - DEBUG - send_request_headers.started request=<Request [b'GET']>
2026-02-23 21:10:29,394 - httpcore.http11 - DEBUG - send_request_headers.complete
2026-02-23 21:10:29,394 - httpcore.http11 - DEBUG - send_request_body.started request=<Request [b'GET']>
2026-02-23 21:10:29,394 - httpcore.http11 - DEBUG - send_request_body.complete
2026-02-23 21:10:29,394 - httpcore.http11 - DEBUG - receive_response_headers.started request=<Request [b'GET']>
2026-02-23 21:10:29,396 - httpcore.http11 - DEBUG - receive_response_headers.complete return_value=(b'HTTP/1.1', 200, b'OK', [(b'Content-Type', b'application/json; charset=utf-8'), (b'Content-Length', b'2'), (b'Connection', b'keep-alive'), (b'Date', b'Mon, 23 Feb 2026 12:10:29 GMT'), (b'Server', b'postgrest/14.5'), (b'Content-Range', b'*/*'), (b'Content-Location', b'/notification_history?identifier=eq.20260313_%C3%AA%C2%B0%C2%80%C3%AC%C2%95%C2%BC%C3%AC%C2%82%C2%B0_%C3%AC%C2%B9%C2%B4%C3%AB%C2%9D%C2%BC%C3%AB%C2%B0%C2%98&select=id&sent_at=gt.2026-02-22T21%3A10%3A29.393612'), (b'Content-Profile', b'public'), (b'Access-Control-Allow-Origin', b'*'), (b'X-Kong-Upstream-Latency', b'1'), (b'X-Kong-Proxy-Latency', b'0'), (b'Via', b'kong/2.8.1')])
2026-02-23 21:10:29,396 - httpx - INFO - HTTP Request: GET http://127.0.0.1:54321/rest/v1/notification_history?select=id&identifier=eq.20260313_%EA%B0%80%EC%95%BC%EC%82%B0_%EC%B9%B4%EB%9D%BC%EB%B0%98&sent_at=gt.2026-02-22T21%3A10%3A29.393612 "HTTP/1.1 200 OK"
2026-02-23 21:10:29,396 - httpcore.http11 - DEBUG - receive_response_body.started request=<Request [b'GET']>
2026-02-23 21:10:29,396 - httpcore.http11 - DEBUG - receive_response_body.complete
2026-02-23 21:10:29,396 - httpcore.http11 - DEBUG - response_closed.started
2026-02-23 21:10:29,396 - httpcore.http11 - DEBUG - response_closed.complete
2026-02-23 21:10:29,397 - httpcore.http11 - DEBUG - send_request_headers.started request=<Request [b'GET']>
2026-02-23 21:10:29,397 - httpcore.http11 - DEBUG - send_request_headers.complete
2026-02-23 21:10:29,397 - httpcore.http11 - DEBUG - send_request_body.started request=<Request [b'GET']>
2026-02-23 21:10:29,397 - httpcore.http11 - DEBUG - send_request_body.complete
2026-02-23 21:10:29,397 - httpcore.http11 - DEBUG - receive_response_headers.started request=<Request [b'GET']>
2026-02-23 21:10:29,401 - httpcore.http11 - DEBUG - receive_response_headers.complete return_value=(b'HTTP/1.1', 200, b'OK', [(b'Content-Type', b'application/json; charset=utf-8'), (b'Content-Length', b'2'), (b'Connection', b'keep-alive'), (b'Date', b'Mon, 23 Feb 2026 12:10:29 GMT'), (b'Server', b'postgrest/14.5'), (b'Content-Range', b'*/*'), (b'Content-Location', b'/notification_history?identifier=eq.20260313_%C3%AB%C2%8D%C2%95%C3%AC%C2%9C%C2%A0%C3%AC%C2%82%C2%B0_%C3%AC%C2%B9%C2%B4%C3%AB%C2%9D%C2%BC%C3%AB%C2%B0%C2%98&select=id&sent_at=gt.2026-02-22T21%3A10%3A29.397036'), (b'Content-Profile', b'public'), (b'Access-Control-Allow-Origin', b'*'), (b'X-Kong-Upstream-Latency', b'1'), (b'X-Kong-Proxy-Latency', b'0'), (b'Via', b'kong/2.8.1')])
2026-02-23 21:10:29,402 - httpx - INFO - HTTP Request: GET http://127.0.0.1:54321/rest/v1/notification_history?select=id&identifier=eq.20260313_%EB%8D%95%EC%9C%A0%EC%82%B0_%EC%B9%B4%EB%9D%BC%EB%B0%98&sent_at=gt.2026-02-22T21%3A10%3A29.397036 "HTTP/1.1 200 OK"
2026-02-23 21:10:29,402 - httpcore.http11 - DEBUG - receive_response_body.started request=<Request [b'GET']>
2026-02-23 21:10:29,402 - httpcore.http11 - DEBUG - receive_response_body.complete
2026-02-23 21:10:29,402 - httpcore.http11 - DEBUG - response_closed.started
2026-02-23 21:10:29,402 - httpcore.http11 - DEBUG - response_closed.complete
2026-02-23 21:10:29,403 - httpcore.http11 - DEBUG - send_request_headers.started request=<Request [b'GET']>
2026-02-23 21:10:29,403 - httpcore.http11 - DEBUG - send_request_headers.complete
2026-02-23 21:10:29,403 - httpcore.http11 - DEBUG - send_request_body.started request=<Request [b'GET']>
2026-02-23 21:10:29,403 - httpcore.http11 - DEBUG - send_request_body.complete
2026-02-23 21:10:29,403 - httpcore.http11 - DEBUG - receive_response_headers.started request=<Request [b'GET']>
2026-02-23 21:10:29,405 - httpcore.http11 - DEBUG - receive_response_headers.complete return_value=(b'HTTP/1.1', 200, b'OK', [(b'Content-Type', b'application/json; charset=utf-8'), (b'Content-Length', b'2'), (b'Connection', b'keep-alive'), (b'Date', b'Mon, 23 Feb 2026 12:10:29 GMT'), (b'Server', b'postgrest/14.5'), (b'Content-Range', b'*/*'), (b'Content-Location', b'/notification_history?identifier=eq.20260313_%C3%AC%C2%B9%C2%98%C3%AC%C2%95%C2%85%C3%AC%C2%82%C2%B0_%C3%AC%C2%B9%C2%B4%C3%AB%C2%9D%C2%BC%C3%AB%C2%B0%C2%98&select=id&sent_at=gt.2026-02-22T21%3A10%3A29.402888'), (b'Content-Profile', b'public'), (b'Access-Control-Allow-Origin', b'*'), (b'X-Kong-Upstream-Latency', b'1'), (b'X-Kong-Proxy-Latency', b'0'), (b'Via', b'kong/2.8.1')])
2026-02-23 21:10:29,405 - httpx - INFO - HTTP Request: GET http://127.0.0.1:54321/rest/v1/notification_history?select=id&identifier=eq.20260313_%EC%B9%98%EC%95%85%EC%82%B0_%EC%B9%B4%EB%9D%BC%EB%B0%98&sent_at=gt.2026-02-22T21%3A10%3A29.402888 "HTTP/1.1 200 OK"
2026-02-23 21:10:29,405 - httpcore.http11 - DEBUG - receive_response_body.started request=<Request [b'GET']>
2026-02-23 21:10:29,405 - httpcore.http11 - DEBUG - receive_response_body.complete
2026-02-23 21:10:29,405 - httpcore.http11 - DEBUG - response_closed.started
2026-02-23 21:10:29,405 - httpcore.http11 - DEBUG - response_closed.complete
2026-02-23 21:10:29,406 - httpcore.http11 - DEBUG - send_request_headers.started request=<Request [b'GET']>
2026-02-23 21:10:29,406 - httpcore.http11 - DEBUG - send_request_headers.complete
2026-02-23 21:10:29,406 - httpcore.http11 - DEBUG - send_request_body.started request=<Request [b'GET']>
2026-02-23 21:10:29,406 - httpcore.http11 - DEBUG - send_request_body.complete
2026-02-23 21:10:29,406 - httpcore.http11 - DEBUG - receive_response_headers.started request=<Request [b'GET']>
2026-02-23 21:10:29,408 - httpcore.http11 - DEBUG - receive_response_headers.complete return_value=(b'HTTP/1.1', 200, b'OK', [(b'Content-Type', b'application/json; charset=utf-8'), (b'Content-Length', b'2'), (b'Connection', b'keep-alive'), (b'Date', b'Mon, 23 Feb 2026 12:10:29 GMT'), (b'Server', b'postgrest/14.5'), (b'Content-Range', b'*/*'), (b'Content-Location', b'/notification_history?identifier=eq.20260313_%C3%AD%C2%83%C2%9C%C3%AC%C2%95%C2%88%C3%AD%C2%95%C2%B4%C3%AC%C2%95%C2%88_%C3%AC%C2%B9%C2%B4%C3%AB%C2%9D%C2%BC%C3%AB%C2%B0%C2%98&select=id&sent_at=gt.2026-02-22T21%3A10%3A29.405660'), (b'Content-Profile', b'public'), (b'Access-Control-Allow-Origin', b'*'), (b'X-Kong-Upstream-Latency', b'1'), (b'X-Kong-Proxy-Latency', b'0'), (b'Via', b'kong/2.8.1')])
2026-02-23 21:10:29,408 - httpx - INFO - HTTP Request: GET http://127.0.0.1:54321/rest/v1/notification_history?select=id&identifier=eq.20260313_%ED%83%9C%EC%95%88%ED%95%B4%EC%95%88_%EC%B9%B4%EB%9D%BC%EB%B0%98&sent_at=gt.2026-02-22T21%3A10%3A29.405660 "HTTP/1.1 200 OK"
2026-02-23 21:10:29,408 - httpcore.http11 - DEBUG - receive_response_body.started request=<Request [b'GET']>
2026-02-23 21:10:29,408 - httpcore.http11 - DEBUG - receive_response_body.complete
2026-02-23 21:10:29,408 - httpcore.http11 - DEBUG - response_closed.started
2026-02-23 21:10:29,408 - httpcore.http11 - DEBUG - response_closed.complete
2026-02-23 21:10:29,409 - httpcore.http11 - DEBUG - send_request_headers.started request=<Request [b'GET']>
2026-02-23 21:10:29,409 - httpcore.http11 - DEBUG - send_request_headers.complete
2026-02-23 21:10:29,409 - httpcore.http11 - DEBUG - send_request_body.started request=<Request [b'GET']>
2026-02-23 21:10:29,409 - httpcore.http11 - DEBUG - send_request_body.complete
2026-02-23 21:10:29,409 - httpcore.http11 - DEBUG - receive_response_headers.started request=<Request [b'GET']>
2026-02-23 21:10:29,412 - httpcore.http11 - DEBUG - receive_response_headers.complete return_value=(b'HTTP/1.1', 200, b'OK', [(b'Content-Type', b'application/json; charset=utf-8'), (b'Content-Length', b'2'), (b'Connection', b'keep-alive'), (b'Date', b'Mon, 23 Feb 2026 12:10:29 GMT'), (b'Server', b'postgrest/14.5'), (b'Content-Range', b'*/*'), (b'Content-Location', b'/notification_history?identifier=eq.20260315_%C3%AA%C2%B0%C2%80%C3%AC%C2%95%C2%BC%C3%AC%C2%82%C2%B0_%C3%AC%C2%B9%C2%B4%C3%AB%C2%9D%C2%BC%C3%AB%C2%B0%C2%98&select=id&sent_at=gt.2026-02-22T21%3A10%3A29.408977'), (b'Content-Profile', b'public'), (b'Access-Control-Allow-Origin', b'*'), (b'X-Kong-Upstream-Latency', b'1'), (b'X-Kong-Proxy-Latency', b'0'), (b'Via', b'kong/2.8.1')])
2026-02-23 21:10:29,413 - httpx - INFO - HTTP Request: GET http://127.0.0.1:54321/rest/v1/notification_history?select=id&identifier=eq.20260315_%EA%B0%80%EC%95%BC%EC%82%B0_%EC%B9%B4%EB%9D%BC%EB%B0%98&sent_at=gt.2026-02-22T21%3A10%3A29.408977 "HTTP/1.1 200 OK"
2026-02-23 21:10:29,413 - httpcore.http11 - DEBUG - receive_response_body.started request=<Request [b'GET']>
2026-02-23 21:10:29,413 - httpcore.http11 - DEBUG - receive_response_body.complete
2026-02-23 21:10:29,413 - httpcore.http11 - DEBUG - response_closed.started
2026-02-23 21:10:29,413 - httpcore.http11 - DEBUG - response_closed.complete
2026-02-23 21:10:29,413 - httpcore.http11 - DEBUG - send_request_headers.started request=<Request [b'GET']>
2026-02-23 21:10:29,413 - httpcore.http11 - DEBUG - send_request_headers.complete
2026-02-23 21:10:29,414 - httpcore.http11 - DEBUG - send_request_body.started request=<Request [b'GET']>
2026-02-23 21:10:29,414 - httpcore.http11 - DEBUG - send_request_body.complete
2026-02-23 21:10:29,414 - httpcore.http11 - DEBUG - receive_response_headers.started request=<Request [b'GET']>
2026-02-23 21:10:29,415 - httpcore.http11 - DEBUG - receive_response_headers.complete return_value=(b'HTTP/1.1', 200, b'OK', [(b'Content-Type', b'application/json; charset=utf-8'), (b'Content-Length', b'2'), (b'Connection', b'keep-alive'), (b'Date', b'Mon, 23 Feb 2026 12:10:29 GMT'), (b'Server', b'postgrest/14.5'), (b'Content-Range', b'*/*'), (b'Content-Location', b'/notification_history?identifier=eq.20260315_%C3%AB%C2%8D%C2%95%C3%AC%C2%9C%C2%A0%C3%AC%C2%82%C2%B0_%C3%AC%C2%B9%C2%B4%C3%AB%C2%9D%C2%BC%C3%AB%C2%B0%C2%98&select=id&sent_at=gt.2026-02-22T21%3A10%3A29.413449'), (b'Content-Profile', b'public'), (b'Access-Control-Allow-Origin', b'*'), (b'X-Kong-Upstream-Latency', b'1'), (b'X-Kong-Proxy-Latency', b'0'), (b'Via', b'kong/2.8.1')])
2026-02-23 21:10:29,415 - httpx - INFO - HTTP Request: GET http://127.0.0.1:54321/rest/v1/notification_history?select=id&identifier=eq.20260315_%EB%8D%95%EC%9C%A0%EC%82%B0_%EC%B9%B4%EB%9D%BC%EB%B0%98&sent_at=gt.2026-02-22T21%3A10%3A29.413449 "HTTP/1.1 200 OK"
2026-02-23 21:10:29,415 - httpcore.http11 - DEBUG - receive_response_body.started request=<Request [b'GET']>
2026-02-23 21:10:29,416 - httpcore.http11 - DEBUG - receive_response_body.complete
2026-02-23 21:10:29,416 - httpcore.http11 - DEBUG - response_closed.started
2026-02-23 21:10:29,416 - httpcore.http11 - DEBUG - response_closed.complete
2026-02-23 21:10:29,416 - httpcore.http11 - DEBUG - send_request_headers.started request=<Request [b'GET']>
2026-02-23 21:10:29,416 - httpcore.http11 - DEBUG - send_request_headers.complete
2026-02-23 21:10:29,416 - httpcore.http11 - DEBUG - send_request_body.started request=<Request [b'GET']>
2026-02-23 21:10:29,416 - httpcore.http11 - DEBUG - send_request_body.complete
2026-02-23 21:10:29,416 - httpcore.http11 - DEBUG - receive_response_headers.started request=<Request [b'GET']>
2026-02-23 21:10:29,418 - httpcore.http11 - DEBUG - receive_response_headers.complete return_value=(b'HTTP/1.1', 200, b'OK', [(b'Content-Type', b'application/json; charset=utf-8'), (b'Content-Length', b'2'), (b'Connection', b'keep-alive'), (b'Date', b'Mon, 23 Feb 2026 12:10:29 GMT'), (b'Server', b'postgrest/14.5'), (b'Content-Range', b'*/*'), (b'Content-Location', b'/notification_history?identifier=eq.20260315_%C3%AC%C2%9B%C2%94%C3%AC%C2%B6%C2%9C%C3%AC%C2%82%C2%B0_%C3%AC%C2%B9%C2%B4%C3%AB%C2%9D%C2%BC%C3%AB%C2%B0%C2%98&select=id&sent_at=gt.2026-02-22T21%3A10%3A29.416276'), (b'Content-Profile', b'public'), (b'Access-Control-Allow-Origin', b'*'), (b'X-Kong-Upstream-Latency', b'1'), (b'X-Kong-Proxy-Latency', b'0'), (b'Via', b'kong/2.8.1')])
2026-02-23 21:10:29,418 - httpx - INFO - HTTP Request: GET http://127.0.0.1:54321/rest/v1/notification_history?select=id&identifier=eq.20260315_%EC%9B%94%EC%B6%9C%EC%82%B0_%EC%B9%B4%EB%9D%BC%EB%B0%98&sent_at=gt.2026-02-22T21%3A10%3A29.416276 "HTTP/1.1 200 OK"
2026-02-23 21:10:29,418 - httpcore.http11 - DEBUG - receive_response_body.started request=<Request [b'GET']>
2026-02-23 21:10:29,418 - httpcore.http11 - DEBUG - receive_response_body.complete
2026-02-23 21:10:29,418 - httpcore.http11 - DEBUG - response_closed.started
2026-02-23 21:10:29,418 - httpcore.http11 - DEBUG - response_closed.complete
2026-02-23 21:10:29,419 - httpcore.http11 - DEBUG - send_request_headers.started request=<Request [b'GET']>
2026-02-23 21:10:29,419 - httpcore.http11 - DEBUG - send_request_headers.complete
2026-02-23 21:10:29,419 - httpcore.http11 - DEBUG - send_request_body.started request=<Request [b'GET']>
2026-02-23 21:10:29,419 - httpcore.http11 - DEBUG - send_request_body.complete
2026-02-23 21:10:29,419 - httpcore.http11 - DEBUG - receive_response_headers.started request=<Request [b'GET']>
2026-02-23 21:10:29,421 - httpcore.http11 - DEBUG - receive_response_headers.complete return_value=(b'HTTP/1.1', 200, b'OK', [(b'Content-Type', b'application/json; charset=utf-8'), (b'Content-Length', b'2'), (b'Connection', b'keep-alive'), (b'Date', b'Mon, 23 Feb 2026 12:10:29 GMT'), (b'Server', b'postgrest/14.5'), (b'Content-Range', b'*/*'), (b'Content-Location', b'/notification_history?identifier=eq.20260315_%C3%AC%C2%B9%C2%98%C3%AC%C2%95%C2%85%C3%AC%C2%82%C2%B0_%C3%AC%C2%B9%C2%B4%C3%AB%C2%9D%C2%BC%C3%AB%C2%B0%C2%98&select=id&sent_at=gt.2026-02-22T21%3A10%3A29.418960'), (b'Content-Profile', b'public'), (b'Access-Control-Allow-Origin', b'*'), (b'X-Kong-Upstream-Latency', b'1'), (b'X-Kong-Proxy-Latency', b'0'), (b'Via', b'kong/2.8.1')])
2026-02-23 21:10:29,421 - httpx - INFO - HTTP Request: GET http://127.0.0.1:54321/rest/v1/notification_history?select=id&identifier=eq.20260315_%EC%B9%98%EC%95%85%EC%82%B0_%EC%B9%B4%EB%9D%BC%EB%B0%98&sent_at=gt.2026-02-22T21%3A10%3A29.418960 "HTTP/1.1 200 OK"
2026-02-23 21:10:29,421 - httpcore.http11 - DEBUG - receive_response_body.started request=<Request [b'GET']>
2026-02-23 21:10:29,421 - httpcore.http11 - DEBUG - receive_response_body.complete
2026-02-23 21:10:29,421 - httpcore.http11 - DEBUG - response_closed.started
2026-02-23 21:10:29,421 - httpcore.http11 - DEBUG - response_closed.complete
2026-02-23 21:10:29,421 - httpcore.http11 - DEBUG - send_request_headers.started request=<Request [b'GET']>
2026-02-23 21:10:29,422 - httpcore.http11 - DEBUG - send_request_headers.complete
2026-02-23 21:10:29,422 - httpcore.http11 - DEBUG - send_request_body.started request=<Request [b'GET']>
2026-02-23 21:10:29,422 - httpcore.http11 - DEBUG - send_request_body.complete
2026-02-23 21:10:29,422 - httpcore.http11 - DEBUG - receive_response_headers.started request=<Request [b'GET']>
2026-02-23 21:10:29,423 - httpcore.http11 - DEBUG - receive_response_headers.complete return_value=(b'HTTP/1.1', 200, b'OK', [(b'Content-Type', b'application/json; charset=utf-8'), (b'Content-Length', b'2'), (b'Connection', b'keep-alive'), (b'Date', b'Mon, 23 Feb 2026 12:10:29 GMT'), (b'Server', b'postgrest/14.5'), (b'Content-Range', b'*/*'), (b'Content-Location', b'/notification_history?identifier=eq.20260315_%C3%AD%C2%83%C2%9C%C3%AC%C2%95%C2%88%C3%AD%C2%95%C2%B4%C3%AC%C2%95%C2%88_%C3%AC%C2%B9%C2%B4%C3%AB%C2%9D%C2%BC%C3%AB%C2%B0%C2%98&select=id&sent_at=gt.2026-02-22T21%3A10%3A29.421641'), (b'Content-Profile', b'public'), (b'Access-Control-Allow-Origin', b'*'), (b'X-Kong-Upstream-Latency', b'1'), (b'X-Kong-Proxy-Latency', b'0'), (b'Via', b'kong/2.8.1')])
2026-02-23 21:10:29,424 - httpx - INFO - HTTP Request: GET http://127.0.0.1:54321/rest/v1/notification_history?select=id&identifier=eq.20260315_%ED%83%9C%EC%95%88%ED%95%B4%EC%95%88_%EC%B9%B4%EB%9D%BC%EB%B0%98&sent_at=gt.2026-02-22T21%3A10%3A29.421641 "HTTP/1.1 200 OK"
2026-02-23 21:10:29,424 - httpcore.http11 - DEBUG - receive_response_body.started request=<Request [b'GET']>
2026-02-23 21:10:29,424 - httpcore.http11 - DEBUG - receive_response_body.complete
2026-02-23 21:10:29,424 - httpcore.http11 - DEBUG - response_closed.started
2026-02-23 21:10:29,424 - httpcore.http11 - DEBUG - response_closed.complete
2026-02-23 21:10:29,424 - httpcore.http11 - DEBUG - send_request_headers.started request=<Request [b'GET']>
2026-02-23 21:10:29,424 - httpcore.http11 - DEBUG - send_request_headers.complete
2026-02-23 21:10:29,424 - httpcore.http11 - DEBUG - send_request_body.started request=<Request [b'GET']>
2026-02-23 21:10:29,424 - httpcore.http11 - DEBUG - send_request_body.complete
2026-02-23 21:10:29,424 - httpcore.http11 - DEBUG - receive_response_headers.started request=<Request [b'GET']>
2026-02-23 21:10:29,426 - httpcore.http11 - DEBUG - receive_response_headers.complete return_value=(b'HTTP/1.1', 200, b'OK', [(b'Content-Type', b'application/json; charset=utf-8'), (b'Content-Length', b'2'), (b'Connection', b'keep-alive'), (b'Date', b'Mon, 23 Feb 2026 12:10:29 GMT'), (b'Server', b'postgrest/14.5'), (b'Content-Range', b'*/*'), (b'Content-Location', b'/notification_history?identifier=eq.20260316_%C3%AA%C2%B0%C2%80%C3%AC%C2%95%C2%BC%C3%AC%C2%82%C2%B0_%C3%AC%C2%B9%C2%B4%C3%AB%C2%9D%C2%BC%C3%AB%C2%B0%C2%98&select=id&sent_at=gt.2026-02-22T21%3A10%3A29.424305'), (b'Content-Profile', b'public'), (b'Access-Control-Allow-Origin', b'*'), (b'X-Kong-Upstream-Latency', b'1'), (b'X-Kong-Proxy-Latency', b'0'), (b'Via', b'kong/2.8.1')])
2026-02-23 21:10:29,426 - httpx - INFO - HTTP Request: GET http://127.0.0.1:54321/rest/v1/notification_history?select=id&identifier=eq.20260316_%EA%B0%80%EC%95%BC%EC%82%B0_%EC%B9%B4%EB%9D%BC%EB%B0%98&sent_at=gt.2026-02-22T21%3A10%3A29.424305 "HTTP/1.1 200 OK"
2026-02-23 21:10:29,426 - httpcore.http11 - DEBUG - receive_response_body.started request=<Request [b'GET']>
2026-02-23 21:10:29,426 - httpcore.http11 - DEBUG - receive_response_body.complete
2026-02-23 21:10:29,426 - httpcore.http11 - DEBUG - response_closed.started
2026-02-23 21:10:29,426 - httpcore.http11 - DEBUG - response_closed.complete
2026-02-23 21:10:29,427 - httpcore.http11 - DEBUG - send_request_headers.started request=<Request [b'GET']>
2026-02-23 21:10:29,427 - httpcore.http11 - DEBUG - send_request_headers.complete
2026-02-23 21:10:29,427 - httpcore.http11 - DEBUG - send_request_body.started request=<Request [b'GET']>
2026-02-23 21:10:29,427 - httpcore.http11 - DEBUG - send_request_body.complete
2026-02-23 21:10:29,427 - httpcore.http11 - DEBUG - receive_response_headers.started request=<Request [b'GET']>
2026-02-23 21:10:29,429 - httpcore.http11 - DEBUG - receive_response_headers.complete return_value=(b'HTTP/1.1', 200, b'OK', [(b'Content-Type', b'application/json; charset=utf-8'), (b'Content-Length', b'2'), (b'Connection', b'keep-alive'), (b'Date', b'Mon, 23 Feb 2026 12:10:29 GMT'), (b'Server', b'postgrest/14.5'), (b'Content-Range', b'*/*'), (b'Content-Location', b'/notification_history?identifier=eq.20260316_%C3%AB%C2%8D%C2%95%C3%AC%C2%9C%C2%A0%C3%AC%C2%82%C2%B0_%C3%AC%C2%B9%C2%B4%C3%AB%C2%9D%C2%BC%C3%AB%C2%B0%C2%98&select=id&sent_at=gt.2026-02-22T21%3A10%3A29.426962'), (b'Content-Profile', b'public'), (b'Access-Control-Allow-Origin', b'*'), (b'X-Kong-Upstream-Latency', b'1'), (b'X-Kong-Proxy-Latency', b'0'), (b'Via', b'kong/2.8.1')])
2026-02-23 21:10:29,429 - httpx - INFO - HTTP Request: GET http://127.0.0.1:54321/rest/v1/notification_history?select=id&identifier=eq.20260316_%EB%8D%95%EC%9C%A0%EC%82%B0_%EC%B9%B4%EB%9D%BC%EB%B0%98&sent_at=gt.2026-02-22T21%3A10%3A29.426962 "HTTP/1.1 200 OK"
2026-02-23 21:10:29,429 - httpcore.http11 - DEBUG - receive_response_body.started request=<Request [b'GET']>
2026-02-23 21:10:29,429 - httpcore.http11 - DEBUG - receive_response_body.complete
2026-02-23 21:10:29,429 - httpcore.http11 - DEBUG - response_closed.started
2026-02-23 21:10:29,429 - httpcore.http11 - DEBUG - response_closed.complete
2026-02-23 21:10:29,430 - httpcore.http11 - DEBUG - send_request_headers.started request=<Request [b'GET']>
2026-02-23 21:10:29,430 - httpcore.http11 - DEBUG - send_request_headers.complete
2026-02-23 21:10:29,430 - httpcore.http11 - DEBUG - send_request_body.started request=<Request [b'GET']>
2026-02-23 21:10:29,430 - httpcore.http11 - DEBUG - send_request_body.complete
2026-02-23 21:10:29,430 - httpcore.http11 - DEBUG - receive_response_headers.started request=<Request [b'GET']>
2026-02-23 21:10:29,432 - httpcore.http11 - DEBUG - receive_response_headers.complete return_value=(b'HTTP/1.1', 200, b'OK', [(b'Content-Type', b'application/json; charset=utf-8'), (b'Content-Length', b'2'), (b'Connection', b'keep-alive'), (b'Date', b'Mon, 23 Feb 2026 12:10:29 GMT'), (b'Server', b'postgrest/14.5'), (b'Content-Range', b'*/*'), (b'Content-Location', b'/notification_history?identifier=eq.20260316_%C3%AC%C2%9B%C2%94%C3%AC%C2%B6%C2%9C%C3%AC%C2%82%C2%B0_%C3%AC%C2%B9%C2%B4%C3%AB%C2%9D%C2%BC%C3%AB%C2%B0%C2%98&select=id&sent_at=gt.2026-02-22T21%3A10%3A29.429697'), (b'Content-Profile', b'public'), (b'Access-Control-Allow-Origin', b'*'), (b'X-Kong-Upstream-Latency', b'1'), (b'X-Kong-Proxy-Latency', b'0'), (b'Via', b'kong/2.8.1')])
2026-02-23 21:10:29,432 - httpx - INFO - HTTP Request: GET http://127.0.0.1:54321/rest/v1/notification_history?select=id&identifier=eq.20260316_%EC%9B%94%EC%B6%9C%EC%82%B0_%EC%B9%B4%EB%9D%BC%EB%B0%98&sent_at=gt.2026-02-22T21%3A10%3A29.429697 "HTTP/1.1 200 OK"
2026-02-23 21:10:29,432 - httpcore.http11 - DEBUG - receive_response_body.started request=<Request [b'GET']>
2026-02-23 21:10:29,432 - httpcore.http11 - DEBUG - receive_response_body.complete
2026-02-23 21:10:29,432 - httpcore.http11 - DEBUG - response_closed.started
2026-02-23 21:10:29,432 - httpcore.http11 - DEBUG - response_closed.complete
2026-02-23 21:10:29,433 - httpcore.http11 - DEBUG - send_request_headers.started request=<Request [b'GET']>
2026-02-23 21:10:29,433 - httpcore.http11 - DEBUG - send_request_headers.complete
2026-02-23 21:10:29,433 - httpcore.http11 - DEBUG - send_request_body.started request=<Request [b'GET']>
2026-02-23 21:10:29,433 - httpcore.http11 - DEBUG - send_request_body.complete
2026-02-23 21:10:29,433 - httpcore.http11 - DEBUG - receive_response_headers.started request=<Request [b'GET']>
2026-02-23 21:10:29,435 - httpcore.http11 - DEBUG - receive_response_headers.complete return_value=(b'HTTP/1.1', 200, b'OK', [(b'Content-Type', b'application/json; charset=utf-8'), (b'Content-Length', b'2'), (b'Connection', b'keep-alive'), (b'Date', b'Mon, 23 Feb 2026 12:10:29 GMT'), (b'Server', b'postgrest/14.5'), (b'Content-Range', b'*/*'), (b'Content-Location', b'/notification_history?identifier=eq.20260316_%C3%AC%C2%B9%C2%98%C3%AC%C2%95%C2%85%C3%AC%C2%82%C2%B0_%C3%AC%C2%B9%C2%B4%C3%AB%C2%9D%C2%BC%C3%AB%C2%B0%C2%98&select=id&sent_at=gt.2026-02-22T21%3A10%3A29.432930'), (b'Content-Profile', b'public'), (b'Access-Control-Allow-Origin', b'*'), (b'X-Kong-Upstream-Latency', b'1'), (b'X-Kong-Proxy-Latency', b'0'), (b'Via', b'kong/2.8.1')])
2026-02-23 21:10:29,435 - httpx - INFO - HTTP Request: GET http://127.0.0.1:54321/rest/v1/notification_history?select=id&identifier=eq.20260316_%EC%B9%98%EC%95%85%EC%82%B0_%EC%B9%B4%EB%9D%BC%EB%B0%98&sent_at=gt.2026-02-22T21%3A10%3A29.432930 "HTTP/1.1 200 OK"
2026-02-23 21:10:29,435 - httpcore.http11 - DEBUG - receive_response_body.started request=<Request [b'GET']>
2026-02-23 21:10:29,435 - httpcore.http11 - DEBUG - receive_response_body.complete
2026-02-23 21:10:29,435 - httpcore.http11 - DEBUG - response_closed.started
2026-02-23 21:10:29,435 - httpcore.http11 - DEBUG - response_closed.complete
2026-02-23 21:10:29,436 - httpcore.http11 - DEBUG - send_request_headers.started request=<Request [b'GET']>
2026-02-23 21:10:29,436 - httpcore.http11 - DEBUG - send_request_headers.complete
2026-02-23 21:10:29,436 - httpcore.http11 - DEBUG - send_request_body.started request=<Request [b'GET']>
2026-02-23 21:10:29,436 - httpcore.http11 - DEBUG - send_request_body.complete
2026-02-23 21:10:29,436 - httpcore.http11 - DEBUG - receive_response_headers.started request=<Request [b'GET']>
2026-02-23 21:10:29,438 - httpcore.http11 - DEBUG - receive_response_headers.complete return_value=(b'HTTP/1.1', 200, b'OK', [(b'Content-Type', b'application/json; charset=utf-8'), (b'Content-Length', b'2'), (b'Connection', b'keep-alive'), (b'Date', b'Mon, 23 Feb 2026 12:10:29 GMT'), (b'Server', b'postgrest/14.5'), (b'Content-Range', b'*/*'), (b'Content-Location', b'/notification_history?identifier=eq.20260316_%C3%AD%C2%83%C2%9C%C3%AC%C2%95%C2%88%C3%AD%C2%95%C2%B4%C3%AC%C2%95%C2%88_%C3%AC%C2%B9%C2%B4%C3%AB%C2%9D%C2%BC%C3%AB%C2%B0%C2%98&select=id&sent_at=gt.2026-02-22T21%3A10%3A29.435796'), (b'Content-Profile', b'public'), (b'Access-Control-Allow-Origin', b'*'), (b'X-Kong-Upstream-Latency', b'1'), (b'X-Kong-Proxy-Latency', b'0'), (b'Via', b'kong/2.8.1')])
2026-02-23 21:10:29,438 - httpx - INFO - HTTP Request: GET http://127.0.0.1:54321/rest/v1/notification_history?select=id&identifier=eq.20260316_%ED%83%9C%EC%95%88%ED%95%B4%EC%95%88_%EC%B9%B4%EB%9D%BC%EB%B0%98&sent_at=gt.2026-02-22T21%3A10%3A29.435796 "HTTP/1.1 200 OK"
2026-02-23 21:10:29,438 - httpcore.http11 - DEBUG - receive_response_body.started request=<Request [b'GET']>
2026-02-23 21:10:29,438 - httpcore.http11 - DEBUG - receive_response_body.complete
2026-02-23 21:10:29,438 - httpcore.http11 - DEBUG - response_closed.started
2026-02-23 21:10:29,438 - httpcore.http11 - DEBUG - response_closed.complete
2026-02-23 21:10:29,439 - httpcore.http11 - DEBUG - send_request_headers.started request=<Request [b'GET']>
2026-02-23 21:10:29,439 - httpcore.http11 - DEBUG - send_request_headers.complete
2026-02-23 21:10:29,439 - httpcore.http11 - DEBUG - send_request_body.started request=<Request [b'GET']>
2026-02-23 21:10:29,439 - httpcore.http11 - DEBUG - send_request_body.complete
2026-02-23 21:10:29,439 - httpcore.http11 - DEBUG - receive_response_headers.started request=<Request [b'GET']>
2026-02-23 21:10:29,441 - httpcore.http11 - DEBUG - receive_response_headers.complete return_value=(b'HTTP/1.1', 200, b'OK', [(b'Content-Type', b'application/json; charset=utf-8'), (b'Content-Length', b'2'), (b'Connection', b'keep-alive'), (b'Date', b'Mon, 23 Feb 2026 12:10:29 GMT'), (b'Server', b'postgrest/14.5'), (b'Content-Range', b'*/*'), (b'Content-Location', b'/notification_history?identifier=eq.20260317_%C3%AA%C2%B0%C2%80%C3%AC%C2%95%C2%BC%C3%AC%C2%82%C2%B0_%C3%AC%C2%B9%C2%B4%C3%AB%C2%9D%C2%BC%C3%AB%C2%B0%C2%98&select=id&sent_at=gt.2026-02-22T21%3A10%3A29.438730'), (b'Content-Profile', b'public'), (b'Access-Control-Allow-Origin', b'*'), (b'X-Kong-Upstream-Latency', b'1'), (b'X-Kong-Proxy-Latency', b'0'), (b'Via', b'kong/2.8.1')])
2026-02-23 21:10:29,441 - httpx - INFO - HTTP Request: GET http://127.0.0.1:54321/rest/v1/notification_history?select=id&identifier=eq.20260317_%EA%B0%80%EC%95%BC%EC%82%B0_%EC%B9%B4%EB%9D%BC%EB%B0%98&sent_at=gt.2026-02-22T21%3A10%3A29.438730 "HTTP/1.1 200 OK"
2026-02-23 21:10:29,441 - httpcore.http11 - DEBUG - receive_response_body.started request=<Request [b'GET']>
2026-02-23 21:10:29,441 - httpcore.http11 - DEBUG - receive_response_body.complete
2026-02-23 21:10:29,441 - httpcore.http11 - DEBUG - response_closed.started
2026-02-23 21:10:29,441 - httpcore.http11 - DEBUG - response_closed.complete
2026-02-23 21:10:29,441 - httpcore.http11 - DEBUG - send_request_headers.started request=<Request [b'GET']>
2026-02-23 21:10:29,442 - httpcore.http11 - DEBUG - send_request_headers.complete
2026-02-23 21:10:29,442 - httpcore.http11 - DEBUG - send_request_body.started request=<Request [b'GET']>
2026-02-23 21:10:29,442 - httpcore.http11 - DEBUG - send_request_body.complete
2026-02-23 21:10:29,442 - httpcore.http11 - DEBUG - receive_response_headers.started request=<Request [b'GET']>
2026-02-23 21:10:29,444 - httpcore.http11 - DEBUG - receive_response_headers.complete return_value=(b'HTTP/1.1', 200, b'OK', [(b'Content-Type', b'application/json; charset=utf-8'), (b'Content-Length', b'2'), (b'Connection', b'keep-alive'), (b'Date', b'Mon, 23 Feb 2026 12:10:29 GMT'), (b'Server', b'postgrest/14.5'), (b'Content-Range', b'*/*'), (b'Content-Location', b'/notification_history?identifier=eq.20260317_%C3%AB%C2%8D%C2%95%C3%AC%C2%9C%C2%A0%C3%AC%C2%82%C2%B0_%C3%AC%C2%B9%C2%B4%C3%AB%C2%9D%C2%BC%C3%AB%C2%B0%C2%98&select=id&sent_at=gt.2026-02-22T21%3A10%3A29.441686'), (b'Content-Profile', b'public'), (b'Access-Control-Allow-Origin', b'*'), (b'X-Kong-Upstream-Latency', b'2'), (b'X-Kong-Proxy-Latency', b'0'), (b'Via', b'kong/2.8.1')])
2026-02-23 21:10:29,444 - httpx - INFO - HTTP Request: GET http://127.0.0.1:54321/rest/v1/notification_history?select=id&identifier=eq.20260317_%EB%8D%95%EC%9C%A0%EC%82%B0_%EC%B9%B4%EB%9D%BC%EB%B0%98&sent_at=gt.2026-02-22T21%3A10%3A29.441686 "HTTP/1.1 200 OK"
2026-02-23 21:10:29,444 - httpcore.http11 - DEBUG - receive_response_body.started request=<Request [b'GET']>
2026-02-23 21:10:29,444 - httpcore.http11 - DEBUG - receive_response_body.complete
2026-02-23 21:10:29,445 - httpcore.http11 - DEBUG - response_closed.started
2026-02-23 21:10:29,445 - httpcore.http11 - DEBUG - response_closed.complete
2026-02-23 21:10:29,445 - httpcore.http11 - DEBUG - send_request_headers.started request=<Request [b'GET']>
2026-02-23 21:10:29,445 - httpcore.http11 - DEBUG - send_request_headers.complete
2026-02-23 21:10:29,445 - httpcore.http11 - DEBUG - send_request_body.started request=<Request [b'GET']>
2026-02-23 21:10:29,445 - httpcore.http11 - DEBUG - send_request_body.complete
2026-02-23 21:10:29,445 - httpcore.http11 - DEBUG - receive_response_headers.started request=<Request [b'GET']>
2026-02-23 21:10:29,447 - httpcore.http11 - DEBUG - receive_response_headers.complete return_value=(b'HTTP/1.1', 200, b'OK', [(b'Content-Type', b'application/json; charset=utf-8'), (b'Content-Length', b'2'), (b'Connection', b'keep-alive'), (b'Date', b'Mon, 23 Feb 2026 12:10:29 GMT'), (b'Server', b'postgrest/14.5'), (b'Content-Range', b'*/*'), (b'Content-Location', b'/notification_history?identifier=eq.20260317_%C3%AC%C2%B9%C2%98%C3%AC%C2%95%C2%85%C3%AC%C2%82%C2%B0_%C3%AC%C2%B9%C2%B4%C3%AB%C2%9D%C2%BC%C3%AB%C2%B0%C2%98&select=id&sent_at=gt.2026-02-22T21%3A10%3A29.445103'), (b'Content-Profile', b'public'), (b'Access-Control-Allow-Origin', b'*'), (b'X-Kong-Upstream-Latency', b'1'), (b'X-Kong-Proxy-Latency', b'0'), (b'Via', b'kong/2.8.1')])
2026-02-23 21:10:29,447 - httpx - INFO - HTTP Request: GET http://127.0.0.1:54321/rest/v1/notification_history?select=id&identifier=eq.20260317_%EC%B9%98%EC%95%85%EC%82%B0_%EC%B9%B4%EB%9D%BC%EB%B0%98&sent_at=gt.2026-02-22T21%3A10%3A29.445103 "HTTP/1.1 200 OK"
2026-02-23 21:10:29,448 - httpcore.http11 - DEBUG - receive_response_body.started request=<Request [b'GET']>
2026-02-23 21:10:29,448 - httpcore.http11 - DEBUG - receive_response_body.complete
2026-02-23 21:10:29,448 - httpcore.http11 - DEBUG - response_closed.started
2026-02-23 21:10:29,448 - httpcore.http11 - DEBUG - response_closed.complete
2026-02-23 21:10:29,448 - httpcore.http11 - DEBUG - send_request_headers.started request=<Request [b'GET']>
2026-02-23 21:10:29,448 - httpcore.http11 - DEBUG - send_request_headers.complete
2026-02-23 21:10:29,448 - httpcore.http11 - DEBUG - send_request_body.started request=<Request [b'GET']>
2026-02-23 21:10:29,448 - httpcore.http11 - DEBUG - send_request_body.complete
2026-02-23 21:10:29,449 - httpcore.http11 - DEBUG - receive_response_headers.started request=<Request [b'GET']>
2026-02-23 21:10:29,450 - httpcore.http11 - DEBUG - receive_response_headers.complete return_value=(b'HTTP/1.1', 200, b'OK', [(b'Content-Type', b'application/json; charset=utf-8'), (b'Content-Length', b'2'), (b'Connection', b'keep-alive'), (b'Date', b'Mon, 23 Feb 2026 12:10:29 GMT'), (b'Server', b'postgrest/14.5'), (b'Content-Range', b'*/*'), (b'Content-Location', b'/notification_history?identifier=eq.20260317_%C3%AD%C2%83%C2%9C%C3%AC%C2%95%C2%88%C3%AD%C2%95%C2%B4%C3%AC%C2%95%C2%88_%C3%AC%C2%B9%C2%B4%C3%AB%C2%9D%C2%BC%C3%AB%C2%B0%C2%98&select=id&sent_at=gt.2026-02-22T21%3A10%3A29.448301'), (b'Content-Profile', b'public'), (b'Access-Control-Allow-Origin', b'*'), (b'X-Kong-Upstream-Latency', b'1'), (b'X-Kong-Proxy-Latency', b'0'), (b'Via', b'kong/2.8.1')])
2026-02-23 21:10:29,450 - httpx - INFO - HTTP Request: GET http://127.0.0.1:54321/rest/v1/notification_history?select=id&identifier=eq.20260317_%ED%83%9C%EC%95%88%ED%95%B4%EC%95%88_%EC%B9%B4%EB%9D%BC%EB%B0%98&sent_at=gt.2026-02-22T21%3A10%3A29.448301 "HTTP/1.1 200 OK"
2026-02-23 21:10:29,450 - httpcore.http11 - DEBUG - receive_response_body.started request=<Request [b'GET']>
2026-02-23 21:10:29,450 - httpcore.http11 - DEBUG - receive_response_body.complete
2026-02-23 21:10:29,450 - httpcore.http11 - DEBUG - response_closed.started
2026-02-23 21:10:29,450 - httpcore.http11 - DEBUG - response_closed.complete
2026-02-23 21:10:29,451 - httpcore.http11 - DEBUG - send_request_headers.started request=<Request [b'GET']>
2026-02-23 21:10:29,451 - httpcore.http11 - DEBUG - send_request_headers.complete
2026-02-23 21:10:29,451 - httpcore.http11 - DEBUG - send_request_body.started request=<Request [b'GET']>
2026-02-23 21:10:29,451 - httpcore.http11 - DEBUG - send_request_body.complete
2026-02-23 21:10:29,451 - httpcore.http11 - DEBUG - receive_response_headers.started request=<Request [b'GET']>
2026-02-23 21:10:29,453 - httpcore.http11 - DEBUG - receive_response_headers.complete return_value=(b'HTTP/1.1', 200, b'OK', [(b'Content-Type', b'application/json; charset=utf-8'), (b'Content-Length', b'2'), (b'Connection', b'keep-alive'), (b'Date', b'Mon, 23 Feb 2026 12:10:29 GMT'), (b'Server', b'postgrest/14.5'), (b'Content-Range', b'*/*'), (b'Content-Location', b'/notification_history?identifier=eq.20260319_%C3%AA%C2%B0%C2%80%C3%AC%C2%95%C2%BC%C3%AC%C2%82%C2%B0_%C3%AC%C2%B9%C2%B4%C3%AB%C2%9D%C2%BC%C3%AB%C2%B0%C2%98&select=id&sent_at=gt.2026-02-22T21%3A10%3A29.451007'), (b'Content-Profile', b'public'), (b'Access-Control-Allow-Origin', b'*'), (b'X-Kong-Upstream-Latency', b'1'), (b'X-Kong-Proxy-Latency', b'0'), (b'Via', b'kong/2.8.1')])
2026-02-23 21:10:29,453 - httpx - INFO - HTTP Request: GET http://127.0.0.1:54321/rest/v1/notification_history?select=id&identifier=eq.20260319_%EA%B0%80%EC%95%BC%EC%82%B0_%EC%B9%B4%EB%9D%BC%EB%B0%98&sent_at=gt.2026-02-22T21%3A10%3A29.451007 "HTTP/1.1 200 OK"
2026-02-23 21:10:29,453 - httpcore.http11 - DEBUG - receive_response_body.started request=<Request [b'GET']>
2026-02-23 21:10:29,453 - httpcore.http11 - DEBUG - receive_response_body.complete
2026-02-23 21:10:29,454 - httpcore.http11 - DEBUG - response_closed.started
2026-02-23 21:10:29,454 - httpcore.http11 - DEBUG - response_closed.complete
2026-02-23 21:10:29,454 - httpcore.http11 - DEBUG - send_request_headers.started request=<Request [b'GET']>
2026-02-23 21:10:29,454 - httpcore.http11 - DEBUG - send_request_headers.complete
2026-02-23 21:10:29,454 - httpcore.http11 - DEBUG - send_request_body.started request=<Request [b'GET']>
2026-02-23 21:10:29,454 - httpcore.http11 - DEBUG - send_request_body.complete
2026-02-23 21:10:29,454 - httpcore.http11 - DEBUG - receive_response_headers.started request=<Request [b'GET']>
2026-02-23 21:10:29,457 - httpcore.http11 - DEBUG - receive_response_headers.complete return_value=(b'HTTP/1.1', 200, b'OK', [(b'Content-Type', b'application/json; charset=utf-8'), (b'Content-Length', b'2'), (b'Connection', b'keep-alive'), (b'Date', b'Mon, 23 Feb 2026 12:10:29 GMT'), (b'Server', b'postgrest/14.5'), (b'Content-Range', b'*/*'), (b'Content-Location', b'/notification_history?identifier=eq.20260319_%C3%AB%C2%8D%C2%95%C3%AC%C2%9C%C2%A0%C3%AC%C2%82%C2%B0_%C3%AC%C2%B9%C2%B4%C3%AB%C2%9D%C2%BC%C3%AB%C2%B0%C2%98&select=id&sent_at=gt.2026-02-22T21%3A10%3A29.454088'), (b'Content-Profile', b'public'), (b'Access-Control-Allow-Origin', b'*'), (b'X-Kong-Upstream-Latency', b'1'), (b'X-Kong-Proxy-Latency', b'0'), (b'Via', b'kong/2.8.1')])
2026-02-23 21:10:29,457 - httpx - INFO - HTTP Request: GET http://127.0.0.1:54321/rest/v1/notification_history?select=id&identifier=eq.20260319_%EB%8D%95%EC%9C%A0%EC%82%B0_%EC%B9%B4%EB%9D%BC%EB%B0%98&sent_at=gt.2026-02-22T21%3A10%3A29.454088 "HTTP/1.1 200 OK"
2026-02-23 21:10:29,457 - httpcore.http11 - DEBUG - receive_response_body.started request=<Request [b'GET']>
2026-02-23 21:10:29,457 - httpcore.http11 - DEBUG - receive_response_body.complete
2026-02-23 21:10:29,457 - httpcore.http11 - DEBUG - response_closed.started
2026-02-23 21:10:29,457 - httpcore.http11 - DEBUG - response_closed.complete
2026-02-23 21:10:29,457 - httpcore.http11 - DEBUG - send_request_headers.started request=<Request [b'GET']>
2026-02-23 21:10:29,458 - httpcore.http11 - DEBUG - send_request_headers.complete
2026-02-23 21:10:29,458 - httpcore.http11 - DEBUG - send_request_body.started request=<Request [b'GET']>
2026-02-23 21:10:29,458 - httpcore.http11 - DEBUG - send_request_body.complete
2026-02-23 21:10:29,458 - httpcore.http11 - DEBUG - receive_response_headers.started request=<Request [b'GET']>
2026-02-23 21:10:29,459 - httpcore.http11 - DEBUG - receive_response_headers.complete return_value=(b'HTTP/1.1', 200, b'OK', [(b'Content-Type', b'application/json; charset=utf-8'), (b'Content-Length', b'2'), (b'Connection', b'keep-alive'), (b'Date', b'Mon, 23 Feb 2026 12:10:29 GMT'), (b'Server', b'postgrest/14.5'), (b'Content-Range', b'*/*'), (b'Content-Location', b'/notification_history?identifier=eq.20260319_%C3%AC%C2%9B%C2%94%C3%AC%C2%B6%C2%9C%C3%AC%C2%82%C2%B0_%C3%AC%C2%B9%C2%B4%C3%AB%C2%9D%C2%BC%C3%AB%C2%B0%C2%98&select=id&sent_at=gt.2026-02-22T21%3A10%3A29.457578'), (b'Content-Profile', b'public'), (b'Access-Control-Allow-Origin', b'*'), (b'X-Kong-Upstream-Latency', b'1'), (b'X-Kong-Proxy-Latency', b'0'), (b'Via', b'kong/2.8.1')])
2026-02-23 21:10:29,459 - httpx - INFO - HTTP Request: GET http://127.0.0.1:54321/rest/v1/notification_history?select=id&identifier=eq.20260319_%EC%9B%94%EC%B6%9C%EC%82%B0_%EC%B9%B4%EB%9D%BC%EB%B0%98&sent_at=gt.2026-02-22T21%3A10%3A29.457578 "HTTP/1.1 200 OK"
2026-02-23 21:10:29,460 - httpcore.http11 - DEBUG - receive_response_body.started request=<Request [b'GET']>
2026-02-23 21:10:29,460 - httpcore.http11 - DEBUG - receive_response_body.complete
2026-02-23 21:10:29,460 - httpcore.http11 - DEBUG - response_closed.started
2026-02-23 21:10:29,460 - httpcore.http11 - DEBUG - response_closed.complete
2026-02-23 21:10:29,460 - httpcore.http11 - DEBUG - send_request_headers.started request=<Request [b'GET']>
2026-02-23 21:10:29,460 - httpcore.http11 - DEBUG - send_request_headers.complete
2026-02-23 21:10:29,460 - httpcore.http11 - DEBUG - send_request_body.started request=<Request [b'GET']>
2026-02-23 21:10:29,460 - httpcore.http11 - DEBUG - send_request_body.complete
2026-02-23 21:10:29,461 - httpcore.http11 - DEBUG - receive_response_headers.started request=<Request [b'GET']>
2026-02-23 21:10:29,462 - httpcore.http11 - DEBUG - receive_response_headers.complete return_value=(b'HTTP/1.1', 200, b'OK', [(b'Content-Type', b'application/json; charset=utf-8'), (b'Content-Length', b'2'), (b'Connection', b'keep-alive'), (b'Date', b'Mon, 23 Feb 2026 12:10:29 GMT'), (b'Server', b'postgrest/14.5'), (b'Content-Range', b'*/*'), (b'Content-Location', b'/notification_history?identifier=eq.20260319_%C3%AC%C2%B9%C2%98%C3%AC%C2%95%C2%85%C3%AC%C2%82%C2%B0_%C3%AC%C2%B9%C2%B4%C3%AB%C2%9D%C2%BC%C3%AB%C2%B0%C2%98&select=id&sent_at=gt.2026-02-22T21%3A10%3A29.460323'), (b'Content-Profile', b'public'), (b'Access-Control-Allow-Origin', b'*'), (b'X-Kong-Upstream-Latency', b'1'), (b'X-Kong-Proxy-Latency', b'0'), (b'Via', b'kong/2.8.1')])
2026-02-23 21:10:29,462 - httpx - INFO - HTTP Request: GET http://127.0.0.1:54321/rest/v1/notification_history?select=id&identifier=eq.20260319_%EC%B9%98%EC%95%85%EC%82%B0_%EC%B9%B4%EB%9D%BC%EB%B0%98&sent_at=gt.2026-02-22T21%3A10%3A29.460323 "HTTP/1.1 200 OK"
2026-02-23 21:10:29,463 - httpcore.http11 - DEBUG - receive_response_body.started request=<Request [b'GET']>
2026-02-23 21:10:29,463 - httpcore.http11 - DEBUG - receive_response_body.complete
2026-02-23 21:10:29,463 - httpcore.http11 - DEBUG - response_closed.started
2026-02-23 21:10:29,463 - httpcore.http11 - DEBUG - response_closed.complete
2026-02-23 21:10:29,463 - httpcore.http11 - DEBUG - send_request_headers.started request=<Request [b'GET']>
2026-02-23 21:10:29,463 - httpcore.http11 - DEBUG - send_request_headers.complete
2026-02-23 21:10:29,463 - httpcore.http11 - DEBUG - send_request_body.started request=<Request [b'GET']>
2026-02-23 21:10:29,463 - httpcore.http11 - DEBUG - send_request_body.complete
2026-02-23 21:10:29,463 - httpcore.http11 - DEBUG - receive_response_headers.started request=<Request [b'GET']>
2026-02-23 21:10:29,465 - httpcore.http11 - DEBUG - receive_response_headers.complete return_value=(b'HTTP/1.1', 200, b'OK', [(b'Content-Type', b'application/json; charset=utf-8'), (b'Content-Length', b'2'), (b'Connection', b'keep-alive'), (b'Date', b'Mon, 23 Feb 2026 12:10:29 GMT'), (b'Server', b'postgrest/14.5'), (b'Content-Range', b'*/*'), (b'Content-Location', b'/notification_history?identifier=eq.20260319_%C3%AD%C2%83%C2%9C%C3%AC%C2%95%C2%88%C3%AD%C2%95%C2%B4%C3%AC%C2%95%C2%88_%C3%AC%C2%B9%C2%B4%C3%AB%C2%9D%C2%BC%C3%AB%C2%B0%C2%98&select=id&sent_at=gt.2026-02-22T21%3A10%3A29.463317'), (b'Content-Profile', b'public'), (b'Access-Control-Allow-Origin', b'*'), (b'X-Kong-Upstream-Latency', b'1'), (b'X-Kong-Proxy-Latency', b'0'), (b'Via', b'kong/2.8.1')])
2026-02-23 21:10:29,466 - httpx - INFO - HTTP Request: GET http://127.0.0.1:54321/rest/v1/notification_history?select=id&identifier=eq.20260319_%ED%83%9C%EC%95%88%ED%95%B4%EC%95%88_%EC%B9%B4%EB%9D%BC%EB%B0%98&sent_at=gt.2026-02-22T21%3A10%3A29.463317 "HTTP/1.1 200 OK"
2026-02-23 21:10:29,466 - httpcore.http11 - DEBUG - receive_response_body.started request=<Request [b'GET']>
2026-02-23 21:10:29,466 - httpcore.http11 - DEBUG - receive_response_body.complete
2026-02-23 21:10:29,466 - httpcore.http11 - DEBUG - response_closed.started
2026-02-23 21:10:29,466 - httpcore.http11 - DEBUG - response_closed.complete
2026-02-23 21:10:29,466 - httpcore.http11 - DEBUG - send_request_headers.started request=<Request [b'GET']>
2026-02-23 21:10:29,466 - httpcore.http11 - DEBUG - send_request_headers.complete
2026-02-23 21:10:29,466 - httpcore.http11 - DEBUG - send_request_body.started request=<Request [b'GET']>
2026-02-23 21:10:29,466 - httpcore.http11 - DEBUG - send_request_body.complete
2026-02-23 21:10:29,466 - httpcore.http11 - DEBUG - receive_response_headers.started request=<Request [b'GET']>
2026-02-23 21:10:29,468 - httpcore.http11 - DEBUG - receive_response_headers.complete return_value=(b'HTTP/1.1', 200, b'OK', [(b'Content-Type', b'application/json; charset=utf-8'), (b'Content-Length', b'2'), (b'Connection', b'keep-alive'), (b'Date', b'Mon, 23 Feb 2026 12:10:29 GMT'), (b'Server', b'postgrest/14.5'), (b'Content-Range', b'*/*'), (b'Content-Location', b'/notification_history?identifier=eq.20260320_%C3%AA%C2%B0%C2%80%C3%AC%C2%95%C2%BC%C3%AC%C2%82%C2%B0_%C3%AC%C2%B9%C2%B4%C3%AB%C2%9D%C2%BC%C3%AB%C2%B0%C2%98&select=id&sent_at=gt.2026-02-22T21%3A10%3A29.466363'), (b'Content-Profile', b'public'), (b'Access-Control-Allow-Origin', b'*'), (b'X-Kong-Upstream-Latency', b'1'), (b'X-Kong-Proxy-Latency', b'0'), (b'Via', b'kong/2.8.1')])
2026-02-23 21:10:29,469 - httpx - INFO - HTTP Request: GET http://127.0.0.1:54321/rest/v1/notification_history?select=id&identifier=eq.20260320_%EA%B0%80%EC%95%BC%EC%82%B0_%EC%B9%B4%EB%9D%BC%EB%B0%98&sent_at=gt.2026-02-22T21%3A10%3A29.466363 "HTTP/1.1 200 OK"
2026-02-23 21:10:29,469 - httpcore.http11 - DEBUG - receive_response_body.started request=<Request [b'GET']>
2026-02-23 21:10:29,469 - httpcore.http11 - DEBUG - receive_response_body.complete
2026-02-23 21:10:29,469 - httpcore.http11 - DEBUG - response_closed.started
2026-02-23 21:10:29,469 - httpcore.http11 - DEBUG - response_closed.complete
2026-02-23 21:10:29,469 - httpcore.http11 - DEBUG - send_request_headers.started request=<Request [b'GET']>
2026-02-23 21:10:29,470 - httpcore.http11 - DEBUG - send_request_headers.complete
2026-02-23 21:10:29,470 - httpcore.http11 - DEBUG - send_request_body.started request=<Request [b'GET']>
2026-02-23 21:10:29,470 - httpcore.http11 - DEBUG - send_request_body.complete
2026-02-23 21:10:29,470 - httpcore.http11 - DEBUG - receive_response_headers.started request=<Request [b'GET']>
2026-02-23 21:10:29,471 - httpcore.http11 - DEBUG - receive_response_headers.complete return_value=(b'HTTP/1.1', 200, b'OK', [(b'Content-Type', b'application/json; charset=utf-8'), (b'Content-Length', b'2'), (b'Connection', b'keep-alive'), (b'Date', b'Mon, 23 Feb 2026 12:10:29 GMT'), (b'Server', b'postgrest/14.5'), (b'Content-Range', b'*/*'), (b'Content-Location', b'/notification_history?identifier=eq.20260320_%C3%AB%C2%8D%C2%95%C3%AC%C2%9C%C2%A0%C3%AC%C2%82%C2%B0_%C3%AC%C2%B9%C2%B4%C3%AB%C2%9D%C2%BC%C3%AB%C2%B0%C2%98&select=id&sent_at=gt.2026-02-22T21%3A10%3A29.469518'), (b'Content-Profile', b'public'), (b'Access-Control-Allow-Origin', b'*'), (b'X-Kong-Upstream-Latency', b'1'), (b'X-Kong-Proxy-Latency', b'0'), (b'Via', b'kong/2.8.1')])
2026-02-23 21:10:29,471 - httpx - INFO - HTTP Request: GET http://127.0.0.1:54321/rest/v1/notification_history?select=id&identifier=eq.20260320_%EB%8D%95%EC%9C%A0%EC%82%B0_%EC%B9%B4%EB%9D%BC%EB%B0%98&sent_at=gt.2026-02-22T21%3A10%3A29.469518 "HTTP/1.1 200 OK"
2026-02-23 21:10:29,472 - httpcore.http11 - DEBUG - receive_response_body.started request=<Request [b'GET']>
2026-02-23 21:10:29,472 - httpcore.http11 - DEBUG - receive_response_body.complete
2026-02-23 21:10:29,472 - httpcore.http11 - DEBUG - response_closed.started
2026-02-23 21:10:29,472 - httpcore.http11 - DEBUG - response_closed.complete
2026-02-23 21:10:29,472 - httpcore.http11 - DEBUG - send_request_headers.started request=<Request [b'GET']>
2026-02-23 21:10:29,472 - httpcore.http11 - DEBUG - send_request_headers.complete
2026-02-23 21:10:29,472 - httpcore.http11 - DEBUG - send_request_body.started request=<Request [b'GET']>
2026-02-23 21:10:29,472 - httpcore.http11 - DEBUG - send_request_body.complete
2026-02-23 21:10:29,472 - httpcore.http11 - DEBUG - receive_response_headers.started request=<Request [b'GET']>
2026-02-23 21:10:29,474 - httpcore.http11 - DEBUG - receive_response_headers.complete return_value=(b'HTTP/1.1', 200, b'OK', [(b'Content-Type', b'application/json; charset=utf-8'), (b'Content-Length', b'2'), (b'Connection', b'keep-alive'), (b'Date', b'Mon, 23 Feb 2026 12:10:29 GMT'), (b'Server', b'postgrest/14.5'), (b'Content-Range', b'*/*'), (b'Content-Location', b'/notification_history?identifier=eq.20260320_%C3%AC%C2%B9%C2%98%C3%AC%C2%95%C2%85%C3%AC%C2%82%C2%B0_%C3%AC%C2%B9%C2%B4%C3%AB%C2%9D%C2%BC%C3%AB%C2%B0%C2%98&select=id&sent_at=gt.2026-02-22T21%3A10%3A29.472230'), (b'Content-Profile', b'public'), (b'Access-Control-Allow-Origin', b'*'), (b'X-Kong-Upstream-Latency', b'1'), (b'X-Kong-Proxy-Latency', b'0'), (b'Via', b'kong/2.8.1')])
2026-02-23 21:10:29,474 - httpx - INFO - HTTP Request: GET http://127.0.0.1:54321/rest/v1/notification_history?select=id&identifier=eq.20260320_%EC%B9%98%EC%95%85%EC%82%B0_%EC%B9%B4%EB%9D%BC%EB%B0%98&sent_at=gt.2026-02-22T21%3A10%3A29.472230 "HTTP/1.1 200 OK"
2026-02-23 21:10:29,474 - httpcore.http11 - DEBUG - receive_response_body.started request=<Request [b'GET']>
2026-02-23 21:10:29,474 - httpcore.http11 - DEBUG - receive_response_body.complete
2026-02-23 21:10:29,474 - httpcore.http11 - DEBUG - response_closed.started
2026-02-23 21:10:29,474 - httpcore.http11 - DEBUG - response_closed.complete
2026-02-23 21:10:29,474 - httpcore.http11 - DEBUG - send_request_headers.started request=<Request [b'GET']>
2026-02-23 21:10:29,475 - httpcore.http11 - DEBUG - send_request_headers.complete
2026-02-23 21:10:29,475 - httpcore.http11 - DEBUG - send_request_body.started request=<Request [b'GET']>
2026-02-23 21:10:29,475 - httpcore.http11 - DEBUG - send_request_body.complete
2026-02-23 21:10:29,475 - httpcore.http11 - DEBUG - receive_response_headers.started request=<Request [b'GET']>
2026-02-23 21:10:29,477 - httpcore.http11 - DEBUG - receive_response_headers.complete return_value=(b'HTTP/1.1', 200, b'OK', [(b'Content-Type', b'application/json; charset=utf-8'), (b'Content-Length', b'2'), (b'Connection', b'keep-alive'), (b'Date', b'Mon, 23 Feb 2026 12:10:29 GMT'), (b'Server', b'postgrest/14.5'), (b'Content-Range', b'*/*'), (b'Content-Location', b'/notification_history?identifier=eq.20260322_%C3%AA%C2%B0%C2%80%C3%AC%C2%95%C2%BC%C3%AC%C2%82%C2%B0_%C3%AC%C2%B9%C2%B4%C3%AB%C2%9D%C2%BC%C3%AB%C2%B0%C2%98&select=id&sent_at=gt.2026-02-22T21%3A10%3A29.474673'), (b'Content-Profile', b'public'), (b'Access-Control-Allow-Origin', b'*'), (b'X-Kong-Upstream-Latency', b'1'), (b'X-Kong-Proxy-Latency', b'0'), (b'Via', b'kong/2.8.1')])
2026-02-23 21:10:29,477 - httpx - INFO - HTTP Request: GET http://127.0.0.1:54321/rest/v1/notification_history?select=id&identifier=eq.20260322_%EA%B0%80%EC%95%BC%EC%82%B0_%EC%B9%B4%EB%9D%BC%EB%B0%98&sent_at=gt.2026-02-22T21%3A10%3A29.474673 "HTTP/1.1 200 OK"
2026-02-23 21:10:29,477 - httpcore.http11 - DEBUG - receive_response_body.started request=<Request [b'GET']>
2026-02-23 21:10:29,477 - httpcore.http11 - DEBUG - receive_response_body.complete
2026-02-23 21:10:29,477 - httpcore.http11 - DEBUG - response_closed.started
2026-02-23 21:10:29,477 - httpcore.http11 - DEBUG - response_closed.complete
2026-02-23 21:10:29,477 - httpcore.http11 - DEBUG - send_request_headers.started request=<Request [b'GET']>
2026-02-23 21:10:29,478 - httpcore.http11 - DEBUG - send_request_headers.complete
2026-02-23 21:10:29,478 - httpcore.http11 - DEBUG - send_request_body.started request=<Request [b'GET']>
2026-02-23 21:10:29,478 - httpcore.http11 - DEBUG - send_request_body.complete
2026-02-23 21:10:29,478 - httpcore.http11 - DEBUG - receive_response_headers.started request=<Request [b'GET']>
2026-02-23 21:10:29,480 - httpcore.http11 - DEBUG - receive_response_headers.complete return_value=(b'HTTP/1.1', 200, b'OK', [(b'Content-Type', b'application/json; charset=utf-8'), (b'Content-Length', b'2'), (b'Connection', b'keep-alive'), (b'Date', b'Mon, 23 Feb 2026 12:10:29 GMT'), (b'Server', b'postgrest/14.5'), (b'Content-Range', b'*/*'), (b'Content-Location', b'/notification_history?identifier=eq.20260322_%C3%AB%C2%8D%C2%95%C3%AC%C2%9C%C2%A0%C3%AC%C2%82%C2%B0_%C3%AC%C2%B9%C2%B4%C3%AB%C2%9D%C2%BC%C3%AB%C2%B0%C2%98&select=id&sent_at=gt.2026-02-22T21%3A10%3A29.477554'), (b'Content-Profile', b'public'), (b'Access-Control-Allow-Origin', b'*'), (b'X-Kong-Upstream-Latency', b'1'), (b'X-Kong-Proxy-Latency', b'0'), (b'Via', b'kong/2.8.1')])
2026-02-23 21:10:29,480 - httpx - INFO - HTTP Request: GET http://127.0.0.1:54321/rest/v1/notification_history?select=id&identifier=eq.20260322_%EB%8D%95%EC%9C%A0%EC%82%B0_%EC%B9%B4%EB%9D%BC%EB%B0%98&sent_at=gt.2026-02-22T21%3A10%3A29.477554 "HTTP/1.1 200 OK"
2026-02-23 21:10:29,480 - httpcore.http11 - DEBUG - receive_response_body.started request=<Request [b'GET']>
2026-02-23 21:10:29,480 - httpcore.http11 - DEBUG - receive_response_body.complete
2026-02-23 21:10:29,480 - httpcore.http11 - DEBUG - response_closed.started
2026-02-23 21:10:29,480 - httpcore.http11 - DEBUG - response_closed.complete
2026-02-23 21:10:29,480 - httpcore.http11 - DEBUG - send_request_headers.started request=<Request [b'GET']>
2026-02-23 21:10:29,481 - httpcore.http11 - DEBUG - send_request_headers.complete
2026-02-23 21:10:29,481 - httpcore.http11 - DEBUG - send_request_body.started request=<Request [b'GET']>
2026-02-23 21:10:29,481 - httpcore.http11 - DEBUG - send_request_body.complete
2026-02-23 21:10:29,481 - httpcore.http11 - DEBUG - receive_response_headers.started request=<Request [b'GET']>
2026-02-23 21:10:29,483 - httpcore.http11 - DEBUG - receive_response_headers.complete return_value=(b'HTTP/1.1', 200, b'OK', [(b'Content-Type', b'application/json; charset=utf-8'), (b'Content-Length', b'2'), (b'Connection', b'keep-alive'), (b'Date', b'Mon, 23 Feb 2026 12:10:29 GMT'), (b'Server', b'postgrest/14.5'), (b'Content-Range', b'*/*'), (b'Content-Location', b'/notification_history?identifier=eq.20260322_%C3%AC%C2%9B%C2%94%C3%AC%C2%B6%C2%9C%C3%AC%C2%82%C2%B0_%C3%AC%C2%B9%C2%B4%C3%AB%C2%9D%C2%BC%C3%AB%C2%B0%C2%98&select=id&sent_at=gt.2026-02-22T21%3A10%3A29.480661'), (b'Content-Profile', b'public'), (b'Access-Control-Allow-Origin', b'*'), (b'X-Kong-Upstream-Latency', b'1'), (b'X-Kong-Proxy-Latency', b'0'), (b'Via', b'kong/2.8.1')])
2026-02-23 21:10:29,483 - httpx - INFO - HTTP Request: GET http://127.0.0.1:54321/rest/v1/notification_history?select=id&identifier=eq.20260322_%EC%9B%94%EC%B6%9C%EC%82%B0_%EC%B9%B4%EB%9D%BC%EB%B0%98&sent_at=gt.2026-02-22T21%3A10%3A29.480661 "HTTP/1.1 200 OK"
2026-02-23 21:10:29,483 - httpcore.http11 - DEBUG - receive_response_body.started request=<Request [b'GET']>
2026-02-23 21:10:29,483 - httpcore.http11 - DEBUG - receive_response_body.complete
2026-02-23 21:10:29,483 - httpcore.http11 - DEBUG - response_closed.started
2026-02-23 21:10:29,483 - httpcore.http11 - DEBUG - response_closed.complete
2026-02-23 21:10:29,484 - httpcore.http11 - DEBUG - send_request_headers.started request=<Request [b'GET']>
2026-02-23 21:10:29,484 - httpcore.http11 - DEBUG - send_request_headers.complete
2026-02-23 21:10:29,484 - httpcore.http11 - DEBUG - send_request_body.started request=<Request [b'GET']>
2026-02-23 21:10:29,484 - httpcore.http11 - DEBUG - send_request_body.complete
2026-02-23 21:10:29,484 - httpcore.http11 - DEBUG - receive_response_headers.started request=<Request [b'GET']>
2026-02-23 21:10:29,486 - httpcore.http11 - DEBUG - receive_response_headers.complete return_value=(b'HTTP/1.1', 200, b'OK', [(b'Content-Type', b'application/json; charset=utf-8'), (b'Content-Length', b'2'), (b'Connection', b'keep-alive'), (b'Date', b'Mon, 23 Feb 2026 12:10:29 GMT'), (b'Server', b'postgrest/14.5'), (b'Content-Range', b'*/*'), (b'Content-Location', b'/notification_history?identifier=eq.20260322_%C3%AC%C2%B9%C2%98%C3%AC%C2%95%C2%85%C3%AC%C2%82%C2%B0_%C3%AC%C2%B9%C2%B4%C3%AB%C2%9D%C2%BC%C3%AB%C2%B0%C2%98&select=id&sent_at=gt.2026-02-22T21%3A10%3A29.483735'), (b'Content-Profile', b'public'), (b'Access-Control-Allow-Origin', b'*'), (b'X-Kong-Upstream-Latency', b'1'), (b'X-Kong-Proxy-Latency', b'0'), (b'Via', b'kong/2.8.1')])
2026-02-23 21:10:29,487 - httpx - INFO - HTTP Request: GET http://127.0.0.1:54321/rest/v1/notification_history?select=id&identifier=eq.20260322_%EC%B9%98%EC%95%85%EC%82%B0_%EC%B9%B4%EB%9D%BC%EB%B0%98&sent_at=gt.2026-02-22T21%3A10%3A29.483735 "HTTP/1.1 200 OK"
2026-02-23 21:10:29,487 - httpcore.http11 - DEBUG - receive_response_body.started request=<Request [b'GET']>
2026-02-23 21:10:29,487 - httpcore.http11 - DEBUG - receive_response_body.complete
2026-02-23 21:10:29,487 - httpcore.http11 - DEBUG - response_closed.started
2026-02-23 21:10:29,487 - httpcore.http11 - DEBUG - response_closed.complete
2026-02-23 21:10:29,487 - httpcore.http11 - DEBUG - send_request_headers.started request=<Request [b'GET']>
2026-02-23 21:10:29,487 - httpcore.http11 - DEBUG - send_request_headers.complete
2026-02-23 21:10:29,488 - httpcore.http11 - DEBUG - send_request_body.started request=<Request [b'GET']>
2026-02-23 21:10:29,488 - httpcore.http11 - DEBUG - send_request_body.complete
2026-02-23 21:10:29,488 - httpcore.http11 - DEBUG - receive_response_headers.started request=<Request [b'GET']>
2026-02-23 21:10:29,489 - httpcore.http11 - DEBUG - receive_response_headers.complete return_value=(b'HTTP/1.1', 200, b'OK', [(b'Content-Type', b'application/json; charset=utf-8'), (b'Content-Length', b'2'), (b'Connection', b'keep-alive'), (b'Date', b'Mon, 23 Feb 2026 12:10:29 GMT'), (b'Server', b'postgrest/14.5'), (b'Content-Range', b'*/*'), (b'Content-Location', b'/notification_history?identifier=eq.20260322_%C3%AD%C2%83%C2%9C%C3%AC%C2%95%C2%88%C3%AD%C2%95%C2%B4%C3%AC%C2%95%C2%88_%C3%AC%C2%B9%C2%B4%C3%AB%C2%9D%C2%BC%C3%AB%C2%B0%C2%98&select=id&sent_at=gt.2026-02-22T21%3A10%3A29.487422'), (b'Content-Profile', b'public'), (b'Access-Control-Allow-Origin', b'*'), (b'X-Kong-Upstream-Latency', b'1'), (b'X-Kong-Proxy-Latency', b'0'), (b'Via', b'kong/2.8.1')])
2026-02-23 21:10:29,489 - httpx - INFO - HTTP Request: GET http://127.0.0.1:54321/rest/v1/notification_history?select=id&identifier=eq.20260322_%ED%83%9C%EC%95%88%ED%95%B4%EC%95%88_%EC%B9%B4%EB%9D%BC%EB%B0%98&sent_at=gt.2026-02-22T21%3A10%3A29.487422 "HTTP/1.1 200 OK"
2026-02-23 21:10:29,490 - httpcore.http11 - DEBUG - receive_response_body.started request=<Request [b'GET']>
2026-02-23 21:10:29,490 - httpcore.http11 - DEBUG - receive_response_body.complete
2026-02-23 21:10:29,490 - httpcore.http11 - DEBUG - response_closed.started
2026-02-23 21:10:29,490 - httpcore.http11 - DEBUG - response_closed.complete
2026-02-23 21:10:29,490 - httpcore.http11 - DEBUG - send_request_headers.started request=<Request [b'GET']>
2026-02-23 21:10:29,490 - httpcore.http11 - DEBUG - send_request_headers.complete
2026-02-23 21:10:29,490 - httpcore.http11 - DEBUG - send_request_body.started request=<Request [b'GET']>
2026-02-23 21:10:29,490 - httpcore.http11 - DEBUG - send_request_body.complete
2026-02-23 21:10:29,491 - httpcore.http11 - DEBUG - receive_response_headers.started request=<Request [b'GET']>
2026-02-23 21:10:29,492 - httpcore.http11 - DEBUG - receive_response_headers.complete return_value=(b'HTTP/1.1', 200, b'OK', [(b'Content-Type', b'application/json; charset=utf-8'), (b'Content-Length', b'2'), (b'Connection', b'keep-alive'), (b'Date', b'Mon, 23 Feb 2026 12:10:29 GMT'), (b'Server', b'postgrest/14.5'), (b'Content-Range', b'*/*'), (b'Content-Location', b'/notification_history?identifier=eq.20260323_%C3%AA%C2%B0%C2%80%C3%AC%C2%95%C2%BC%C3%AC%C2%82%C2%B0_%C3%AC%C2%B9%C2%B4%C3%AB%C2%9D%C2%BC%C3%AB%C2%B0%C2%98&select=id&sent_at=gt.2026-02-22T21%3A10%3A29.490372'), (b'Content-Profile', b'public'), (b'Access-Control-Allow-Origin', b'*'), (b'X-Kong-Upstream-Latency', b'1'), (b'X-Kong-Proxy-Latency', b'0'), (b'Via', b'kong/2.8.1')])
2026-02-23 21:10:29,493 - httpx - INFO - HTTP Request: GET http://127.0.0.1:54321/rest/v1/notification_history?select=id&identifier=eq.20260323_%EA%B0%80%EC%95%BC%EC%82%B0_%EC%B9%B4%EB%9D%BC%EB%B0%98&sent_at=gt.2026-02-22T21%3A10%3A29.490372 "HTTP/1.1 200 OK"
2026-02-23 21:10:29,493 - httpcore.http11 - DEBUG - receive_response_body.started request=<Request [b'GET']>
2026-02-23 21:10:29,493 - httpcore.http11 - DEBUG - receive_response_body.complete
2026-02-23 21:10:29,493 - httpcore.http11 - DEBUG - response_closed.started
2026-02-23 21:10:29,493 - httpcore.http11 - DEBUG - response_closed.complete
2026-02-23 21:10:29,493 - httpcore.http11 - DEBUG - send_request_headers.started request=<Request [b'GET']>
2026-02-23 21:10:29,493 - httpcore.http11 - DEBUG - send_request_headers.complete
2026-02-23 21:10:29,493 - httpcore.http11 - DEBUG - send_request_body.started request=<Request [b'GET']>
2026-02-23 21:10:29,493 - httpcore.http11 - DEBUG - send_request_body.complete
2026-02-23 21:10:29,493 - httpcore.http11 - DEBUG - receive_response_headers.started request=<Request [b'GET']>
2026-02-23 21:10:29,495 - httpcore.http11 - DEBUG - receive_response_headers.complete return_value=(b'HTTP/1.1', 200, b'OK', [(b'Content-Type', b'application/json; charset=utf-8'), (b'Content-Length', b'2'), (b'Connection', b'keep-alive'), (b'Date', b'Mon, 23 Feb 2026 12:10:29 GMT'), (b'Server', b'postgrest/14.5'), (b'Content-Range', b'*/*'), (b'Content-Location', b'/notification_history?identifier=eq.20260323_%C3%AB%C2%8D%C2%95%C3%AC%C2%9C%C2%A0%C3%AC%C2%82%C2%B0_%C3%AC%C2%B9%C2%B4%C3%AB%C2%9D%C2%BC%C3%AB%C2%B0%C2%98&select=id&sent_at=gt.2026-02-22T21%3A10%3A29.493351'), (b'Content-Profile', b'public'), (b'Access-Control-Allow-Origin', b'*'), (b'X-Kong-Upstream-Latency', b'1'), (b'X-Kong-Proxy-Latency', b'0'), (b'Via', b'kong/2.8.1')])
2026-02-23 21:10:29,495 - httpx - INFO - HTTP Request: GET http://127.0.0.1:54321/rest/v1/notification_history?select=id&identifier=eq.20260323_%EB%8D%95%EC%9C%A0%EC%82%B0_%EC%B9%B4%EB%9D%BC%EB%B0%98&sent_at=gt.2026-02-22T21%3A10%3A29.493351 "HTTP/1.1 200 OK"
2026-02-23 21:10:29,495 - httpcore.http11 - DEBUG - receive_response_body.started request=<Request [b'GET']>
2026-02-23 21:10:29,495 - httpcore.http11 - DEBUG - receive_response_body.complete
2026-02-23 21:10:29,495 - httpcore.http11 - DEBUG - response_closed.started
2026-02-23 21:10:29,496 - httpcore.http11 - DEBUG - response_closed.complete
2026-02-23 21:10:29,496 - httpcore.http11 - DEBUG - send_request_headers.started request=<Request [b'GET']>
2026-02-23 21:10:29,496 - httpcore.http11 - DEBUG - send_request_headers.complete
2026-02-23 21:10:29,496 - httpcore.http11 - DEBUG - send_request_body.started request=<Request [b'GET']>
2026-02-23 21:10:29,496 - httpcore.http11 - DEBUG - send_request_body.complete
2026-02-23 21:10:29,496 - httpcore.http11 - DEBUG - receive_response_headers.started request=<Request [b'GET']>
2026-02-23 21:10:29,498 - httpcore.http11 - DEBUG - receive_response_headers.complete return_value=(b'HTTP/1.1', 200, b'OK', [(b'Content-Type', b'application/json; charset=utf-8'), (b'Content-Length', b'2'), (b'Connection', b'keep-alive'), (b'Date', b'Mon, 23 Feb 2026 12:10:29 GMT'), (b'Server', b'postgrest/14.5'), (b'Content-Range', b'*/*'), (b'Content-Location', b'/notification_history?identifier=eq.20260323_%C3%AC%C2%9B%C2%94%C3%AC%C2%B6%C2%9C%C3%AC%C2%82%C2%B0_%C3%AC%C2%B9%C2%B4%C3%AB%C2%9D%C2%BC%C3%AB%C2%B0%C2%98&select=id&sent_at=gt.2026-02-22T21%3A10%3A29.496063'), (b'Content-Profile', b'public'), (b'Access-Control-Allow-Origin', b'*'), (b'X-Kong-Upstream-Latency', b'1'), (b'X-Kong-Proxy-Latency', b'0'), (b'Via', b'kong/2.8.1')])
2026-02-23 21:10:29,498 - httpx - INFO - HTTP Request: GET http://127.0.0.1:54321/rest/v1/notification_history?select=id&identifier=eq.20260323_%EC%9B%94%EC%B6%9C%EC%82%B0_%EC%B9%B4%EB%9D%BC%EB%B0%98&sent_at=gt.2026-02-22T21%3A10%3A29.496063 "HTTP/1.1 200 OK"
2026-02-23 21:10:29,498 - httpcore.http11 - DEBUG - receive_response_body.started request=<Request [b'GET']>
2026-02-23 21:10:29,498 - httpcore.http11 - DEBUG - receive_response_body.complete
2026-02-23 21:10:29,498 - httpcore.http11 - DEBUG - response_closed.started
2026-02-23 21:10:29,498 - httpcore.http11 - DEBUG - response_closed.complete
2026-02-23 21:10:29,499 - httpcore.http11 - DEBUG - send_request_headers.started request=<Request [b'GET']>
2026-02-23 21:10:29,499 - httpcore.http11 - DEBUG - send_request_headers.complete
2026-02-23 21:10:29,499 - httpcore.http11 - DEBUG - send_request_body.started request=<Request [b'GET']>
2026-02-23 21:10:29,499 - httpcore.http11 - DEBUG - send_request_body.complete
2026-02-23 21:10:29,499 - httpcore.http11 - DEBUG - receive_response_headers.started request=<Request [b'GET']>
2026-02-23 21:10:29,501 - httpcore.http11 - DEBUG - receive_response_headers.complete return_value=(b'HTTP/1.1', 200, b'OK', [(b'Content-Type', b'application/json; charset=utf-8'), (b'Content-Length', b'2'), (b'Connection', b'keep-alive'), (b'Date', b'Mon, 23 Feb 2026 12:10:29 GMT'), (b'Server', b'postgrest/14.5'), (b'Content-Range', b'*/*'), (b'Content-Location', b'/notification_history?identifier=eq.20260323_%C3%AC%C2%B9%C2%98%C3%AC%C2%95%C2%85%C3%AC%C2%82%C2%B0_%C3%AC%C2%B9%C2%B4%C3%AB%C2%9D%C2%BC%C3%AB%C2%B0%C2%98&select=id&sent_at=gt.2026-02-22T21%3A10%3A29.498696'), (b'Content-Profile', b'public'), (b'Access-Control-Allow-Origin', b'*'), (b'X-Kong-Upstream-Latency', b'1'), (b'X-Kong-Proxy-Latency', b'0'), (b'Via', b'kong/2.8.1')])
2026-02-23 21:10:29,502 - httpx - INFO - HTTP Request: GET http://127.0.0.1:54321/rest/v1/notification_history?select=id&identifier=eq.20260323_%EC%B9%98%EC%95%85%EC%82%B0_%EC%B9%B4%EB%9D%BC%EB%B0%98&sent_at=gt.2026-02-22T21%3A10%3A29.498696 "HTTP/1.1 200 OK"
2026-02-23 21:10:29,502 - httpcore.http11 - DEBUG - receive_response_body.started request=<Request [b'GET']>
2026-02-23 21:10:29,502 - httpcore.http11 - DEBUG - receive_response_body.complete
2026-02-23 21:10:29,502 - httpcore.http11 - DEBUG - response_closed.started
2026-02-23 21:10:29,502 - httpcore.http11 - DEBUG - response_closed.complete
2026-02-23 21:10:29,502 - httpcore.http11 - DEBUG - send_request_headers.started request=<Request [b'GET']>
2026-02-23 21:10:29,503 - httpcore.http11 - DEBUG - send_request_headers.complete
2026-02-23 21:10:29,503 - httpcore.http11 - DEBUG - send_request_body.started request=<Request [b'GET']>
2026-02-23 21:10:29,503 - httpcore.http11 - DEBUG - send_request_body.complete
2026-02-23 21:10:29,503 - httpcore.http11 - DEBUG - receive_response_headers.started request=<Request [b'GET']>
2026-02-23 21:10:29,505 - httpcore.http11 - DEBUG - receive_response_headers.complete return_value=(b'HTTP/1.1', 200, b'OK', [(b'Content-Type', b'application/json; charset=utf-8'), (b'Content-Length', b'2'), (b'Connection', b'keep-alive'), (b'Date', b'Mon, 23 Feb 2026 12:10:29 GMT'), (b'Server', b'postgrest/14.5'), (b'Content-Range', b'*/*'), (b'Content-Location', b'/notification_history?identifier=eq.20260323_%C3%AD%C2%83%C2%9C%C3%AC%C2%95%C2%88%C3%AD%C2%95%C2%B4%C3%AC%C2%95%C2%88_%C3%AC%C2%B9%C2%B4%C3%AB%C2%9D%C2%BC%C3%AB%C2%B0%C2%98&select=id&sent_at=gt.2026-02-22T21%3A10%3A29.502551'), (b'Content-Profile', b'public'), (b'Access-Control-Allow-Origin', b'*'), (b'X-Kong-Upstream-Latency', b'1'), (b'X-Kong-Proxy-Latency', b'0'), (b'Via', b'kong/2.8.1')])
2026-02-23 21:10:29,505 - httpx - INFO - HTTP Request: GET http://127.0.0.1:54321/rest/v1/notification_history?select=id&identifier=eq.20260323_%ED%83%9C%EC%95%88%ED%95%B4%EC%95%88_%EC%B9%B4%EB%9D%BC%EB%B0%98&sent_at=gt.2026-02-22T21%3A10%3A29.502551 "HTTP/1.1 200 OK"
2026-02-23 21:10:29,505 - httpcore.http11 - DEBUG - receive_response_body.started request=<Request [b'GET']>
2026-02-23 21:10:29,505 - httpcore.http11 - DEBUG - receive_response_body.complete
2026-02-23 21:10:29,505 - httpcore.http11 - DEBUG - response_closed.started
2026-02-23 21:10:29,505 - httpcore.http11 - DEBUG - response_closed.complete
2026-02-23 21:10:29,505 - httpcore.http11 - DEBUG - send_request_headers.started request=<Request [b'GET']>
2026-02-23 21:10:29,506 - httpcore.http11 - DEBUG - send_request_headers.complete
2026-02-23 21:10:29,506 - httpcore.http11 - DEBUG - send_request_body.started request=<Request [b'GET']>
2026-02-23 21:10:29,506 - httpcore.http11 - DEBUG - send_request_body.complete
2026-02-23 21:10:29,506 - httpcore.http11 - DEBUG - receive_response_headers.started request=<Request [b'GET']>
2026-02-23 21:10:29,508 - httpcore.http11 - DEBUG - receive_response_headers.complete return_value=(b'HTTP/1.1', 200, b'OK', [(b'Content-Type', b'application/json; charset=utf-8'), (b'Content-Length', b'2'), (b'Connection', b'keep-alive'), (b'Date', b'Mon, 23 Feb 2026 12:10:29 GMT'), (b'Server', b'postgrest/14.5'), (b'Content-Range', b'*/*'), (b'Content-Location', b'/notification_history?identifier=eq.20260324_%C3%AA%C2%B0%C2%80%C3%AC%C2%95%C2%BC%C3%AC%C2%82%C2%B0_%C3%AC%C2%B9%C2%B4%C3%AB%C2%9D%C2%BC%C3%AB%C2%B0%C2%98&select=id&sent_at=gt.2026-02-22T21%3A10%3A29.505535'), (b'Content-Profile', b'public'), (b'Access-Control-Allow-Origin', b'*'), (b'X-Kong-Upstream-Latency', b'1'), (b'X-Kong-Proxy-Latency', b'0'), (b'Via', b'kong/2.8.1')])
2026-02-23 21:10:29,508 - httpx - INFO - HTTP Request: GET http://127.0.0.1:54321/rest/v1/notification_history?select=id&identifier=eq.20260324_%EA%B0%80%EC%95%BC%EC%82%B0_%EC%B9%B4%EB%9D%BC%EB%B0%98&sent_at=gt.2026-02-22T21%3A10%3A29.505535 "HTTP/1.1 200 OK"
2026-02-23 21:10:29,508 - httpcore.http11 - DEBUG - receive_response_body.started request=<Request [b'GET']>
2026-02-23 21:10:29,508 - httpcore.http11 - DEBUG - receive_response_body.complete
2026-02-23 21:10:29,508 - httpcore.http11 - DEBUG - response_closed.started
2026-02-23 21:10:29,508 - httpcore.http11 - DEBUG - response_closed.complete
2026-02-23 21:10:29,508 - httpcore.http11 - DEBUG - send_request_headers.started request=<Request [b'GET']>
2026-02-23 21:10:29,509 - httpcore.http11 - DEBUG - send_request_headers.complete
2026-02-23 21:10:29,509 - httpcore.http11 - DEBUG - send_request_body.started request=<Request [b'GET']>
2026-02-23 21:10:29,509 - httpcore.http11 - DEBUG - send_request_body.complete
2026-02-23 21:10:29,509 - httpcore.http11 - DEBUG - receive_response_headers.started request=<Request [b'GET']>
2026-02-23 21:10:29,511 - httpcore.http11 - DEBUG - receive_response_headers.complete return_value=(b'HTTP/1.1', 200, b'OK', [(b'Content-Type', b'application/json; charset=utf-8'), (b'Content-Length', b'2'), (b'Connection', b'keep-alive'), (b'Date', b'Mon, 23 Feb 2026 12:10:29 GMT'), (b'Server', b'postgrest/14.5'), (b'Content-Range', b'*/*'), (b'Content-Location', b'/notification_history?identifier=eq.20260324_%C3%AB%C2%8D%C2%95%C3%AC%C2%9C%C2%A0%C3%AC%C2%82%C2%B0_%C3%AC%C2%B9%C2%B4%C3%AB%C2%9D%C2%BC%C3%AB%C2%B0%C2%98&select=id&sent_at=gt.2026-02-22T21%3A10%3A29.508655'), (b'Content-Profile', b'public'), (b'Access-Control-Allow-Origin', b'*'), (b'X-Kong-Upstream-Latency', b'1'), (b'X-Kong-Proxy-Latency', b'0'), (b'Via', b'kong/2.8.1')])
2026-02-23 21:10:29,511 - httpx - INFO - HTTP Request: GET http://127.0.0.1:54321/rest/v1/notification_history?select=id&identifier=eq.20260324_%EB%8D%95%EC%9C%A0%EC%82%B0_%EC%B9%B4%EB%9D%BC%EB%B0%98&sent_at=gt.2026-02-22T21%3A10%3A29.508655 "HTTP/1.1 200 OK"
2026-02-23 21:10:29,511 - httpcore.http11 - DEBUG - receive_response_body.started request=<Request [b'GET']>
2026-02-23 21:10:29,512 - httpcore.http11 - DEBUG - receive_response_body.complete
2026-02-23 21:10:29,512 - httpcore.http11 - DEBUG - response_closed.started
2026-02-23 21:10:29,512 - httpcore.http11 - DEBUG - response_closed.complete
2026-02-23 21:10:29,512 - httpcore.http11 - DEBUG - send_request_headers.started request=<Request [b'GET']>
2026-02-23 21:10:29,512 - httpcore.http11 - DEBUG - send_request_headers.complete
2026-02-23 21:10:29,512 - httpcore.http11 - DEBUG - send_request_body.started request=<Request [b'GET']>
2026-02-23 21:10:29,512 - httpcore.http11 - DEBUG - send_request_body.complete
2026-02-23 21:10:29,512 - httpcore.http11 - DEBUG - receive_response_headers.started request=<Request [b'GET']>
2026-02-23 21:10:29,514 - httpcore.http11 - DEBUG - receive_response_headers.complete return_value=(b'HTTP/1.1', 200, b'OK', [(b'Content-Type', b'application/json; charset=utf-8'), (b'Content-Length', b'2'), (b'Connection', b'keep-alive'), (b'Date', b'Mon, 23 Feb 2026 12:10:29 GMT'), (b'Server', b'postgrest/14.5'), (b'Content-Range', b'*/*'), (b'Content-Location', b'/notification_history?identifier=eq.20260324_%C3%AC%C2%9B%C2%94%C3%AC%C2%B6%C2%9C%C3%AC%C2%82%C2%B0_%C3%AC%C2%B9%C2%B4%C3%AB%C2%9D%C2%BC%C3%AB%C2%B0%C2%98&select=id&sent_at=gt.2026-02-22T21%3A10%3A29.512211'), (b'Content-Profile', b'public'), (b'Access-Control-Allow-Origin', b'*'), (b'X-Kong-Upstream-Latency', b'2'), (b'X-Kong-Proxy-Latency', b'0'), (b'Via', b'kong/2.8.1')])
2026-02-23 21:10:29,514 - httpx - INFO - HTTP Request: GET http://127.0.0.1:54321/rest/v1/notification_history?select=id&identifier=eq.20260324_%EC%9B%94%EC%B6%9C%EC%82%B0_%EC%B9%B4%EB%9D%BC%EB%B0%98&sent_at=gt.2026-02-22T21%3A10%3A29.512211 "HTTP/1.1 200 OK"
2026-02-23 21:10:29,514 - httpcore.http11 - DEBUG - receive_response_body.started request=<Request [b'GET']>
2026-02-23 21:10:29,515 - httpcore.http11 - DEBUG - receive_response_body.complete
2026-02-23 21:10:29,515 - httpcore.http11 - DEBUG - response_closed.started
2026-02-23 21:10:29,515 - httpcore.http11 - DEBUG - response_closed.complete
2026-02-23 21:10:29,515 - httpcore.http11 - DEBUG - send_request_headers.started request=<Request [b'GET']>
2026-02-23 21:10:29,515 - httpcore.http11 - DEBUG - send_request_headers.complete
2026-02-23 21:10:29,515 - httpcore.http11 - DEBUG - send_request_body.started request=<Request [b'GET']>
2026-02-23 21:10:29,515 - httpcore.http11 - DEBUG - send_request_body.complete
2026-02-23 21:10:29,515 - httpcore.http11 - DEBUG - receive_response_headers.started request=<Request [b'GET']>
2026-02-23 21:10:29,517 - httpcore.http11 - DEBUG - receive_response_headers.complete return_value=(b'HTTP/1.1', 200, b'OK', [(b'Content-Type', b'application/json; charset=utf-8'), (b'Content-Length', b'2'), (b'Connection', b'keep-alive'), (b'Date', b'Mon, 23 Feb 2026 12:10:29 GMT'), (b'Server', b'postgrest/14.5'), (b'Content-Range', b'*/*'), (b'Content-Location', b'/notification_history?identifier=eq.20260324_%C3%AC%C2%B9%C2%98%C3%AC%C2%95%C2%85%C3%AC%C2%82%C2%B0_%C3%AC%C2%B9%C2%B4%C3%AB%C2%9D%C2%BC%C3%AB%C2%B0%C2%98&select=id&sent_at=gt.2026-02-22T21%3A10%3A29.515213'), (b'Content-Profile', b'public'), (b'Access-Control-Allow-Origin', b'*'), (b'X-Kong-Upstream-Latency', b'1'), (b'X-Kong-Proxy-Latency', b'0'), (b'Via', b'kong/2.8.1')])
2026-02-23 21:10:29,518 - httpx - INFO - HTTP Request: GET http://127.0.0.1:54321/rest/v1/notification_history?select=id&identifier=eq.20260324_%EC%B9%98%EC%95%85%EC%82%B0_%EC%B9%B4%EB%9D%BC%EB%B0%98&sent_at=gt.2026-02-22T21%3A10%3A29.515213 "HTTP/1.1 200 OK"
2026-02-23 21:10:29,518 - httpcore.http11 - DEBUG - receive_response_body.started request=<Request [b'GET']>
2026-02-23 21:10:29,518 - httpcore.http11 - DEBUG - receive_response_body.complete
2026-02-23 21:10:29,518 - httpcore.http11 - DEBUG - response_closed.started
2026-02-23 21:10:29,518 - httpcore.http11 - DEBUG - response_closed.complete
2026-02-23 21:10:29,518 - httpcore.http11 - DEBUG - send_request_headers.started request=<Request [b'GET']>
2026-02-23 21:10:29,519 - httpcore.http11 - DEBUG - send_request_headers.complete
2026-02-23 21:10:29,519 - httpcore.http11 - DEBUG - send_request_body.started request=<Request [b'GET']>
2026-02-23 21:10:29,519 - httpcore.http11 - DEBUG - send_request_body.complete
2026-02-23 21:10:29,519 - httpcore.http11 - DEBUG - receive_response_headers.started request=<Request [b'GET']>
2026-02-23 21:10:29,520 - httpcore.http11 - DEBUG - receive_response_headers.complete return_value=(b'HTTP/1.1', 200, b'OK', [(b'Content-Type', b'application/json; charset=utf-8'), (b'Content-Length', b'2'), (b'Connection', b'keep-alive'), (b'Date', b'Mon, 23 Feb 2026 12:10:29 GMT'), (b'Server', b'postgrest/14.5'), (b'Content-Range', b'*/*'), (b'Content-Location', b'/notification_history?identifier=eq.20260324_%C3%AD%C2%83%C2%9C%C3%AC%C2%95%C2%88%C3%AD%C2%95%C2%B4%C3%AC%C2%95%C2%88_%C3%AC%C2%B9%C2%B4%C3%AB%C2%9D%C2%BC%C3%AB%C2%B0%C2%98&select=id&sent_at=gt.2026-02-22T21%3A10%3A29.518514'), (b'Content-Profile', b'public'), (b'Access-Control-Allow-Origin', b'*'), (b'X-Kong-Upstream-Latency', b'1'), (b'X-Kong-Proxy-Latency', b'0'), (b'Via', b'kong/2.8.1')])
2026-02-23 21:10:29,521 - httpx - INFO - HTTP Request: GET http://127.0.0.1:54321/rest/v1/notification_history?select=id&identifier=eq.20260324_%ED%83%9C%EC%95%88%ED%95%B4%EC%95%88_%EC%B9%B4%EB%9D%BC%EB%B0%98&sent_at=gt.2026-02-22T21%3A10%3A29.518514 "HTTP/1.1 200 OK"
2026-02-23 21:10:29,521 - httpcore.http11 - DEBUG - receive_response_body.started request=<Request [b'GET']>
2026-02-23 21:10:29,521 - httpcore.http11 - DEBUG - receive_response_body.complete
2026-02-23 21:10:29,521 - httpcore.http11 - DEBUG - response_closed.started
2026-02-23 21:10:29,521 - httpcore.http11 - DEBUG - response_closed.complete
2026-02-23 21:10:29,521 - httpcore.http11 - DEBUG - send_request_headers.started request=<Request [b'GET']>
2026-02-23 21:10:29,521 - httpcore.http11 - DEBUG - send_request_headers.complete
2026-02-23 21:10:29,521 - httpcore.http11 - DEBUG - send_request_body.started request=<Request [b'GET']>
2026-02-23 21:10:29,522 - httpcore.http11 - DEBUG - send_request_body.complete
2026-02-23 21:10:29,522 - httpcore.http11 - DEBUG - receive_response_headers.started request=<Request [b'GET']>
2026-02-23 21:10:29,523 - httpcore.http11 - DEBUG - receive_response_headers.complete return_value=(b'HTTP/1.1', 200, b'OK', [(b'Content-Type', b'application/json; charset=utf-8'), (b'Content-Length', b'2'), (b'Connection', b'keep-alive'), (b'Date', b'Mon, 23 Feb 2026 12:10:29 GMT'), (b'Server', b'postgrest/14.5'), (b'Content-Range', b'*/*'), (b'Content-Location', b'/notification_history?identifier=eq.20260326_%C3%AA%C2%B0%C2%80%C3%AC%C2%95%C2%BC%C3%AC%C2%82%C2%B0_%C3%AC%C2%B9%C2%B4%C3%AB%C2%9D%C2%BC%C3%AB%C2%B0%C2%98&select=id&sent_at=gt.2026-02-22T21%3A10%3A29.521396'), (b'Content-Profile', b'public'), (b'Access-Control-Allow-Origin', b'*'), (b'X-Kong-Upstream-Latency', b'1'), (b'X-Kong-Proxy-Latency', b'0'), (b'Via', b'kong/2.8.1')])
2026-02-23 21:10:29,523 - httpx - INFO - HTTP Request: GET http://127.0.0.1:54321/rest/v1/notification_history?select=id&identifier=eq.20260326_%EA%B0%80%EC%95%BC%EC%82%B0_%EC%B9%B4%EB%9D%BC%EB%B0%98&sent_at=gt.2026-02-22T21%3A10%3A29.521396 "HTTP/1.1 200 OK"
2026-02-23 21:10:29,523 - httpcore.http11 - DEBUG - receive_response_body.started request=<Request [b'GET']>
2026-02-23 21:10:29,524 - httpcore.http11 - DEBUG - receive_response_body.complete
2026-02-23 21:10:29,524 - httpcore.http11 - DEBUG - response_closed.started
2026-02-23 21:10:29,524 - httpcore.http11 - DEBUG - response_closed.complete
2026-02-23 21:10:29,524 - httpcore.http11 - DEBUG - send_request_headers.started request=<Request [b'GET']>
2026-02-23 21:10:29,524 - httpcore.http11 - DEBUG - send_request_headers.complete
2026-02-23 21:10:29,524 - httpcore.http11 - DEBUG - send_request_body.started request=<Request [b'GET']>
2026-02-23 21:10:29,524 - httpcore.http11 - DEBUG - send_request_body.complete
2026-02-23 21:10:29,524 - httpcore.http11 - DEBUG - receive_response_headers.started request=<Request [b'GET']>
2026-02-23 21:10:29,526 - httpcore.http11 - DEBUG - receive_response_headers.complete return_value=(b'HTTP/1.1', 200, b'OK', [(b'Content-Type', b'application/json; charset=utf-8'), (b'Content-Length', b'2'), (b'Connection', b'keep-alive'), (b'Date', b'Mon, 23 Feb 2026 12:10:29 GMT'), (b'Server', b'postgrest/14.5'), (b'Content-Range', b'*/*'), (b'Content-Location', b'/notification_history?identifier=eq.20260326_%C3%AB%C2%8D%C2%95%C3%AC%C2%9C%C2%A0%C3%AC%C2%82%C2%B0_%C3%AC%C2%B9%C2%B4%C3%AB%C2%9D%C2%BC%C3%AB%C2%B0%C2%98&select=id&sent_at=gt.2026-02-22T21%3A10%3A29.524217'), (b'Content-Profile', b'public'), (b'Access-Control-Allow-Origin', b'*'), (b'X-Kong-Upstream-Latency', b'1'), (b'X-Kong-Proxy-Latency', b'0'), (b'Via', b'kong/2.8.1')])
2026-02-23 21:10:29,527 - httpx - INFO - HTTP Request: GET http://127.0.0.1:54321/rest/v1/notification_history?select=id&identifier=eq.20260326_%EB%8D%95%EC%9C%A0%EC%82%B0_%EC%B9%B4%EB%9D%BC%EB%B0%98&sent_at=gt.2026-02-22T21%3A10%3A29.524217 "HTTP/1.1 200 OK"
2026-02-23 21:10:29,527 - httpcore.http11 - DEBUG - receive_response_body.started request=<Request [b'GET']>
2026-02-23 21:10:29,527 - httpcore.http11 - DEBUG - receive_response_body.complete
2026-02-23 21:10:29,527 - httpcore.http11 - DEBUG - response_closed.started
2026-02-23 21:10:29,527 - httpcore.http11 - DEBUG - response_closed.complete
2026-02-23 21:10:29,527 - httpcore.http11 - DEBUG - send_request_headers.started request=<Request [b'GET']>
2026-02-23 21:10:29,527 - httpcore.http11 - DEBUG - send_request_headers.complete
2026-02-23 21:10:29,527 - httpcore.http11 - DEBUG - send_request_body.started request=<Request [b'GET']>
2026-02-23 21:10:29,527 - httpcore.http11 - DEBUG - send_request_body.complete
2026-02-23 21:10:29,528 - httpcore.http11 - DEBUG - receive_response_headers.started request=<Request [b'GET']>
2026-02-23 21:10:29,529 - httpcore.http11 - DEBUG - receive_response_headers.complete return_value=(b'HTTP/1.1', 200, b'OK', [(b'Content-Type', b'application/json; charset=utf-8'), (b'Content-Length', b'2'), (b'Connection', b'keep-alive'), (b'Date', b'Mon, 23 Feb 2026 12:10:29 GMT'), (b'Server', b'postgrest/14.5'), (b'Content-Range', b'*/*'), (b'Content-Location', b'/notification_history?identifier=eq.20260326_%C3%AC%C2%9B%C2%94%C3%AC%C2%B6%C2%9C%C3%AC%C2%82%C2%B0_%C3%AC%C2%B9%C2%B4%C3%AB%C2%9D%C2%BC%C3%AB%C2%B0%C2%98&select=id&sent_at=gt.2026-02-22T21%3A10%3A29.527368'), (b'Content-Profile', b'public'), (b'Access-Control-Allow-Origin', b'*'), (b'X-Kong-Upstream-Latency', b'1'), (b'X-Kong-Proxy-Latency', b'0'), (b'Via', b'kong/2.8.1')])
2026-02-23 21:10:29,530 - httpx - INFO - HTTP Request: GET http://127.0.0.1:54321/rest/v1/notification_history?select=id&identifier=eq.20260326_%EC%9B%94%EC%B6%9C%EC%82%B0_%EC%B9%B4%EB%9D%BC%EB%B0%98&sent_at=gt.2026-02-22T21%3A10%3A29.527368 "HTTP/1.1 200 OK"
2026-02-23 21:10:29,530 - httpcore.http11 - DEBUG - receive_response_body.started request=<Request [b'GET']>
2026-02-23 21:10:29,530 - httpcore.http11 - DEBUG - receive_response_body.complete
2026-02-23 21:10:29,530 - httpcore.http11 - DEBUG - response_closed.started
2026-02-23 21:10:29,530 - httpcore.http11 - DEBUG - response_closed.complete
2026-02-23 21:10:29,530 - httpcore.http11 - DEBUG - send_request_headers.started request=<Request [b'GET']>
2026-02-23 21:10:29,530 - httpcore.http11 - DEBUG - send_request_headers.complete
2026-02-23 21:10:29,531 - httpcore.http11 - DEBUG - send_request_body.started request=<Request [b'GET']>
2026-02-23 21:10:29,531 - httpcore.http11 - DEBUG - send_request_body.complete
2026-02-23 21:10:29,531 - httpcore.http11 - DEBUG - receive_response_headers.started request=<Request [b'GET']>
2026-02-23 21:10:29,532 - httpcore.http11 - DEBUG - receive_response_headers.complete return_value=(b'HTTP/1.1', 200, b'OK', [(b'Content-Type', b'application/json; charset=utf-8'), (b'Content-Length', b'2'), (b'Connection', b'keep-alive'), (b'Date', b'Mon, 23 Feb 2026 12:10:29 GMT'), (b'Server', b'postgrest/14.5'), (b'Content-Range', b'*/*'), (b'Content-Location', b'/notification_history?identifier=eq.20260326_%C3%AC%C2%B9%C2%98%C3%AC%C2%95%C2%85%C3%AC%C2%82%C2%B0_%C3%AC%C2%B9%C2%B4%C3%AB%C2%9D%C2%BC%C3%AB%C2%B0%C2%98&select=id&sent_at=gt.2026-02-22T21%3A10%3A29.530450'), (b'Content-Profile', b'public'), (b'Access-Control-Allow-Origin', b'*'), (b'X-Kong-Upstream-Latency', b'1'), (b'X-Kong-Proxy-Latency', b'0'), (b'Via', b'kong/2.8.1')])
2026-02-23 21:10:29,533 - httpx - INFO - HTTP Request: GET http://127.0.0.1:54321/rest/v1/notification_history?select=id&identifier=eq.20260326_%EC%B9%98%EC%95%85%EC%82%B0_%EC%B9%B4%EB%9D%BC%EB%B0%98&sent_at=gt.2026-02-22T21%3A10%3A29.530450 "HTTP/1.1 200 OK"
2026-02-23 21:10:29,533 - httpcore.http11 - DEBUG - receive_response_body.started request=<Request [b'GET']>
2026-02-23 21:10:29,533 - httpcore.http11 - DEBUG - receive_response_body.complete
2026-02-23 21:10:29,533 - httpcore.http11 - DEBUG - response_closed.started
2026-02-23 21:10:29,533 - httpcore.http11 - DEBUG - response_closed.complete
2026-02-23 21:10:29,533 - httpcore.http11 - DEBUG - send_request_headers.started request=<Request [b'GET']>
2026-02-23 21:10:29,534 - httpcore.http11 - DEBUG - send_request_headers.complete
2026-02-23 21:10:29,534 - httpcore.http11 - DEBUG - send_request_body.started request=<Request [b'GET']>
2026-02-23 21:10:29,534 - httpcore.http11 - DEBUG - send_request_body.complete
2026-02-23 21:10:29,534 - httpcore.http11 - DEBUG - receive_response_headers.started request=<Request [b'GET']>
2026-02-23 21:10:29,535 - httpcore.http11 - DEBUG - receive_response_headers.complete return_value=(b'HTTP/1.1', 200, b'OK', [(b'Content-Type', b'application/json; charset=utf-8'), (b'Content-Length', b'2'), (b'Connection', b'keep-alive'), (b'Date', b'Mon, 23 Feb 2026 12:10:29 GMT'), (b'Server', b'postgrest/14.5'), (b'Content-Range', b'*/*'), (b'Content-Location', b'/notification_history?identifier=eq.20260326_%C3%AD%C2%83%C2%9C%C3%AC%C2%95%C2%88%C3%AD%C2%95%C2%B4%C3%AC%C2%95%C2%88_%C3%AC%C2%B9%C2%B4%C3%AB%C2%9D%C2%BC%C3%AB%C2%B0%C2%98&select=id&sent_at=gt.2026-02-22T21%3A10%3A29.533480'), (b'Content-Profile', b'public'), (b'Access-Control-Allow-Origin', b'*'), (b'X-Kong-Upstream-Latency', b'1'), (b'X-Kong-Proxy-Latency', b'0'), (b'Via', b'kong/2.8.1')])
2026-02-23 21:10:29,535 - httpx - INFO - HTTP Request: GET http://127.0.0.1:54321/rest/v1/notification_history?select=id&identifier=eq.20260326_%ED%83%9C%EC%95%88%ED%95%B4%EC%95%88_%EC%B9%B4%EB%9D%BC%EB%B0%98&sent_at=gt.2026-02-22T21%3A10%3A29.533480 "HTTP/1.1 200 OK"
2026-02-23 21:10:29,535 - httpcore.http11 - DEBUG - receive_response_body.started request=<Request [b'GET']>
2026-02-23 21:10:29,536 - httpcore.http11 - DEBUG - receive_response_body.complete
2026-02-23 21:10:29,536 - httpcore.http11 - DEBUG - response_closed.started
2026-02-23 21:10:29,536 - httpcore.http11 - DEBUG - response_closed.complete
2026-02-23 21:10:29,536 - httpcore.http11 - DEBUG - send_request_headers.started request=<Request [b'GET']>
2026-02-23 21:10:29,536 - httpcore.http11 - DEBUG - send_request_headers.complete
2026-02-23 21:10:29,536 - httpcore.http11 - DEBUG - send_request_body.started request=<Request [b'GET']>
2026-02-23 21:10:29,536 - httpcore.http11 - DEBUG - send_request_body.complete
2026-02-23 21:10:29,536 - httpcore.http11 - DEBUG - receive_response_headers.started request=<Request [b'GET']>
2026-02-23 21:10:29,538 - httpcore.http11 - DEBUG - receive_response_headers.complete return_value=(b'HTTP/1.1', 200, b'OK', [(b'Content-Type', b'application/json; charset=utf-8'), (b'Content-Length', b'2'), (b'Connection', b'keep-alive'), (b'Date', b'Mon, 23 Feb 2026 12:10:29 GMT'), (b'Server', b'postgrest/14.5'), (b'Content-Range', b'*/*'), (b'Content-Location', b'/notification_history?identifier=eq.20260327_%C3%AA%C2%B0%C2%80%C3%AC%C2%95%C2%BC%C3%AC%C2%82%C2%B0_%C3%AC%C2%B9%C2%B4%C3%AB%C2%9D%C2%BC%C3%AB%C2%B0%C2%98&select=id&sent_at=gt.2026-02-22T21%3A10%3A29.536211'), (b'Content-Profile', b'public'), (b'Access-Control-Allow-Origin', b'*'), (b'X-Kong-Upstream-Latency', b'0'), (b'X-Kong-Proxy-Latency', b'1'), (b'Via', b'kong/2.8.1')])
2026-02-23 21:10:29,538 - httpx - INFO - HTTP Request: GET http://127.0.0.1:54321/rest/v1/notification_history?select=id&identifier=eq.20260327_%EA%B0%80%EC%95%BC%EC%82%B0_%EC%B9%B4%EB%9D%BC%EB%B0%98&sent_at=gt.2026-02-22T21%3A10%3A29.536211 "HTTP/1.1 200 OK"
2026-02-23 21:10:29,538 - httpcore.http11 - DEBUG - receive_response_body.started request=<Request [b'GET']>
2026-02-23 21:10:29,538 - httpcore.http11 - DEBUG - receive_response_body.complete
2026-02-23 21:10:29,538 - httpcore.http11 - DEBUG - response_closed.started
2026-02-23 21:10:29,538 - httpcore.http11 - DEBUG - response_closed.complete
2026-02-23 21:10:29,539 - httpcore.http11 - DEBUG - send_request_headers.started request=<Request [b'GET']>
2026-02-23 21:10:29,539 - httpcore.http11 - DEBUG - send_request_headers.complete
2026-02-23 21:10:29,539 - httpcore.http11 - DEBUG - send_request_body.started request=<Request [b'GET']>
2026-02-23 21:10:29,539 - httpcore.http11 - DEBUG - send_request_body.complete
2026-02-23 21:10:29,539 - httpcore.http11 - DEBUG - receive_response_headers.started request=<Request [b'GET']>
2026-02-23 21:10:29,541 - httpcore.http11 - DEBUG - receive_response_headers.complete return_value=(b'HTTP/1.1', 200, b'OK', [(b'Content-Type', b'application/json; charset=utf-8'), (b'Content-Length', b'2'), (b'Connection', b'keep-alive'), (b'Date', b'Mon, 23 Feb 2026 12:10:29 GMT'), (b'Server', b'postgrest/14.5'), (b'Content-Range', b'*/*'), (b'Content-Location', b'/notification_history?identifier=eq.20260327_%C3%AB%C2%8D%C2%95%C3%AC%C2%9C%C2%A0%C3%AC%C2%82%C2%B0_%C3%AC%C2%B9%C2%B4%C3%AB%C2%9D%C2%BC%C3%AB%C2%B0%C2%98&select=id&sent_at=gt.2026-02-22T21%3A10%3A29.539011'), (b'Content-Profile', b'public'), (b'Access-Control-Allow-Origin', b'*'), (b'X-Kong-Upstream-Latency', b'1'), (b'X-Kong-Proxy-Latency', b'0'), (b'Via', b'kong/2.8.1')])
2026-02-23 21:10:29,541 - httpx - INFO - HTTP Request: GET http://127.0.0.1:54321/rest/v1/notification_history?select=id&identifier=eq.20260327_%EB%8D%95%EC%9C%A0%EC%82%B0_%EC%B9%B4%EB%9D%BC%EB%B0%98&sent_at=gt.2026-02-22T21%3A10%3A29.539011 "HTTP/1.1 200 OK"
2026-02-23 21:10:29,541 - httpcore.http11 - DEBUG - receive_response_body.started request=<Request [b'GET']>
2026-02-23 21:10:29,541 - httpcore.http11 - DEBUG - receive_response_body.complete
2026-02-23 21:10:29,541 - httpcore.http11 - DEBUG - response_closed.started
2026-02-23 21:10:29,541 - httpcore.http11 - DEBUG - response_closed.complete
2026-02-23 21:10:29,542 - httpcore.http11 - DEBUG - send_request_headers.started request=<Request [b'GET']>
2026-02-23 21:10:29,542 - httpcore.http11 - DEBUG - send_request_headers.complete
2026-02-23 21:10:29,542 - httpcore.http11 - DEBUG - send_request_body.started request=<Request [b'GET']>
2026-02-23 21:10:29,542 - httpcore.http11 - DEBUG - send_request_body.complete
2026-02-23 21:10:29,542 - httpcore.http11 - DEBUG - receive_response_headers.started request=<Request [b'GET']>
2026-02-23 21:10:29,544 - httpcore.http11 - DEBUG - receive_response_headers.complete return_value=(b'HTTP/1.1', 200, b'OK', [(b'Content-Type', b'application/json; charset=utf-8'), (b'Content-Length', b'2'), (b'Connection', b'keep-alive'), (b'Date', b'Mon, 23 Feb 2026 12:10:29 GMT'), (b'Server', b'postgrest/14.5'), (b'Content-Range', b'*/*'), (b'Content-Location', b'/notification_history?identifier=eq.20260327_%C3%AC%C2%B9%C2%98%C3%AC%C2%95%C2%85%C3%AC%C2%82%C2%B0_%C3%AC%C2%B9%C2%B4%C3%AB%C2%9D%C2%BC%C3%AB%C2%B0%C2%98&select=id&sent_at=gt.2026-02-22T21%3A10%3A29.541892'), (b'Content-Profile', b'public'), (b'Access-Control-Allow-Origin', b'*'), (b'X-Kong-Upstream-Latency', b'2'), (b'X-Kong-Proxy-Latency', b'0'), (b'Via', b'kong/2.8.1')])
2026-02-23 21:10:29,544 - httpx - INFO - HTTP Request: GET http://127.0.0.1:54321/rest/v1/notification_history?select=id&identifier=eq.20260327_%EC%B9%98%EC%95%85%EC%82%B0_%EC%B9%B4%EB%9D%BC%EB%B0%98&sent_at=gt.2026-02-22T21%3A10%3A29.541892 "HTTP/1.1 200 OK"
2026-02-23 21:10:29,544 - httpcore.http11 - DEBUG - receive_response_body.started request=<Request [b'GET']>
2026-02-23 21:10:29,544 - httpcore.http11 - DEBUG - receive_response_body.complete
2026-02-23 21:10:29,545 - httpcore.http11 - DEBUG - response_closed.started
2026-02-23 21:10:29,545 - httpcore.http11 - DEBUG - response_closed.complete
2026-02-23 21:10:29,545 - httpcore.http11 - DEBUG - send_request_headers.started request=<Request [b'GET']>
2026-02-23 21:10:29,545 - httpcore.http11 - DEBUG - send_request_headers.complete
2026-02-23 21:10:29,545 - httpcore.http11 - DEBUG - send_request_body.started request=<Request [b'GET']>
2026-02-23 21:10:29,545 - httpcore.http11 - DEBUG - send_request_body.complete
2026-02-23 21:10:29,545 - httpcore.http11 - DEBUG - receive_response_headers.started request=<Request [b'GET']>
2026-02-23 21:10:29,547 - httpcore.http11 - DEBUG - receive_response_headers.complete return_value=(b'HTTP/1.1', 200, b'OK', [(b'Content-Type', b'application/json; charset=utf-8'), (b'Content-Length', b'2'), (b'Connection', b'keep-alive'), (b'Date', b'Mon, 23 Feb 2026 12:10:29 GMT'), (b'Server', b'postgrest/14.5'), (b'Content-Range', b'*/*'), (b'Content-Location', b'/notification_history?identifier=eq.20260329_%C3%AB%C2%8D%C2%95%C3%AC%C2%9C%C2%A0%C3%AC%C2%82%C2%B0_%C3%AC%C2%B9%C2%B4%C3%AB%C2%9D%C2%BC%C3%AB%C2%B0%C2%98&select=id&sent_at=gt.2026-02-22T21%3A10%3A29.545262'), (b'Content-Profile', b'public'), (b'Access-Control-Allow-Origin', b'*'), (b'X-Kong-Upstream-Latency', b'1'), (b'X-Kong-Proxy-Latency', b'0'), (b'Via', b'kong/2.8.1')])
2026-02-23 21:10:29,547 - httpx - INFO - HTTP Request: GET http://127.0.0.1:54321/rest/v1/notification_history?select=id&identifier=eq.20260329_%EB%8D%95%EC%9C%A0%EC%82%B0_%EC%B9%B4%EB%9D%BC%EB%B0%98&sent_at=gt.2026-02-22T21%3A10%3A29.545262 "HTTP/1.1 200 OK"
2026-02-23 21:10:29,547 - httpcore.http11 - DEBUG - receive_response_body.started request=<Request [b'GET']>
2026-02-23 21:10:29,547 - httpcore.http11 - DEBUG - receive_response_body.complete
2026-02-23 21:10:29,547 - httpcore.http11 - DEBUG - response_closed.started
2026-02-23 21:10:29,548 - httpcore.http11 - DEBUG - response_closed.complete
2026-02-23 21:10:29,548 - httpcore.http11 - DEBUG - send_request_headers.started request=<Request [b'GET']>
2026-02-23 21:10:29,548 - httpcore.http11 - DEBUG - send_request_headers.complete
2026-02-23 21:10:29,548 - httpcore.http11 - DEBUG - send_request_body.started request=<Request [b'GET']>
2026-02-23 21:10:29,548 - httpcore.http11 - DEBUG - send_request_body.complete
2026-02-23 21:10:29,548 - httpcore.http11 - DEBUG - receive_response_headers.started request=<Request [b'GET']>
2026-02-23 21:10:29,550 - httpcore.http11 - DEBUG - receive_response_headers.complete return_value=(b'HTTP/1.1', 200, b'OK', [(b'Content-Type', b'application/json; charset=utf-8'), (b'Content-Length', b'2'), (b'Connection', b'keep-alive'), (b'Date', b'Mon, 23 Feb 2026 12:10:29 GMT'), (b'Server', b'postgrest/14.5'), (b'Content-Range', b'*/*'), (b'Content-Location', b'/notification_history?identifier=eq.20260329_%C3%AC%C2%9B%C2%94%C3%AC%C2%B6%C2%9C%C3%AC%C2%82%C2%B0_%C3%AC%C2%B9%C2%B4%C3%AB%C2%9D%C2%BC%C3%AB%C2%B0%C2%98&select=id&sent_at=gt.2026-02-22T21%3A10%3A29.548075'), (b'Content-Profile', b'public'), (b'Access-Control-Allow-Origin', b'*'), (b'X-Kong-Upstream-Latency', b'0'), (b'X-Kong-Proxy-Latency', b'1'), (b'Via', b'kong/2.8.1')])
2026-02-23 21:10:29,550 - httpx - INFO - HTTP Request: GET http://127.0.0.1:54321/rest/v1/notification_history?select=id&identifier=eq.20260329_%EC%9B%94%EC%B6%9C%EC%82%B0_%EC%B9%B4%EB%9D%BC%EB%B0%98&sent_at=gt.2026-02-22T21%3A10%3A29.548075 "HTTP/1.1 200 OK"
2026-02-23 21:10:29,550 - httpcore.http11 - DEBUG - receive_response_body.started request=<Request [b'GET']>
2026-02-23 21:10:29,550 - httpcore.http11 - DEBUG - receive_response_body.complete
2026-02-23 21:10:29,550 - httpcore.http11 - DEBUG - response_closed.started
2026-02-23 21:10:29,550 - httpcore.http11 - DEBUG - response_closed.complete
2026-02-23 21:10:29,551 - httpcore.http11 - DEBUG - send_request_headers.started request=<Request [b'GET']>
2026-02-23 21:10:29,551 - httpcore.http11 - DEBUG - send_request_headers.complete
2026-02-23 21:10:29,551 - httpcore.http11 - DEBUG - send_request_body.started request=<Request [b'GET']>
2026-02-23 21:10:29,551 - httpcore.http11 - DEBUG - send_request_body.complete
2026-02-23 21:10:29,551 - httpcore.http11 - DEBUG - receive_response_headers.started request=<Request [b'GET']>
2026-02-23 21:10:29,553 - httpcore.http11 - DEBUG - receive_response_headers.complete return_value=(b'HTTP/1.1', 200, b'OK', [(b'Content-Type', b'application/json; charset=utf-8'), (b'Content-Length', b'2'), (b'Connection', b'keep-alive'), (b'Date', b'Mon, 23 Feb 2026 12:10:29 GMT'), (b'Server', b'postgrest/14.5'), (b'Content-Range', b'*/*'), (b'Content-Location', b'/notification_history?identifier=eq.20260329_%C3%AC%C2%B9%C2%98%C3%AC%C2%95%C2%85%C3%AC%C2%82%C2%B0_%C3%AC%C2%B9%C2%B4%C3%AB%C2%9D%C2%BC%C3%AB%C2%B0%C2%98&select=id&sent_at=gt.2026-02-22T21%3A10%3A29.550823'), (b'Content-Profile', b'public'), (b'Access-Control-Allow-Origin', b'*'), (b'X-Kong-Upstream-Latency', b'1'), (b'X-Kong-Proxy-Latency', b'0'), (b'Via', b'kong/2.8.1')])
2026-02-23 21:10:29,553 - httpx - INFO - HTTP Request: GET http://127.0.0.1:54321/rest/v1/notification_history?select=id&identifier=eq.20260329_%EC%B9%98%EC%95%85%EC%82%B0_%EC%B9%B4%EB%9D%BC%EB%B0%98&sent_at=gt.2026-02-22T21%3A10%3A29.550823 "HTTP/1.1 200 OK"
2026-02-23 21:10:29,553 - httpcore.http11 - DEBUG - receive_response_body.started request=<Request [b'GET']>
2026-02-23 21:10:29,553 - httpcore.http11 - DEBUG - receive_response_body.complete
2026-02-23 21:10:29,553 - httpcore.http11 - DEBUG - response_closed.started
2026-02-23 21:10:29,553 - httpcore.http11 - DEBUG - response_closed.complete
2026-02-23 21:10:29,553 - httpcore.http11 - DEBUG - send_request_headers.started request=<Request [b'GET']>
2026-02-23 21:10:29,554 - httpcore.http11 - DEBUG - send_request_headers.complete
2026-02-23 21:10:29,554 - httpcore.http11 - DEBUG - send_request_body.started request=<Request [b'GET']>
2026-02-23 21:10:29,554 - httpcore.http11 - DEBUG - send_request_body.complete
2026-02-23 21:10:29,554 - httpcore.http11 - DEBUG - receive_response_headers.started request=<Request [b'GET']>
2026-02-23 21:10:29,556 - httpcore.http11 - DEBUG - receive_response_headers.complete return_value=(b'HTTP/1.1', 200, b'OK', [(b'Content-Type', b'application/json; charset=utf-8'), (b'Content-Length', b'2'), (b'Connection', b'keep-alive'), (b'Date', b'Mon, 23 Feb 2026 12:10:29 GMT'), (b'Server', b'postgrest/14.5'), (b'Content-Range', b'*/*'), (b'Content-Location', b'/notification_history?identifier=eq.20260329_%C3%AD%C2%83%C2%9C%C3%AC%C2%95%C2%88%C3%AD%C2%95%C2%B4%C3%AC%C2%95%C2%88_%C3%AC%C2%B9%C2%B4%C3%AB%C2%9D%C2%BC%C3%AB%C2%B0%C2%98&select=id&sent_at=gt.2026-02-22T21%3A10%3A29.553712'), (b'Content-Profile', b'public'), (b'Access-Control-Allow-Origin', b'*'), (b'X-Kong-Upstream-Latency', b'1'), (b'X-Kong-Proxy-Latency', b'0'), (b'Via', b'kong/2.8.1')])
2026-02-23 21:10:29,556 - httpx - INFO - HTTP Request: GET http://127.0.0.1:54321/rest/v1/notification_history?select=id&identifier=eq.20260329_%ED%83%9C%EC%95%88%ED%95%B4%EC%95%88_%EC%B9%B4%EB%9D%BC%EB%B0%98&sent_at=gt.2026-02-22T21%3A10%3A29.553712 "HTTP/1.1 200 OK"
2026-02-23 21:10:29,556 - httpcore.http11 - DEBUG - receive_response_body.started request=<Request [b'GET']>
2026-02-23 21:10:29,556 - httpcore.http11 - DEBUG - receive_response_body.complete
2026-02-23 21:10:29,556 - httpcore.http11 - DEBUG - response_closed.started
2026-02-23 21:10:29,556 - httpcore.http11 - DEBUG - response_closed.complete
2026-02-23 21:10:29,556 - httpcore.http11 - DEBUG - send_request_headers.started request=<Request [b'GET']>
2026-02-23 21:10:29,557 - httpcore.http11 - DEBUG - send_request_headers.complete
2026-02-23 21:10:29,557 - httpcore.http11 - DEBUG - send_request_body.started request=<Request [b'GET']>
2026-02-23 21:10:29,557 - httpcore.http11 - DEBUG - send_request_body.complete
2026-02-23 21:10:29,557 - httpcore.http11 - DEBUG - receive_response_headers.started request=<Request [b'GET']>
2026-02-23 21:10:29,558 - httpcore.http11 - DEBUG - receive_response_headers.complete return_value=(b'HTTP/1.1', 200, b'OK', [(b'Content-Type', b'application/json; charset=utf-8'), (b'Content-Length', b'2'), (b'Connection', b'keep-alive'), (b'Date', b'Mon, 23 Feb 2026 12:10:29 GMT'), (b'Server', b'postgrest/14.5'), (b'Content-Range', b'*/*'), (b'Content-Location', b'/notification_history?identifier=eq.20260330_%C3%AA%C2%B0%C2%80%C3%AC%C2%95%C2%BC%C3%AC%C2%82%C2%B0_%C3%AC%C2%B9%C2%B4%C3%AB%C2%9D%C2%BC%C3%AB%C2%B0%C2%98&select=id&sent_at=gt.2026-02-22T21%3A10%3A29.556614'), (b'Content-Profile', b'public'), (b'Access-Control-Allow-Origin', b'*'), (b'X-Kong-Upstream-Latency', b'1'), (b'X-Kong-Proxy-Latency', b'0'), (b'Via', b'kong/2.8.1')])
2026-02-23 21:10:29,559 - httpx - INFO - HTTP Request: GET http://127.0.0.1:54321/rest/v1/notification_history?select=id&identifier=eq.20260330_%EA%B0%80%EC%95%BC%EC%82%B0_%EC%B9%B4%EB%9D%BC%EB%B0%98&sent_at=gt.2026-02-22T21%3A10%3A29.556614 "HTTP/1.1 200 OK"
2026-02-23 21:10:29,559 - httpcore.http11 - DEBUG - receive_response_body.started request=<Request [b'GET']>
2026-02-23 21:10:29,559 - httpcore.http11 - DEBUG - receive_response_body.complete
2026-02-23 21:10:29,559 - httpcore.http11 - DEBUG - response_closed.started
2026-02-23 21:10:29,559 - httpcore.http11 - DEBUG - response_closed.complete
2026-02-23 21:10:29,559 - httpcore.http11 - DEBUG - send_request_headers.started request=<Request [b'GET']>
2026-02-23 21:10:29,560 - httpcore.http11 - DEBUG - send_request_headers.complete
2026-02-23 21:10:29,560 - httpcore.http11 - DEBUG - send_request_body.started request=<Request [b'GET']>
2026-02-23 21:10:29,560 - httpcore.http11 - DEBUG - send_request_body.complete
2026-02-23 21:10:29,560 - httpcore.http11 - DEBUG - receive_response_headers.started request=<Request [b'GET']>
2026-02-23 21:10:29,561 - httpcore.http11 - DEBUG - receive_response_headers.complete return_value=(b'HTTP/1.1', 200, b'OK', [(b'Content-Type', b'application/json; charset=utf-8'), (b'Content-Length', b'2'), (b'Connection', b'keep-alive'), (b'Date', b'Mon, 23 Feb 2026 12:10:29 GMT'), (b'Server', b'postgrest/14.5'), (b'Content-Range', b'*/*'), (b'Content-Location', b'/notification_history?identifier=eq.20260330_%C3%AB%C2%8D%C2%95%C3%AC%C2%9C%C2%A0%C3%AC%C2%82%C2%B0_%C3%AC%C2%B9%C2%B4%C3%AB%C2%9D%C2%BC%C3%AB%C2%B0%C2%98&select=id&sent_at=gt.2026-02-22T21%3A10%3A29.559505'), (b'Content-Profile', b'public'), (b'Access-Control-Allow-Origin', b'*'), (b'X-Kong-Upstream-Latency', b'1'), (b'X-Kong-Proxy-Latency', b'0'), (b'Via', b'kong/2.8.1')])
2026-02-23 21:10:29,561 - httpx - INFO - HTTP Request: GET http://127.0.0.1:54321/rest/v1/notification_history?select=id&identifier=eq.20260330_%EB%8D%95%EC%9C%A0%EC%82%B0_%EC%B9%B4%EB%9D%BC%EB%B0%98&sent_at=gt.2026-02-22T21%3A10%3A29.559505 "HTTP/1.1 200 OK"
2026-02-23 21:10:29,561 - httpcore.http11 - DEBUG - receive_response_body.started request=<Request [b'GET']>
2026-02-23 21:10:29,561 - httpcore.http11 - DEBUG - receive_response_body.complete
2026-02-23 21:10:29,562 - httpcore.http11 - DEBUG - response_closed.started
2026-02-23 21:10:29,562 - httpcore.http11 - DEBUG - response_closed.complete
2026-02-23 21:10:29,562 - httpcore.http11 - DEBUG - send_request_headers.started request=<Request [b'GET']>
2026-02-23 21:10:29,562 - httpcore.http11 - DEBUG - send_request_headers.complete
2026-02-23 21:10:29,562 - httpcore.http11 - DEBUG - send_request_body.started request=<Request [b'GET']>
2026-02-23 21:10:29,562 - httpcore.http11 - DEBUG - send_request_body.complete
2026-02-23 21:10:29,562 - httpcore.http11 - DEBUG - receive_response_headers.started request=<Request [b'GET']>
2026-02-23 21:10:29,564 - httpcore.http11 - DEBUG - receive_response_headers.complete return_value=(b'HTTP/1.1', 200, b'OK', [(b'Content-Type', b'application/json; charset=utf-8'), (b'Content-Length', b'2'), (b'Connection', b'keep-alive'), (b'Date', b'Mon, 23 Feb 2026 12:10:29 GMT'), (b'Server', b'postgrest/14.5'), (b'Content-Range', b'*/*'), (b'Content-Location', b'/notification_history?identifier=eq.20260330_%C3%AC%C2%9B%C2%94%C3%AC%C2%B6%C2%9C%C3%AC%C2%82%C2%B0_%C3%AC%C2%B9%C2%B4%C3%AB%C2%9D%C2%BC%C3%AB%C2%B0%C2%98&select=id&sent_at=gt.2026-02-22T21%3A10%3A29.562115'), (b'Content-Profile', b'public'), (b'Access-Control-Allow-Origin', b'*'), (b'X-Kong-Upstream-Latency', b'0'), (b'X-Kong-Proxy-Latency', b'1'), (b'Via', b'kong/2.8.1')])
2026-02-23 21:10:29,564 - httpx - INFO - HTTP Request: GET http://127.0.0.1:54321/rest/v1/notification_history?select=id&identifier=eq.20260330_%EC%9B%94%EC%B6%9C%EC%82%B0_%EC%B9%B4%EB%9D%BC%EB%B0%98&sent_at=gt.2026-02-22T21%3A10%3A29.562115 "HTTP/1.1 200 OK"
2026-02-23 21:10:29,564 - httpcore.http11 - DEBUG - receive_response_body.started request=<Request [b'GET']>
2026-02-23 21:10:29,564 - httpcore.http11 - DEBUG - receive_response_body.complete
2026-02-23 21:10:29,564 - httpcore.http11 - DEBUG - response_closed.started
2026-02-23 21:10:29,564 - httpcore.http11 - DEBUG - response_closed.complete
2026-02-23 21:10:29,565 - httpcore.http11 - DEBUG - send_request_headers.started request=<Request [b'GET']>
2026-02-23 21:10:29,565 - httpcore.http11 - DEBUG - send_request_headers.complete
2026-02-23 21:10:29,565 - httpcore.http11 - DEBUG - send_request_body.started request=<Request [b'GET']>
2026-02-23 21:10:29,565 - httpcore.http11 - DEBUG - send_request_body.complete
2026-02-23 21:10:29,565 - httpcore.http11 - DEBUG - receive_response_headers.started request=<Request [b'GET']>
2026-02-23 21:10:29,567 - httpcore.http11 - DEBUG - receive_response_headers.complete return_value=(b'HTTP/1.1', 200, b'OK', [(b'Content-Type', b'application/json; charset=utf-8'), (b'Content-Length', b'2'), (b'Connection', b'keep-alive'), (b'Date', b'Mon, 23 Feb 2026 12:10:29 GMT'), (b'Server', b'postgrest/14.5'), (b'Content-Range', b'*/*'), (b'Content-Location', b'/notification_history?identifier=eq.20260330_%C3%AC%C2%B9%C2%98%C3%AC%C2%95%C2%85%C3%AC%C2%82%C2%B0_%C3%AC%C2%B9%C2%B4%C3%AB%C2%9D%C2%BC%C3%AB%C2%B0%C2%98&select=id&sent_at=gt.2026-02-22T21%3A10%3A29.564889'), (b'Content-Profile', b'public'), (b'Access-Control-Allow-Origin', b'*'), (b'X-Kong-Upstream-Latency', b'1'), (b'X-Kong-Proxy-Latency', b'0'), (b'Via', b'kong/2.8.1')])
2026-02-23 21:10:29,567 - httpx - INFO - HTTP Request: GET http://127.0.0.1:54321/rest/v1/notification_history?select=id&identifier=eq.20260330_%EC%B9%98%EC%95%85%EC%82%B0_%EC%B9%B4%EB%9D%BC%EB%B0%98&sent_at=gt.2026-02-22T21%3A10%3A29.564889 "HTTP/1.1 200 OK"
2026-02-23 21:10:29,567 - httpcore.http11 - DEBUG - receive_response_body.started request=<Request [b'GET']>
2026-02-23 21:10:29,567 - httpcore.http11 - DEBUG - receive_response_body.complete
2026-02-23 21:10:29,567 - httpcore.http11 - DEBUG - response_closed.started
2026-02-23 21:10:29,567 - httpcore.http11 - DEBUG - response_closed.complete
2026-02-23 21:10:29,567 - httpcore.http11 - DEBUG - send_request_headers.started request=<Request [b'GET']>
2026-02-23 21:10:29,568 - httpcore.http11 - DEBUG - send_request_headers.complete
2026-02-23 21:10:29,568 - httpcore.http11 - DEBUG - send_request_body.started request=<Request [b'GET']>
2026-02-23 21:10:29,568 - httpcore.http11 - DEBUG - send_request_body.complete
2026-02-23 21:10:29,568 - httpcore.http11 - DEBUG - receive_response_headers.started request=<Request [b'GET']>
2026-02-23 21:10:29,570 - httpcore.http11 - DEBUG - receive_response_headers.complete return_value=(b'HTTP/1.1', 200, b'OK', [(b'Content-Type', b'application/json; charset=utf-8'), (b'Content-Length', b'2'), (b'Connection', b'keep-alive'), (b'Date', b'Mon, 23 Feb 2026 12:10:29 GMT'), (b'Server', b'postgrest/14.5'), (b'Content-Range', b'*/*'), (b'Content-Location', b'/notification_history?identifier=eq.20260330_%C3%AD%C2%83%C2%9C%C3%AC%C2%95%C2%88%C3%AD%C2%95%C2%B4%C3%AC%C2%95%C2%88_%C3%AC%C2%B9%C2%B4%C3%AB%C2%9D%C2%BC%C3%AB%C2%B0%C2%98&select=id&sent_at=gt.2026-02-22T21%3A10%3A29.567674'), (b'Content-Profile', b'public'), (b'Access-Control-Allow-Origin', b'*'), (b'X-Kong-Upstream-Latency', b'1'), (b'X-Kong-Proxy-Latency', b'0'), (b'Via', b'kong/2.8.1')])
2026-02-23 21:10:29,570 - httpx - INFO - HTTP Request: GET http://127.0.0.1:54321/rest/v1/notification_history?select=id&identifier=eq.20260330_%ED%83%9C%EC%95%88%ED%95%B4%EC%95%88_%EC%B9%B4%EB%9D%BC%EB%B0%98&sent_at=gt.2026-02-22T21%3A10%3A29.567674 "HTTP/1.1 200 OK"
2026-02-23 21:10:29,570 - httpcore.http11 - DEBUG - receive_response_body.started request=<Request [b'GET']>
2026-02-23 21:10:29,570 - httpcore.http11 - DEBUG - receive_response_body.complete
2026-02-23 21:10:29,570 - httpcore.http11 - DEBUG - response_closed.started
2026-02-23 21:10:29,570 - httpcore.http11 - DEBUG - response_closed.complete
2026-02-23 21:10:29,570 - httpcore.http11 - DEBUG - send_request_headers.started request=<Request [b'GET']>
2026-02-23 21:10:29,571 - httpcore.http11 - DEBUG - send_request_headers.complete
2026-02-23 21:10:29,571 - httpcore.http11 - DEBUG - send_request_body.started request=<Request [b'GET']>
2026-02-23 21:10:29,571 - httpcore.http11 - DEBUG - send_request_body.complete
2026-02-23 21:10:29,571 - httpcore.http11 - DEBUG - receive_response_headers.started request=<Request [b'GET']>
2026-02-23 21:10:29,572 - httpcore.http11 - DEBUG - receive_response_headers.complete return_value=(b'HTTP/1.1', 200, b'OK', [(b'Content-Type', b'application/json; charset=utf-8'), (b'Content-Length', b'2'), (b'Connection', b'keep-alive'), (b'Date', b'Mon, 23 Feb 2026 12:10:29 GMT'), (b'Server', b'postgrest/14.5'), (b'Content-Range', b'*/*'), (b'Content-Location', b'/notification_history?identifier=eq.20260331_%C3%AA%C2%B0%C2%80%C3%AC%C2%95%C2%BC%C3%AC%C2%82%C2%B0_%C3%AC%C2%B9%C2%B4%C3%AB%C2%9D%C2%BC%C3%AB%C2%B0%C2%98&select=id&sent_at=gt.2026-02-22T21%3A10%3A29.570646'), (b'Content-Profile', b'public'), (b'Access-Control-Allow-Origin', b'*'), (b'X-Kong-Upstream-Latency', b'1'), (b'X-Kong-Proxy-Latency', b'0'), (b'Via', b'kong/2.8.1')])
2026-02-23 21:10:29,573 - httpx - INFO - HTTP Request: GET http://127.0.0.1:54321/rest/v1/notification_history?select=id&identifier=eq.20260331_%EA%B0%80%EC%95%BC%EC%82%B0_%EC%B9%B4%EB%9D%BC%EB%B0%98&sent_at=gt.2026-02-22T21%3A10%3A29.570646 "HTTP/1.1 200 OK"
2026-02-23 21:10:29,573 - httpcore.http11 - DEBUG - receive_response_body.started request=<Request [b'GET']>
2026-02-23 21:10:29,573 - httpcore.http11 - DEBUG - receive_response_body.complete
2026-02-23 21:10:29,573 - httpcore.http11 - DEBUG - response_closed.started
2026-02-23 21:10:29,573 - httpcore.http11 - DEBUG - response_closed.complete
2026-02-23 21:10:29,573 - httpcore.http11 - DEBUG - send_request_headers.started request=<Request [b'GET']>
2026-02-23 21:10:29,573 - httpcore.http11 - DEBUG - send_request_headers.complete
2026-02-23 21:10:29,574 - httpcore.http11 - DEBUG - send_request_body.started request=<Request [b'GET']>
2026-02-23 21:10:29,574 - httpcore.http11 - DEBUG - send_request_body.complete
2026-02-23 21:10:29,574 - httpcore.http11 - DEBUG - receive_response_headers.started request=<Request [b'GET']>
2026-02-23 21:10:29,575 - httpcore.http11 - DEBUG - receive_response_headers.complete return_value=(b'HTTP/1.1', 200, b'OK', [(b'Content-Type', b'application/json; charset=utf-8'), (b'Content-Length', b'2'), (b'Connection', b'keep-alive'), (b'Date', b'Mon, 23 Feb 2026 12:10:29 GMT'), (b'Server', b'postgrest/14.5'), (b'Content-Range', b'*/*'), (b'Content-Location', b'/notification_history?identifier=eq.20260331_%C3%AB%C2%8D%C2%95%C3%AC%C2%9C%C2%A0%C3%AC%C2%82%C2%B0_%C3%AC%C2%B9%C2%B4%C3%AB%C2%9D%C2%BC%C3%AB%C2%B0%C2%98&select=id&sent_at=gt.2026-02-22T21%3A10%3A29.573391'), (b'Content-Profile', b'public'), (b'Access-Control-Allow-Origin', b'*'), (b'X-Kong-Upstream-Latency', b'1'), (b'X-Kong-Proxy-Latency', b'0'), (b'Via', b'kong/2.8.1')])
2026-02-23 21:10:29,576 - httpx - INFO - HTTP Request: GET http://127.0.0.1:54321/rest/v1/notification_history?select=id&identifier=eq.20260331_%EB%8D%95%EC%9C%A0%EC%82%B0_%EC%B9%B4%EB%9D%BC%EB%B0%98&sent_at=gt.2026-02-22T21%3A10%3A29.573391 "HTTP/1.1 200 OK"
2026-02-23 21:10:29,576 - httpcore.http11 - DEBUG - receive_response_body.started request=<Request [b'GET']>
2026-02-23 21:10:29,576 - httpcore.http11 - DEBUG - receive_response_body.complete
2026-02-23 21:10:29,576 - httpcore.http11 - DEBUG - response_closed.started
2026-02-23 21:10:29,576 - httpcore.http11 - DEBUG - response_closed.complete
2026-02-23 21:10:29,576 - httpcore.http11 - DEBUG - send_request_headers.started request=<Request [b'GET']>
2026-02-23 21:10:29,576 - httpcore.http11 - DEBUG - send_request_headers.complete
2026-02-23 21:10:29,576 - httpcore.http11 - DEBUG - send_request_body.started request=<Request [b'GET']>
2026-02-23 21:10:29,576 - httpcore.http11 - DEBUG - send_request_body.complete
2026-02-23 21:10:29,577 - httpcore.http11 - DEBUG - receive_response_headers.started request=<Request [b'GET']>
2026-02-23 21:10:29,578 - httpcore.http11 - DEBUG - receive_response_headers.complete return_value=(b'HTTP/1.1', 200, b'OK', [(b'Content-Type', b'application/json; charset=utf-8'), (b'Content-Length', b'2'), (b'Connection', b'keep-alive'), (b'Date', b'Mon, 23 Feb 2026 12:10:29 GMT'), (b'Server', b'postgrest/14.5'), (b'Content-Range', b'*/*'), (b'Content-Location', b'/notification_history?identifier=eq.20260331_%C3%AC%C2%9B%C2%94%C3%AC%C2%B6%C2%9C%C3%AC%C2%82%C2%B0_%C3%AC%C2%B9%C2%B4%C3%AB%C2%9D%C2%BC%C3%AB%C2%B0%C2%98&select=id&sent_at=gt.2026-02-22T21%3A10%3A29.576356'), (b'Content-Profile', b'public'), (b'Access-Control-Allow-Origin', b'*'), (b'X-Kong-Upstream-Latency', b'1'), (b'X-Kong-Proxy-Latency', b'0'), (b'Via', b'kong/2.8.1')])
2026-02-23 21:10:29,578 - httpx - INFO - HTTP Request: GET http://127.0.0.1:54321/rest/v1/notification_history?select=id&identifier=eq.20260331_%EC%9B%94%EC%B6%9C%EC%82%B0_%EC%B9%B4%EB%9D%BC%EB%B0%98&sent_at=gt.2026-02-22T21%3A10%3A29.576356 "HTTP/1.1 200 OK"
2026-02-23 21:10:29,578 - httpcore.http11 - DEBUG - receive_response_body.started request=<Request [b'GET']>
2026-02-23 21:10:29,578 - httpcore.http11 - DEBUG - receive_response_body.complete
2026-02-23 21:10:29,579 - httpcore.http11 - DEBUG - response_closed.started
2026-02-23 21:10:29,579 - httpcore.http11 - DEBUG - response_closed.complete
2026-02-23 21:10:29,579 - httpcore.http11 - DEBUG - send_request_headers.started request=<Request [b'GET']>
2026-02-23 21:10:29,579 - httpcore.http11 - DEBUG - send_request_headers.complete
2026-02-23 21:10:29,579 - httpcore.http11 - DEBUG - send_request_body.started request=<Request [b'GET']>
2026-02-23 21:10:29,579 - httpcore.http11 - DEBUG - send_request_body.complete
2026-02-23 21:10:29,579 - httpcore.http11 - DEBUG - receive_response_headers.started request=<Request [b'GET']>
2026-02-23 21:10:29,581 - httpcore.http11 - DEBUG - receive_response_headers.complete return_value=(b'HTTP/1.1', 200, b'OK', [(b'Content-Type', b'application/json; charset=utf-8'), (b'Content-Length', b'2'), (b'Connection', b'keep-alive'), (b'Date', b'Mon, 23 Feb 2026 12:10:29 GMT'), (b'Server', b'postgrest/14.5'), (b'Content-Range', b'*/*'), (b'Content-Location', b'/notification_history?identifier=eq.20260331_%C3%AC%C2%B9%C2%98%C3%AC%C2%95%C2%85%C3%AC%C2%82%C2%B0_%C3%AC%C2%B9%C2%B4%C3%AB%C2%9D%C2%BC%C3%AB%C2%B0%C2%98&select=id&sent_at=gt.2026-02-22T21%3A10%3A29.579135'), (b'Content-Profile', b'public'), (b'Access-Control-Allow-Origin', b'*'), (b'X-Kong-Upstream-Latency', b'0'), (b'X-Kong-Proxy-Latency', b'1'), (b'Via', b'kong/2.8.1')])
2026-02-23 21:10:29,581 - httpx - INFO - HTTP Request: GET http://127.0.0.1:54321/rest/v1/notification_history?select=id&identifier=eq.20260331_%EC%B9%98%EC%95%85%EC%82%B0_%EC%B9%B4%EB%9D%BC%EB%B0%98&sent_at=gt.2026-02-22T21%3A10%3A29.579135 "HTTP/1.1 200 OK"
2026-02-23 21:10:29,581 - httpcore.http11 - DEBUG - receive_response_body.started request=<Request [b'GET']>
2026-02-23 21:10:29,581 - httpcore.http11 - DEBUG - receive_response_body.complete
2026-02-23 21:10:29,581 - httpcore.http11 - DEBUG - response_closed.started
2026-02-23 21:10:29,581 - httpcore.http11 - DEBUG - response_closed.complete
2026-02-23 21:10:29,582 - httpcore.http11 - DEBUG - send_request_headers.started request=<Request [b'GET']>
2026-02-23 21:10:29,582 - httpcore.http11 - DEBUG - send_request_headers.complete
2026-02-23 21:10:29,582 - httpcore.http11 - DEBUG - send_request_body.started request=<Request [b'GET']>
2026-02-23 21:10:29,582 - httpcore.http11 - DEBUG - send_request_body.complete
2026-02-23 21:10:29,582 - httpcore.http11 - DEBUG - receive_response_headers.started request=<Request [b'GET']>
2026-02-23 21:10:29,584 - httpcore.http11 - DEBUG - receive_response_headers.complete return_value=(b'HTTP/1.1', 200, b'OK', [(b'Content-Type', b'application/json; charset=utf-8'), (b'Content-Length', b'2'), (b'Connection', b'keep-alive'), (b'Date', b'Mon, 23 Feb 2026 12:10:29 GMT'), (b'Server', b'postgrest/14.5'), (b'Content-Range', b'*/*'), (b'Content-Location', b'/notification_history?identifier=eq.20260331_%C3%AD%C2%83%C2%9C%C3%AC%C2%95%C2%88%C3%AD%C2%95%C2%B4%C3%AC%C2%95%C2%88_%C3%AC%C2%B9%C2%B4%C3%AB%C2%9D%C2%BC%C3%AB%C2%B0%C2%98&select=id&sent_at=gt.2026-02-22T21%3A10%3A29.581927'), (b'Content-Profile', b'public'), (b'Access-Control-Allow-Origin', b'*'), (b'X-Kong-Upstream-Latency', b'1'), (b'X-Kong-Proxy-Latency', b'0'), (b'Via', b'kong/2.8.1')])
2026-02-23 21:10:29,584 - httpx - INFO - HTTP Request: GET http://127.0.0.1:54321/rest/v1/notification_history?select=id&identifier=eq.20260331_%ED%83%9C%EC%95%88%ED%95%B4%EC%95%88_%EC%B9%B4%EB%9D%BC%EB%B0%98&sent_at=gt.2026-02-22T21%3A10%3A29.581927 "HTTP/1.1 200 OK"
2026-02-23 21:10:29,584 - httpcore.http11 - DEBUG - receive_response_body.started request=<Request [b'GET']>
2026-02-23 21:10:29,584 - httpcore.http11 - DEBUG - receive_response_body.complete
2026-02-23 21:10:29,584 - httpcore.http11 - DEBUG - response_closed.started
2026-02-23 21:10:29,584 - httpcore.http11 - DEBUG - response_closed.complete
2026-02-23 21:10:29,584 - __main__ - INFO - DEBUG: Sending notification for 93 items. Token len: 10
2026-02-23 21:10:29,585 - urllib3.connectionpool - DEBUG - Starting new HTTPS connection (1): api.telegram.org:443
2026-02-23 21:10:30,359 - urllib3.connectionpool - DEBUG - https://api.telegram.org:443 "POST /bottest_token/sendMessage HTTP/1.1" 404 55
2026-02-23 21:10:30,360 - werkzeug - INFO - 127.0.0.1 - - [23/Feb/2026 21:10:30] "[35m[1mPOST /api/check HTTP/1.1[0m" 500 -
2026-02-23 21:11:21,126 - werkzeug - INFO - 127.0.0.1 - - [23/Feb/2026 21:11:21] "GET / HTTP/1.1" 200 -
2026-02-23 21:11:21,344 - httpcore.connection - DEBUG - close.started
2026-02-23 21:11:21,344 - httpcore.connection - DEBUG - close.complete
2026-02-23 21:11:21,344 - httpcore.connection - DEBUG - connect_tcp.started host='127.0.0.1' port=54321 local_address=None timeout=120 socket_options=None
2026-02-23 21:11:21,345 - httpcore.connection - DEBUG - connect_tcp.complete return_value=<httpcore._backends.sync.SyncStream object at 0x000001E2EC2C7D90>
2026-02-23 21:11:21,345 - httpcore.http11 - DEBUG - send_request_headers.started request=<Request [b'GET']>
2026-02-23 21:11:21,345 - httpcore.http11 - DEBUG - send_request_headers.complete
2026-02-23 21:11:21,345 - httpcore.http11 - DEBUG - send_request_body.started request=<Request [b'GET']>
2026-02-23 21:11:21,345 - httpcore.http11 - DEBUG - send_request_body.complete
2026-02-23 21:11:21,345 - httpcore.http11 - DEBUG - receive_response_headers.started request=<Request [b'GET']>
2026-02-23 21:11:21,367 - httpcore.http11 - DEBUG - receive_response_headers.complete return_value=(b'HTTP/1.1', 200, b'OK', [(b'Content-Type', b'application/json; charset=utf-8'), (b'Content-Length', b'506'), (b'Connection', b'keep-alive'), (b'Date', b'Mon, 23 Feb 2026 12:11:21 GMT'), (b'Server', b'postgrest/14.5'), (b'Content-Range', b'0-0/*'), (b'Content-Location', b'/user_settings?id=eq.1&select=%2A'), (b'Content-Profile', b'public'), (b'Access-Control-Allow-Origin', b'*'), (b'X-Kong-Upstream-Latency', b'12'), (b'X-Kong-Proxy-Latency', b'0'), (b'Via', b'kong/2.8.1')])
2026-02-23 21:11:21,368 - httpx - INFO - HTTP Request: GET http://127.0.0.1:54321/rest/v1/user_settings?select=%2A&id=eq.1 "HTTP/1.1 200 OK"
2026-02-23 21:11:21,368 - httpcore.http11 - DEBUG - receive_response_body.started request=<Request [b'GET']>
2026-02-23 21:11:21,368 - httpcore.http11 - DEBUG - receive_response_body.complete
2026-02-23 21:11:21,368 - httpcore.http11 - DEBUG - response_closed.started
2026-02-23 21:11:21,368 - httpcore.http11 - DEBUG - response_closed.complete
2026-02-23 21:11:21,369 - werkzeug - INFO - 127.0.0.1 - - [23/Feb/2026 21:11:21] "GET /api/settings HTTP/1.1" 200 -
2026-02-23 21:11:21,387 - werkzeug - INFO - 127.0.0.1 - - [23/Feb/2026 21:11:21] "[33mGET /favicon.ico HTTP/1.1[0m" 404 -
2026-02-23 21:11:55,648 - httpcore.connection - DEBUG - close.started
2026-02-23 21:11:55,649 - httpcore.connection - DEBUG - close.complete
2026-02-23 21:11:55,649 - httpcore.connection - DEBUG - connect_tcp.started host='127.0.0.1' port=54321 local_address=None timeout=120 socket_options=None
2026-02-23 21:11:55,650 - httpcore.connection - DEBUG - connect_tcp.complete return_value=<httpcore._backends.sync.SyncStream object at 0x000001E2EC252190>
2026-02-23 21:11:55,650 - httpcore.http11 - DEBUG - send_request_headers.started request=<Request [b'POST']>
2026-02-23 21:11:55,650 - httpcore.http11 - DEBUG - send_request_headers.complete
2026-02-23 21:11:55,650 - httpcore.http11 - DEBUG - send_request_body.started request=<Request [b'POST']>
2026-02-23 21:11:55,650 - httpcore.http11 - DEBUG - send_request_body.complete
2026-02-23 21:11:55,651 - httpcore.http11 - DEBUG - receive_response_headers.started request=<Request [b'POST']>
2026-02-23 21:11:55,666 - httpcore.http11 - DEBUG - receive_response_headers.complete return_value=(b'HTTP/1.1', 200, b'OK', [(b'Content-Type', b'application/json; charset=utf-8'), (b'Content-Length', b'540'), (b'Connection', b'keep-alive'), (b'Date', b'Mon, 23 Feb 2026 12:11:55 GMT'), (b'Server', b'postgrest/14.5'), (b'Content-Range', b'*/*'), (b'Preference-Applied', b'resolution=merge-duplicates, return=representation'), (b'Content-Profile', b'public'), (b'Access-Control-Allow-Origin', b'*'), (b'X-Kong-Upstream-Latency', b'14'), (b'X-Kong-Proxy-Latency', b'0'), (b'Via', b'kong/2.8.1')])
2026-02-23 21:11:55,667 - httpx - INFO - HTTP Request: POST http://127.0.0.1:54321/rest/v1/user_settings "HTTP/1.1 200 OK"
2026-02-23 21:11:55,667 - httpcore.http11 - DEBUG - receive_response_body.started request=<Request [b'POST']>
2026-02-23 21:11:55,667 - httpcore.http11 - DEBUG - receive_response_body.complete
2026-02-23 21:11:55,667 - httpcore.http11 - DEBUG - response_closed.started
2026-02-23 21:11:55,667 - httpcore.http11 - DEBUG - response_closed.complete
2026-02-23 21:11:55,668 - werkzeug - INFO - 127.0.0.1 - - [23/Feb/2026 21:11:55] "POST /api/settings HTTP/1.1" 200 -
2026-02-23 21:12:08,813 - httpcore.connection - DEBUG - close.started
2026-02-23 21:12:08,813 - httpcore.connection - DEBUG - close.complete
2026-02-23 21:12:08,813 - httpcore.connection - DEBUG - connect_tcp.started host='127.0.0.1' port=54321 local_address=None timeout=120 socket_options=None
2026-02-23 21:12:08,814 - httpcore.connection - DEBUG - connect_tcp.complete return_value=<httpcore._backends.sync.SyncStream object at 0x000001E2EC253E10>
2026-02-23 21:12:08,814 - httpcore.http11 - DEBUG - send_request_headers.started request=<Request [b'GET']>
2026-02-23 21:12:08,814 - httpcore.http11 - DEBUG - send_request_headers.complete
2026-02-23 21:12:08,814 - httpcore.http11 - DEBUG - send_request_body.started request=<Request [b'GET']>
2026-02-23 21:12:08,815 - httpcore.http11 - DEBUG - send_request_body.complete
2026-02-23 21:12:08,815 - httpcore.http11 - DEBUG - receive_response_headers.started request=<Request [b'GET']>
2026-02-23 21:12:08,818 - httpcore.http11 - DEBUG - receive_response_headers.complete return_value=(b'HTTP/1.1', 200, b'OK', [(b'Content-Type', b'application/json; charset=utf-8'), (b'Content-Length', b'540'), (b'Connection', b'keep-alive'), (b'Date', b'Mon, 23 Feb 2026 12:12:08 GMT'), (b'Server', b'postgrest/14.5'), (b'Content-Range', b'0-0/*'), (b'Content-Location', b'/user_settings?id=eq.1&select=%2A'), (b'Content-Profile', b'public'), (b'Access-Control-Allow-Origin', b'*'), (b'X-Kong-Upstream-Latency', b'2'), (b'X-Kong-Proxy-Latency', b'0'), (b'Via', b'kong/2.8.1')])
2026-02-23 21:12:08,819 - httpx - INFO - HTTP Request: GET http://127.0.0.1:54321/rest/v1/user_settings?select=%2A&id=eq.1 "HTTP/1.1 200 OK"
2026-02-23 21:12:08,819 - httpcore.http11 - DEBUG - receive_response_body.started request=<Request [b'GET']>
2026-02-23 21:12:08,819 - httpcore.http11 - DEBUG - receive_response_body.complete
2026-02-23 21:12:08,819 - httpcore.http11 - DEBUG - response_closed.started
2026-02-23 21:12:08,819 - httpcore.http11 - DEBUG - response_closed.complete
2026-02-23 21:12:08,820 - urllib3.connectionpool - DEBUG - Starting new HTTPS connection (1): reservation.knps.or.kr:443
2026-02-23 21:12:09,076 - urllib3.connectionpool - DEBUG - https://reservation.knps.or.kr:443 "POST /reservation/selectCampRemainSiteList.do HTTP/1.1" 200 None
2026-02-23 21:12:09,078 - urllib3.connectionpool - DEBUG - Starting new HTTPS connection (1): reservation.knps.or.kr:443
2026-02-23 21:12:09,327 - urllib3.connectionpool - DEBUG - https://reservation.knps.or.kr:443 "POST /reservation/selectCampRemainSiteList.do HTTP/1.1" 200 None
2026-02-23 21:12:09,331 - urllib3.connectionpool - DEBUG - Starting new HTTPS connection (1): reservation.knps.or.kr:443
2026-02-23 21:12:09,616 - urllib3.connectionpool - DEBUG - https://reservation.knps.or.kr:443 "POST /reservation/selectCampRemainSiteList.do HTTP/1.1" 200 None
2026-02-23 21:12:09,618 - urllib3.connectionpool - DEBUG - Starting new HTTPS connection (1): reservation.knps.or.kr:443
2026-02-23 21:12:09,908 - urllib3.connectionpool - DEBUG - https://reservation.knps.or.kr:443 "POST /reservation/selectCampRemainSiteList.do HTTP/1.1" 200 None
2026-02-23 21:12:09,912 - urllib3.connectionpool - DEBUG - Starting new HTTPS connection (1): reservation.knps.or.kr:443
2026-02-23 21:12:10,163 - urllib3.connectionpool - DEBUG - https://reservation.knps.or.kr:443 "POST /reservation/selectCampRemainSiteList.do HTTP/1.1" 200 None
2026-02-23 21:12:10,177 - urllib3.connectionpool - DEBUG - Starting new HTTPS connection (1): reservation.knps.or.kr:443
2026-02-23 21:12:10,426 - urllib3.connectionpool - DEBUG - https://reservation.knps.or.kr:443 "POST /reservation/selectCampRemainSiteList.do HTTP/1.1" 200 None
2026-02-23 21:12:10,430 - urllib3.connectionpool - DEBUG - Starting new HTTPS connection (1): reservation.knps.or.kr:443
2026-02-23 21:12:10,727 - urllib3.connectionpool - DEBUG - https://reservation.knps.or.kr:443 "POST /reservation/selectCampRemainSiteList.do HTTP/1.1" 200 None
2026-02-23 21:12:10,731 - urllib3.connectionpool - DEBUG - Starting new HTTPS connection (1): reservation.knps.or.kr:443
2026-02-23 21:12:11,012 - urllib3.connectionpool - DEBUG - https://reservation.knps.or.kr:443 "POST /reservation/selectCampRemainSiteList.do HTTP/1.1" 200 None
2026-02-23 21:12:11,016 - urllib3.connectionpool - DEBUG - Starting new HTTPS connection (1): reservation.knps.or.kr:443
2026-02-23 21:12:11,284 - urllib3.connectionpool - DEBUG - https://reservation.knps.or.kr:443 "POST /reservation/selectCampRemainSiteList.do HTTP/1.1" 200 None
2026-02-23 21:12:11,286 - urllib3.connectionpool - DEBUG - Starting new HTTPS connection (1): reservation.knps.or.kr:443
2026-02-23 21:12:11,531 - urllib3.connectionpool - DEBUG - https://reservation.knps.or.kr:443 "POST /reservation/selectCampRemainSiteList.do HTTP/1.1" 200 None
2026-02-23 21:12:11,536 - urllib3.connectionpool - DEBUG - Starting new HTTPS connection (1): reservation.knps.or.kr:443
2026-02-23 21:12:11,794 - urllib3.connectionpool - DEBUG - https://reservation.knps.or.kr:443 "POST /reservation/selectCampRemainSiteList.do HTTP/1.1" 200 None
2026-02-23 21:12:11,797 - urllib3.connectionpool - DEBUG - Starting new HTTPS connection (1): reservation.knps.or.kr:443
2026-02-23 21:12:12,051 - urllib3.connectionpool - DEBUG - https://reservation.knps.or.kr:443 "POST /reservation/selectCampRemainSiteList.do HTTP/1.1" 200 None
2026-02-23 21:12:12,054 - urllib3.connectionpool - DEBUG - Starting new HTTPS connection (1): reservation.knps.or.kr:443
2026-02-23 21:12:12,310 - urllib3.connectionpool - DEBUG - https://reservation.knps.or.kr:443 "POST /reservation/selectCampRemainSiteList.do HTTP/1.1" 200 None
2026-02-23 21:12:12,323 - urllib3.connectionpool - DEBUG - Starting new HTTPS connection (1): reservation.knps.or.kr:443
2026-02-23 21:12:12,558 - urllib3.connectionpool - DEBUG - https://reservation.knps.or.kr:443 "POST /reservation/selectCampRemainSiteList.do HTTP/1.1" 200 None
2026-02-23 21:12:12,572 - urllib3.connectionpool - DEBUG - Starting new HTTPS connection (1): reservation.knps.or.kr:443
2026-02-23 21:12:12,836 - urllib3.connectionpool - DEBUG - https://reservation.knps.or.kr:443 "POST /reservation/selectCampRemainSiteList.do HTTP/1.1" 200 None
2026-02-23 21:12:12,840 - urllib3.connectionpool - DEBUG - Starting new HTTPS connection (1): reservation.knps.or.kr:443
2026-02-23 21:12:13,126 - urllib3.connectionpool - DEBUG - https://reservation.knps.or.kr:443 "POST /reservation/selectCampRemainSiteList.do HTTP/1.1" 200 None
2026-02-23 21:12:13,128 - urllib3.connectionpool - DEBUG - Starting new HTTPS connection (1): reservation.knps.or.kr:443
2026-02-23 21:12:13,395 - urllib3.connectionpool - DEBUG - https://reservation.knps.or.kr:443 "POST /reservation/selectCampRemainSiteList.do HTTP/1.1" 200 None
2026-02-23 21:12:13,398 - urllib3.connectionpool - DEBUG - Starting new HTTPS connection (1): reservation.knps.or.kr:443
2026-02-23 21:12:13,652 - urllib3.connectionpool - DEBUG - https://reservation.knps.or.kr:443 "POST /reservation/selectCampRemainSiteList.do HTTP/1.1" 200 None
2026-02-23 21:12:13,656 - urllib3.connectionpool - DEBUG - Starting new HTTPS connection (1): reservation.knps.or.kr:443
2026-02-23 21:12:13,903 - urllib3.connectionpool - DEBUG - https://reservation.knps.or.kr:443 "POST /reservation/selectCampRemainSiteList.do HTTP/1.1" 200 None
2026-02-23 21:12:13,916 - urllib3.connectionpool - DEBUG - Starting new HTTPS connection (1): reservation.knps.or.kr:443
2026-02-23 21:12:14,167 - urllib3.connectionpool - DEBUG - https://reservation.knps.or.kr:443 "POST /reservation/selectCampRemainSiteList.do HTTP/1.1" 200 None
2026-02-23 21:12:14,180 - urllib3.connectionpool - DEBUG - Starting new HTTPS connection (1): reservation.knps.or.kr:443
2026-02-23 21:12:14,434 - urllib3.connectionpool - DEBUG - https://reservation.knps.or.kr:443 "POST /reservation/selectCampRemainSiteList.do HTTP/1.1" 200 None
2026-02-23 21:12:14,438 - urllib3.connectionpool - DEBUG - Starting new HTTPS connection (1): reservation.knps.or.kr:443
2026-02-23 21:12:14,688 - urllib3.connectionpool - DEBUG - https://reservation.knps.or.kr:443 "POST /reservation/selectCampRemainSiteList.do HTTP/1.1" 200 None
2026-02-23 21:12:14,692 - urllib3.connectionpool - DEBUG - Starting new HTTPS connection (1): reservation.knps.or.kr:443
2026-02-23 21:12:14,958 - urllib3.connectionpool - DEBUG - https://reservation.knps.or.kr:443 "POST /reservation/selectCampRemainSiteList.do HTTP/1.1" 200 None
2026-02-23 21:12:14,962 - urllib3.connectionpool - DEBUG - Starting new HTTPS connection (1): reservation.knps.or.kr:443
2026-02-23 21:12:15,223 - urllib3.connectionpool - DEBUG - https://reservation.knps.or.kr:443 "POST /reservation/selectCampRemainSiteList.do HTTP/1.1" 200 None
2026-02-23 21:12:15,235 - urllib3.connectionpool - DEBUG - Starting new HTTPS connection (1): reservation.knps.or.kr:443
2026-02-23 21:12:15,494 - urllib3.connectionpool - DEBUG - https://reservation.knps.or.kr:443 "POST /reservation/selectCampRemainSiteList.do HTTP/1.1" 200 None
2026-02-23 21:12:15,496 - urllib3.connectionpool - DEBUG - Starting new HTTPS connection (1): reservation.knps.or.kr:443
2026-02-23 21:12:15,764 - urllib3.connectionpool - DEBUG - https://reservation.knps.or.kr:443 "POST /reservation/selectCampRemainSiteList.do HTTP/1.1" 200 None
2026-02-23 21:12:15,765 - urllib3.connectionpool - DEBUG - Starting new HTTPS connection (1): reservation.knps.or.kr:443
2026-02-23 21:12:16,022 - urllib3.connectionpool - DEBUG - https://reservation.knps.or.kr:443 "POST /reservation/selectCampRemainSiteList.do HTTP/1.1" 200 None
2026-02-23 21:12:16,026 - urllib3.connectionpool - DEBUG - Starting new HTTPS connection (1): reservation.knps.or.kr:443
2026-02-23 21:12:16,290 - urllib3.connectionpool - DEBUG - https://reservation.knps.or.kr:443 "POST /reservation/selectCampRemainSiteList.do HTTP/1.1" 200 None
2026-02-23 21:12:16,292 - urllib3.connectionpool - DEBUG - Starting new HTTPS connection (1): reservation.knps.or.kr:443
2026-02-23 21:12:16,558 - urllib3.connectionpool - DEBUG - https://reservation.knps.or.kr:443 "POST /reservation/selectCampRemainSiteList.do HTTP/1.1" 200 None
2026-02-23 21:12:16,560 - urllib3.connectionpool - DEBUG - Starting new HTTPS connection (1): reservation.knps.or.kr:443
2026-02-23 21:12:16,827 - urllib3.connectionpool - DEBUG - https://reservation.knps.or.kr:443 "POST /reservation/selectCampRemainSiteList.do HTTP/1.1" 200 None
2026-02-23 21:12:16,829 - urllib3.connectionpool - DEBUG - Starting new HTTPS connection (1): reservation.knps.or.kr:443
2026-02-23 21:12:17,081 - urllib3.connectionpool - DEBUG - https://reservation.knps.or.kr:443 "POST /reservation/selectCampRemainSiteList.do HTTP/1.1" 200 None
2026-02-23 21:12:17,083 - urllib3.connectionpool - DEBUG - Starting new HTTPS connection (1): reservation.knps.or.kr:443
2026-02-23 21:12:17,330 - urllib3.connectionpool - DEBUG - https://reservation.knps.or.kr:443 "POST /reservation/selectCampRemainSiteList.do HTTP/1.1" 200 None
2026-02-23 21:12:17,332 - urllib3.connectionpool - DEBUG - Starting new HTTPS connection (1): reservation.knps.or.kr:443
2026-02-23 21:12:17,602 - urllib3.connectionpool - DEBUG - https://reservation.knps.or.kr:443 "POST /reservation/selectCampRemainSiteList.do HTTP/1.1" 200 None
2026-02-23 21:12:17,604 - httpcore.connection - DEBUG - close.started
2026-02-23 21:12:17,604 - httpcore.connection - DEBUG - close.complete
2026-02-23 21:12:17,604 - httpcore.connection - DEBUG - connect_tcp.started host='127.0.0.1' port=54321 local_address=None timeout=120 socket_options=None
2026-02-23 21:12:17,605 - httpcore.connection - DEBUG - connect_tcp.complete return_value=<httpcore._backends.sync.SyncStream object at 0x000001E2EC2A2570>
2026-02-23 21:12:17,605 - httpcore.http11 - DEBUG - send_request_headers.started request=<Request [b'GET']>
2026-02-23 21:12:17,606 - httpcore.http11 - DEBUG - send_request_headers.complete
2026-02-23 21:12:17,606 - httpcore.http11 - DEBUG - send_request_body.started request=<Request [b'GET']>
2026-02-23 21:12:17,606 - httpcore.http11 - DEBUG - send_request_body.complete
2026-02-23 21:12:17,606 - httpcore.http11 - DEBUG - receive_response_headers.started request=<Request [b'GET']>
2026-02-23 21:12:17,609 - httpcore.http11 - DEBUG - receive_response_headers.complete return_value=(b'HTTP/1.1', 200, b'OK', [(b'Content-Type', b'application/json; charset=utf-8'), (b'Content-Length', b'2'), (b'Connection', b'keep-alive'), (b'Date', b'Mon, 23 Feb 2026 12:12:17 GMT'), (b'Server', b'postgrest/14.5'), (b'Content-Range', b'*/*'), (b'Content-Location', b'/notification_history?identifier=eq.20260302_%C3%AA%C2%B0%C2%80%C3%AC%C2%95%C2%BC%C3%AC%C2%82%C2%B0_%C3%AC%C2%B9%C2%B4%C3%AB%C2%9D%C2%BC%C3%AB%C2%B0%C2%98&select=id&sent_at=gt.2026-02-22T21%3A12%3A17.604208'), (b'Content-Profile', b'public'), (b'Access-Control-Allow-Origin', b'*'), (b'X-Kong-Upstream-Latency', b'2'), (b'X-Kong-Proxy-Latency', b'0'), (b'Via', b'kong/2.8.1')])
2026-02-23 21:12:17,609 - httpx - INFO - HTTP Request: GET http://127.0.0.1:54321/rest/v1/notification_history?select=id&identifier=eq.20260302_%EA%B0%80%EC%95%BC%EC%82%B0_%EC%B9%B4%EB%9D%BC%EB%B0%98&sent_at=gt.2026-02-22T21%3A12%3A17.604208 "HTTP/1.1 200 OK"
2026-02-23 21:12:17,609 - httpcore.http11 - DEBUG - receive_response_body.started request=<Request [b'GET']>
2026-02-23 21:12:17,609 - httpcore.http11 - DEBUG - receive_response_body.complete
2026-02-23 21:12:17,609 - httpcore.http11 - DEBUG - response_closed.started
2026-02-23 21:12:17,609 - httpcore.http11 - DEBUG - response_closed.complete
2026-02-23 21:12:17,610 - httpcore.http11 - DEBUG - send_request_headers.started request=<Request [b'GET']>
2026-02-23 21:12:17,610 - httpcore.http11 - DEBUG - send_request_headers.complete
2026-02-23 21:12:17,610 - httpcore.http11 - DEBUG - send_request_body.started request=<Request [b'GET']>
2026-02-23 21:12:17,610 - httpcore.http11 - DEBUG - send_request_body.complete
2026-02-23 21:12:17,610 - httpcore.http11 - DEBUG - receive_response_headers.started request=<Request [b'GET']>
2026-02-23 21:12:17,612 - httpcore.http11 - DEBUG - receive_response_headers.complete return_value=(b'HTTP/1.1', 200, b'OK', [(b'Content-Type', b'application/json; charset=utf-8'), (b'Content-Length', b'2'), (b'Connection', b'keep-alive'), (b'Date', b'Mon, 23 Feb 2026 12:12:17 GMT'), (b'Server', b'postgrest/14.5'), (b'Content-Range', b'*/*'), (b'Content-Location', b'/notification_history?identifier=eq.20260302_%C3%AC%C2%B9%C2%98%C3%AC%C2%95%C2%85%C3%AC%C2%82%C2%B0_%C3%AC%C2%B9%C2%B4%C3%AB%C2%9D%C2%BC%C3%AB%C2%B0%C2%98&select=id&sent_at=gt.2026-02-22T21%3A12%3A17.609960'), (b'Content-Profile', b'public'), (b'Access-Control-Allow-Origin', b'*'), (b'X-Kong-Upstream-Latency', b'1'), (b'X-Kong-Proxy-Latency', b'1'), (b'Via', b'kong/2.8.1')])
2026-02-23 21:12:17,612 - httpx - INFO - HTTP Request: GET http://127.0.0.1:54321/rest/v1/notification_history?select=id&identifier=eq.20260302_%EC%B9%98%EC%95%85%EC%82%B0_%EC%B9%B4%EB%9D%BC%EB%B0%98&sent_at=gt.2026-02-22T21%3A12%3A17.609960 "HTTP/1.1 200 OK"
2026-02-23 21:12:17,612 - httpcore.http11 - DEBUG - receive_response_body.started request=<Request [b'GET']>
2026-02-23 21:12:17,613 - httpcore.http11 - DEBUG - receive_response_body.complete
2026-02-23 21:12:17,613 - httpcore.http11 - DEBUG - response_closed.started
2026-02-23 21:12:17,613 - httpcore.http11 - DEBUG - response_closed.complete
2026-02-23 21:12:17,613 - httpcore.http11 - DEBUG - send_request_headers.started request=<Request [b'GET']>
2026-02-23 21:12:17,613 - httpcore.http11 - DEBUG - send_request_headers.complete
2026-02-23 21:12:17,613 - httpcore.http11 - DEBUG - send_request_body.started request=<Request [b'GET']>
2026-02-23 21:12:17,613 - httpcore.http11 - DEBUG - send_request_body.complete
2026-02-23 21:12:17,613 - httpcore.http11 - DEBUG - receive_response_headers.started request=<Request [b'GET']>
2026-02-23 21:12:17,615 - httpcore.http11 - DEBUG - receive_response_headers.complete return_value=(b'HTTP/1.1', 200, b'OK', [(b'Content-Type', b'application/json; charset=utf-8'), (b'Content-Length', b'2'), (b'Connection', b'keep-alive'), (b'Date', b'Mon, 23 Feb 2026 12:12:17 GMT'), (b'Server', b'postgrest/14.5'), (b'Content-Range', b'*/*'), (b'Content-Location', b'/notification_history?identifier=eq.20260302_%C3%AD%C2%83%C2%9C%C3%AC%C2%95%C2%88%C3%AD%C2%95%C2%B4%C3%AC%C2%95%C2%88_%C3%AC%C2%B9%C2%B4%C3%AB%C2%9D%C2%BC%C3%AB%C2%B0%C2%98&select=id&sent_at=gt.2026-02-22T21%3A12%3A17.613207'), (b'Content-Profile', b'public'), (b'Access-Control-Allow-Origin', b'*'), (b'X-Kong-Upstream-Latency', b'1'), (b'X-Kong-Proxy-Latency', b'0'), (b'Via', b'kong/2.8.1')])
2026-02-23 21:12:17,616 - httpx - INFO - HTTP Request: GET http://127.0.0.1:54321/rest/v1/notification_history?select=id&identifier=eq.20260302_%ED%83%9C%EC%95%88%ED%95%B4%EC%95%88_%EC%B9%B4%EB%9D%BC%EB%B0%98&sent_at=gt.2026-02-22T21%3A12%3A17.613207 "HTTP/1.1 200 OK"
2026-02-23 21:12:17,616 - httpcore.http11 - DEBUG - receive_response_body.started request=<Request [b'GET']>
2026-02-23 21:12:17,616 - httpcore.http11 - DEBUG - receive_response_body.complete
2026-02-23 21:12:17,616 - httpcore.http11 - DEBUG - response_closed.started
2026-02-23 21:12:17,616 - httpcore.http11 - DEBUG - response_closed.complete
2026-02-23 21:12:17,616 - httpcore.http11 - DEBUG - send_request_headers.started request=<Request [b'GET']>
2026-02-23 21:12:17,616 - httpcore.http11 - DEBUG - send_request_headers.complete
2026-02-23 21:12:17,616 - httpcore.http11 - DEBUG - send_request_body.started request=<Request [b'GET']>
2026-02-23 21:12:17,617 - httpcore.http11 - DEBUG - send_request_body.complete
2026-02-23 21:12:17,617 - httpcore.http11 - DEBUG - receive_response_headers.started request=<Request [b'GET']>
2026-02-23 21:12:17,618 - httpcore.http11 - DEBUG - receive_response_headers.complete return_value=(b'HTTP/1.1', 200, b'OK', [(b'Content-Type', b'application/json; charset=utf-8'), (b'Content-Length', b'2'), (b'Connection', b'keep-alive'), (b'Date', b'Mon, 23 Feb 2026 12:12:17 GMT'), (b'Server', b'postgrest/14.5'), (b'Content-Range', b'*/*'), (b'Content-Location', b'/notification_history?identifier=eq.20260303_%C3%AA%C2%B0%C2%80%C3%AC%C2%95%C2%BC%C3%AC%C2%82%C2%B0_%C3%AC%C2%B9%C2%B4%C3%AB%C2%9D%C2%BC%C3%AB%C2%B0%C2%98&select=id&sent_at=gt.2026-02-22T21%3A12%3A17.616359'), (b'Content-Profile', b'public'), (b'Access-Control-Allow-Origin', b'*'), (b'X-Kong-Upstream-Latency', b'1'), (b'X-Kong-Proxy-Latency', b'0'), (b'Via', b'kong/2.8.1')])
2026-02-23 21:12:17,619 - httpx - INFO - HTTP Request: GET http://127.0.0.1:54321/rest/v1/notification_history?select=id&identifier=eq.20260303_%EA%B0%80%EC%95%BC%EC%82%B0_%EC%B9%B4%EB%9D%BC%EB%B0%98&sent_at=gt.2026-02-22T21%3A12%3A17.616359 "HTTP/1.1 200 OK"
2026-02-23 21:12:17,619 - httpcore.http11 - DEBUG - receive_response_body.started request=<Request [b'GET']>
2026-02-23 21:12:17,619 - httpcore.http11 - DEBUG - receive_response_body.complete
2026-02-23 21:12:17,619 - httpcore.http11 - DEBUG - response_closed.started
2026-02-23 21:12:17,619 - httpcore.http11 - DEBUG - response_closed.complete
2026-02-23 21:12:17,619 - httpcore.http11 - DEBUG - send_request_headers.started request=<Request [b'GET']>
2026-02-23 21:12:17,620 - httpcore.http11 - DEBUG - send_request_headers.complete
2026-02-23 21:12:17,620 - httpcore.http11 - DEBUG - send_request_body.started request=<Request [b'GET']>
2026-02-23 21:12:17,620 - httpcore.http11 - DEBUG - send_request_body.complete
2026-02-23 21:12:17,620 - httpcore.http11 - DEBUG - receive_response_headers.started request=<Request [b'GET']>
2026-02-23 21:12:17,621 - httpcore.http11 - DEBUG - receive_response_headers.complete return_value=(b'HTTP/1.1', 200, b'OK', [(b'Content-Type', b'application/json; charset=utf-8'), (b'Content-Length', b'2'), (b'Connection', b'keep-alive'), (b'Date', b'Mon, 23 Feb 2026 12:12:17 GMT'), (b'Server', b'postgrest/14.5'), (b'Content-Range', b'*/*'), (b'Content-Location', b'/notification_history?identifier=eq.20260303_%C3%AC%C2%9B%C2%94%C3%AC%C2%B6%C2%9C%C3%AC%C2%82%C2%B0_%C3%AC%C2%B9%C2%B4%C3%AB%C2%9D%C2%BC%C3%AB%C2%B0%C2%98&select=id&sent_at=gt.2026-02-22T21%3A12%3A17.619490'), (b'Content-Profile', b'public'), (b'Access-Control-Allow-Origin', b'*'), (b'X-Kong-Upstream-Latency', b'1'), (b'X-Kong-Proxy-Latency', b'0'), (b'Via', b'kong/2.8.1')])
2026-02-23 21:12:17,622 - httpx - INFO - HTTP Request: GET http://127.0.0.1:54321/rest/v1/notification_history?select=id&identifier=eq.20260303_%EC%9B%94%EC%B6%9C%EC%82%B0_%EC%B9%B4%EB%9D%BC%EB%B0%98&sent_at=gt.2026-02-22T21%3A12%3A17.619490 "HTTP/1.1 200 OK"
2026-02-23 21:12:17,622 - httpcore.http11 - DEBUG - receive_response_body.started request=<Request [b'GET']>
2026-02-23 21:12:17,622 - httpcore.http11 - DEBUG - receive_response_body.complete
2026-02-23 21:12:17,622 - httpcore.http11 - DEBUG - response_closed.started
2026-02-23 21:12:17,622 - httpcore.http11 - DEBUG - response_closed.complete
2026-02-23 21:12:17,622 - httpcore.http11 - DEBUG - send_request_headers.started request=<Request [b'GET']>
2026-02-23 21:12:17,622 - httpcore.http11 - DEBUG - send_request_headers.complete
2026-02-23 21:12:17,622 - httpcore.http11 - DEBUG - send_request_body.started request=<Request [b'GET']>
2026-02-23 21:12:17,622 - httpcore.http11 - DEBUG - send_request_body.complete
2026-02-23 21:12:17,623 - httpcore.http11 - DEBUG - receive_response_headers.started request=<Request [b'GET']>
2026-02-23 21:12:17,625 - httpcore.http11 - DEBUG - receive_response_headers.complete return_value=(b'HTTP/1.1', 200, b'OK', [(b'Content-Type', b'application/json; charset=utf-8'), (b'Content-Length', b'2'), (b'Connection', b'keep-alive'), (b'Date', b'Mon, 23 Feb 2026 12:12:17 GMT'), (b'Server', b'postgrest/14.5'), (b'Content-Range', b'*/*'), (b'Content-Location', b'/notification_history?identifier=eq.20260303_%C3%AC%C2%B9%C2%98%C3%AC%C2%95%C2%85%C3%AC%C2%82%C2%B0_%C3%AC%C2%B9%C2%B4%C3%AB%C2%9D%C2%BC%C3%AB%C2%B0%C2%98&select=id&sent_at=gt.2026-02-22T21%3A12%3A17.622362'), (b'Content-Profile', b'public'), (b'Access-Control-Allow-Origin', b'*'), (b'X-Kong-Upstream-Latency', b'2'), (b'X-Kong-Proxy-Latency', b'0'), (b'Via', b'kong/2.8.1')])
2026-02-23 21:12:17,625 - httpx - INFO - HTTP Request: GET http://127.0.0.1:54321/rest/v1/notification_history?select=id&identifier=eq.20260303_%EC%B9%98%EC%95%85%EC%82%B0_%EC%B9%B4%EB%9D%BC%EB%B0%98&sent_at=gt.2026-02-22T21%3A12%3A17.622362 "HTTP/1.1 200 OK"
2026-02-23 21:12:17,625 - httpcore.http11 - DEBUG - receive_response_body.started request=<Request [b'GET']>
2026-02-23 21:12:17,625 - httpcore.http11 - DEBUG - receive_response_body.complete
2026-02-23 21:12:17,626 - httpcore.http11 - DEBUG - response_closed.started
2026-02-23 21:12:17,626 - httpcore.http11 - DEBUG - response_closed.complete
2026-02-23 21:12:17,626 - httpcore.http11 - DEBUG - send_request_headers.started request=<Request [b'GET']>
2026-02-23 21:12:17,626 - httpcore.http11 - DEBUG - send_request_headers.complete
2026-02-23 21:12:17,626 - httpcore.http11 - DEBUG - send_request_body.started request=<Request [b'GET']>
2026-02-23 21:12:17,626 - httpcore.http11 - DEBUG - send_request_body.complete
2026-02-23 21:12:17,626 - httpcore.http11 - DEBUG - receive_response_headers.started request=<Request [b'GET']>
2026-02-23 21:12:17,629 - httpcore.http11 - DEBUG - receive_response_headers.complete return_value=(b'HTTP/1.1', 200, b'OK', [(b'Content-Type', b'application/json; charset=utf-8'), (b'Content-Length', b'2'), (b'Connection', b'keep-alive'), (b'Date', b'Mon, 23 Feb 2026 12:12:17 GMT'), (b'Server', b'postgrest/14.5'), (b'Content-Range', b'*/*'), (b'Content-Location', b'/notification_history?identifier=eq.20260303_%C3%AD%C2%83%C2%9C%C3%AC%C2%95%C2%88%C3%AD%C2%95%C2%B4%C3%AC%C2%95%C2%88_%C3%AC%C2%B9%C2%B4%C3%AB%C2%9D%C2%BC%C3%AB%C2%B0%C2%98&select=id&sent_at=gt.2026-02-22T21%3A12%3A17.626087'), (b'Content-Profile', b'public'), (b'Access-Control-Allow-Origin', b'*'), (b'X-Kong-Upstream-Latency', b'1'), (b'X-Kong-Proxy-Latency', b'1'), (b'Via', b'kong/2.8.1')])
2026-02-23 21:12:17,629 - httpx - INFO - HTTP Request: GET http://127.0.0.1:54321/rest/v1/notification_history?select=id&identifier=eq.20260303_%ED%83%9C%EC%95%88%ED%95%B4%EC%95%88_%EC%B9%B4%EB%9D%BC%EB%B0%98&sent_at=gt.2026-02-22T21%3A12%3A17.626087 "HTTP/1.1 200 OK"
2026-02-23 21:12:17,629 - httpcore.http11 - DEBUG - receive_response_body.started request=<Request [b'GET']>
2026-02-23 21:12:17,629 - httpcore.http11 - DEBUG - receive_response_body.complete
2026-02-23 21:12:17,629 - httpcore.http11 - DEBUG - response_closed.started
2026-02-23 21:12:17,629 - httpcore.http11 - DEBUG - response_closed.complete
2026-02-23 21:12:17,629 - httpcore.http11 - DEBUG - send_request_headers.started request=<Request [b'GET']>
2026-02-23 21:12:17,630 - httpcore.http11 - DEBUG - send_request_headers.complete
2026-02-23 21:12:17,630 - httpcore.http11 - DEBUG - send_request_body.started request=<Request [b'GET']>
2026-02-23 21:12:17,630 - httpcore.http11 - DEBUG - send_request_body.complete
2026-02-23 21:12:17,630 - httpcore.http11 - DEBUG - receive_response_headers.started request=<Request [b'GET']>
2026-02-23 21:12:17,632 - httpcore.http11 - DEBUG - receive_response_headers.complete return_value=(b'HTTP/1.1', 200, b'OK', [(b'Content-Type', b'application/json; charset=utf-8'), (b'Content-Length', b'2'), (b'Connection', b'keep-alive'), (b'Date', b'Mon, 23 Feb 2026 12:12:17 GMT'), (b'Server', b'postgrest/14.5'), (b'Content-Range', b'*/*'), (b'Content-Location', b'/notification_history?identifier=eq.20260305_%C3%AA%C2%B0%C2%80%C3%AC%C2%95%C2%BC%C3%AC%C2%82%C2%B0_%C3%AC%C2%B9%C2%B4%C3%AB%C2%9D%C2%BC%C3%AB%C2%B0%C2%98&select=id&sent_at=gt.2026-02-22T21%3A12%3A17.629588'), (b'Content-Profile', b'public'), (b'Access-Control-Allow-Origin', b'*'), (b'X-Kong-Upstream-Latency', b'1'), (b'X-Kong-Proxy-Latency', b'0'), (b'Via', b'kong/2.8.1')])
2026-02-23 21:12:17,632 - httpx - INFO - HTTP Request: GET http://127.0.0.1:54321/rest/v1/notification_history?select=id&identifier=eq.20260305_%EA%B0%80%EC%95%BC%EC%82%B0_%EC%B9%B4%EB%9D%BC%EB%B0%98&sent_at=gt.2026-02-22T21%3A12%3A17.629588 "HTTP/1.1 200 OK"
2026-02-23 21:12:17,632 - httpcore.http11 - DEBUG - receive_response_body.started request=<Request [b'GET']>
2026-02-23 21:12:17,632 - httpcore.http11 - DEBUG - receive_response_body.complete
2026-02-23 21:12:17,632 - httpcore.http11 - DEBUG - response_closed.started
2026-02-23 21:12:17,632 - httpcore.http11 - DEBUG - response_closed.complete
2026-02-23 21:12:17,633 - httpcore.http11 - DEBUG - send_request_headers.started request=<Request [b'GET']>
2026-02-23 21:12:17,633 - httpcore.http11 - DEBUG - send_request_headers.complete
2026-02-23 21:12:17,633 - httpcore.http11 - DEBUG - send_request_body.started request=<Request [b'GET']>
2026-02-23 21:12:17,633 - httpcore.http11 - DEBUG - send_request_body.complete
2026-02-23 21:12:17,633 - httpcore.http11 - DEBUG - receive_response_headers.started request=<Request [b'GET']>
2026-02-23 21:12:17,635 - httpcore.http11 - DEBUG - receive_response_headers.complete return_value=(b'HTTP/1.1', 200, b'OK', [(b'Content-Type', b'application/json; charset=utf-8'), (b'Content-Length', b'2'), (b'Connection', b'keep-alive'), (b'Date', b'Mon, 23 Feb 2026 12:12:17 GMT'), (b'Server', b'postgrest/14.5'), (b'Content-Range', b'*/*'), (b'Content-Location', b'/notification_history?identifier=eq.20260305_%C3%AC%C2%9B%C2%94%C3%AC%C2%B6%C2%9C%C3%AC%C2%82%C2%B0_%C3%AC%C2%B9%C2%B4%C3%AB%C2%9D%C2%BC%C3%AB%C2%B0%C2%98&select=id&sent_at=gt.2026-02-22T21%3A12%3A17.632805'), (b'Content-Profile', b'public'), (b'Access-Control-Allow-Origin', b'*'), (b'X-Kong-Upstream-Latency', b'1'), (b'X-Kong-Proxy-Latency', b'0'), (b'Via', b'kong/2.8.1')])
2026-02-23 21:12:17,635 - httpx - INFO - HTTP Request: GET http://127.0.0.1:54321/rest/v1/notification_history?select=id&identifier=eq.20260305_%EC%9B%94%EC%B6%9C%EC%82%B0_%EC%B9%B4%EB%9D%BC%EB%B0%98&sent_at=gt.2026-02-22T21%3A12%3A17.632805 "HTTP/1.1 200 OK"
2026-02-23 21:12:17,635 - httpcore.http11 - DEBUG - receive_response_body.started request=<Request [b'GET']>
2026-02-23 21:12:17,635 - httpcore.http11 - DEBUG - receive_response_body.complete
2026-02-23 21:12:17,635 - httpcore.http11 - DEBUG - response_closed.started
2026-02-23 21:12:17,635 - httpcore.http11 - DEBUG - response_closed.complete
2026-02-23 21:12:17,636 - httpcore.http11 - DEBUG - send_request_headers.started request=<Request [b'GET']>
2026-02-23 21:12:17,636 - httpcore.http11 - DEBUG - send_request_headers.complete
2026-02-23 21:12:17,636 - httpcore.http11 - DEBUG - send_request_body.started request=<Request [b'GET']>
2026-02-23 21:12:17,636 - httpcore.http11 - DEBUG - send_request_body.complete
2026-02-23 21:12:17,636 - httpcore.http11 - DEBUG - receive_response_headers.started request=<Request [b'GET']>
2026-02-23 21:12:17,637 - httpcore.http11 - DEBUG - receive_response_headers.complete return_value=(b'HTTP/1.1', 200, b'OK', [(b'Content-Type', b'application/json; charset=utf-8'), (b'Content-Length', b'2'), (b'Connection', b'keep-alive'), (b'Date', b'Mon, 23 Feb 2026 12:12:17 GMT'), (b'Server', b'postgrest/14.5'), (b'Content-Range', b'*/*'), (b'Content-Location', b'/notification_history?identifier=eq.20260305_%C3%AC%C2%B9%C2%98%C3%AC%C2%95%C2%85%C3%AC%C2%82%C2%B0_%C3%AC%C2%B9%C2%B4%C3%AB%C2%9D%C2%BC%C3%AB%C2%B0%C2%98&select=id&sent_at=gt.2026-02-22T21%3A12%3A17.635716'), (b'Content-Profile', b'public'), (b'Access-Control-Allow-Origin', b'*'), (b'X-Kong-Upstream-Latency', b'1'), (b'X-Kong-Proxy-Latency', b'0'), (b'Via', b'kong/2.8.1')])
2026-02-23 21:12:17,638 - httpx - INFO - HTTP Request: GET http://127.0.0.1:54321/rest/v1/notification_history?select=id&identifier=eq.20260305_%EC%B9%98%EC%95%85%EC%82%B0_%EC%B9%B4%EB%9D%BC%EB%B0%98&sent_at=gt.2026-02-22T21%3A12%3A17.635716 "HTTP/1.1 200 OK"
2026-02-23 21:12:17,638 - httpcore.http11 - DEBUG - receive_response_body.started request=<Request [b'GET']>
2026-02-23 21:12:17,638 - httpcore.http11 - DEBUG - receive_response_body.complete
2026-02-23 21:12:17,638 - httpcore.http11 - DEBUG - response_closed.started
2026-02-23 21:12:17,638 - httpcore.http11 - DEBUG - response_closed.complete
2026-02-23 21:12:17,638 - httpcore.http11 - DEBUG - send_request_headers.started request=<Request [b'GET']>
2026-02-23 21:12:17,638 - httpcore.http11 - DEBUG - send_request_headers.complete
2026-02-23 21:12:17,638 - httpcore.http11 - DEBUG - send_request_body.started request=<Request [b'GET']>
2026-02-23 21:12:17,639 - httpcore.http11 - DEBUG - send_request_body.complete
2026-02-23 21:12:17,639 - httpcore.http11 - DEBUG - receive_response_headers.started request=<Request [b'GET']>
2026-02-23 21:12:17,640 - httpcore.http11 - DEBUG - receive_response_headers.complete return_value=(b'HTTP/1.1', 200, b'OK', [(b'Content-Type', b'application/json; charset=utf-8'), (b'Content-Length', b'2'), (b'Connection', b'keep-alive'), (b'Date', b'Mon, 23 Feb 2026 12:12:17 GMT'), (b'Server', b'postgrest/14.5'), (b'Content-Range', b'*/*'), (b'Content-Location', b'/notification_history?identifier=eq.20260305_%C3%AD%C2%83%C2%9C%C3%AC%C2%95%C2%88%C3%AD%C2%95%C2%B4%C3%AC%C2%95%C2%88_%C3%AC%C2%B9%C2%B4%C3%AB%C2%9D%C2%BC%C3%AB%C2%B0%C2%98&select=id&sent_at=gt.2026-02-22T21%3A12%3A17.638339'), (b'Content-Profile', b'public'), (b'Access-Control-Allow-Origin', b'*'), (b'X-Kong-Upstream-Latency', b'1'), (b'X-Kong-Proxy-Latency', b'0'), (b'Via', b'kong/2.8.1')])
2026-02-23 21:12:17,640 - httpx - INFO - HTTP Request: GET http://127.0.0.1:54321/rest/v1/notification_history?select=id&identifier=eq.20260305_%ED%83%9C%EC%95%88%ED%95%B4%EC%95%88_%EC%B9%B4%EB%9D%BC%EB%B0%98&sent_at=gt.2026-02-22T21%3A12%3A17.638339 "HTTP/1.1 200 OK"
2026-02-23 21:12:17,640 - httpcore.http11 - DEBUG - receive_response_body.started request=<Request [b'GET']>
2026-02-23 21:12:17,640 - httpcore.http11 - DEBUG - receive_response_body.complete
2026-02-23 21:12:17,640 - httpcore.http11 - DEBUG - response_closed.started
2026-02-23 21:12:17,640 - httpcore.http11 - DEBUG - response_closed.complete
2026-02-23 21:12:17,641 - httpcore.http11 - DEBUG - send_request_headers.started request=<Request [b'GET']>
2026-02-23 21:12:17,641 - httpcore.http11 - DEBUG - send_request_headers.complete
2026-02-23 21:12:17,641 - httpcore.http11 - DEBUG - send_request_body.started request=<Request [b'GET']>
2026-02-23 21:12:17,641 - httpcore.http11 - DEBUG - send_request_body.complete
2026-02-23 21:12:17,641 - httpcore.http11 - DEBUG - receive_response_headers.started request=<Request [b'GET']>
2026-02-23 21:12:17,642 - httpcore.http11 - DEBUG - receive_response_headers.complete return_value=(b'HTTP/1.1', 200, b'OK', [(b'Content-Type', b'application/json; charset=utf-8'), (b'Content-Length', b'2'), (b'Connection', b'keep-alive'), (b'Date', b'Mon, 23 Feb 2026 12:12:17 GMT'), (b'Server', b'postgrest/14.5'), (b'Content-Range', b'*/*'), (b'Content-Location', b'/notification_history?identifier=eq.20260306_%C3%AA%C2%B0%C2%80%C3%AC%C2%95%C2%BC%C3%AC%C2%82%C2%B0_%C3%AC%C2%B9%C2%B4%C3%AB%C2%9D%C2%BC%C3%AB%C2%B0%C2%98&select=id&sent_at=gt.2026-02-22T21%3A12%3A17.640981'), (b'Content-Profile', b'public'), (b'Access-Control-Allow-Origin', b'*'), (b'X-Kong-Upstream-Latency', b'0'), (b'X-Kong-Proxy-Latency', b'1'), (b'Via', b'kong/2.8.1')])
2026-02-23 21:12:17,643 - httpx - INFO - HTTP Request: GET http://127.0.0.1:54321/rest/v1/notification_history?select=id&identifier=eq.20260306_%EA%B0%80%EC%95%BC%EC%82%B0_%EC%B9%B4%EB%9D%BC%EB%B0%98&sent_at=gt.2026-02-22T21%3A12%3A17.640981 "HTTP/1.1 200 OK"
2026-02-23 21:12:17,643 - httpcore.http11 - DEBUG - receive_response_body.started request=<Request [b'GET']>
2026-02-23 21:12:17,643 - httpcore.http11 - DEBUG - receive_response_body.complete
2026-02-23 21:12:17,643 - httpcore.http11 - DEBUG - response_closed.started
2026-02-23 21:12:17,643 - httpcore.http11 - DEBUG - response_closed.complete
2026-02-23 21:12:17,643 - httpcore.http11 - DEBUG - send_request_headers.started request=<Request [b'GET']>
2026-02-23 21:12:17,643 - httpcore.http11 - DEBUG - send_request_headers.complete
2026-02-23 21:12:17,643 - httpcore.http11 - DEBUG - send_request_body.started request=<Request [b'GET']>
2026-02-23 21:12:17,643 - httpcore.http11 - DEBUG - send_request_body.complete
2026-02-23 21:12:17,644 - httpcore.http11 - DEBUG - receive_response_headers.started request=<Request [b'GET']>
2026-02-23 21:12:17,645 - httpcore.http11 - DEBUG - receive_response_headers.complete return_value=(b'HTTP/1.1', 200, b'OK', [(b'Content-Type', b'application/json; charset=utf-8'), (b'Content-Length', b'2'), (b'Connection', b'keep-alive'), (b'Date', b'Mon, 23 Feb 2026 12:12:17 GMT'), (b'Server', b'postgrest/14.5'), (b'Content-Range', b'*/*'), (b'Content-Location', b'/notification_history?identifier=eq.20260306_%C3%AC%C2%B9%C2%98%C3%AC%C2%95%C2%85%C3%AC%C2%82%C2%B0_%C3%AC%C2%B9%C2%B4%C3%AB%C2%9D%C2%BC%C3%AB%C2%B0%C2%98&select=id&sent_at=gt.2026-02-22T21%3A12%3A17.643429'), (b'Content-Profile', b'public'), (b'Access-Control-Allow-Origin', b'*'), (b'X-Kong-Upstream-Latency', b'1'), (b'X-Kong-Proxy-Latency', b'0'), (b'Via', b'kong/2.8.1')])
2026-02-23 21:12:17,645 - httpx - INFO - HTTP Request: GET http://127.0.0.1:54321/rest/v1/notification_history?select=id&identifier=eq.20260306_%EC%B9%98%EC%95%85%EC%82%B0_%EC%B9%B4%EB%9D%BC%EB%B0%98&sent_at=gt.2026-02-22T21%3A12%3A17.643429 "HTTP/1.1 200 OK"
2026-02-23 21:12:17,645 - httpcore.http11 - DEBUG - receive_response_body.started request=<Request [b'GET']>
2026-02-23 21:12:17,645 - httpcore.http11 - DEBUG - receive_response_body.complete
2026-02-23 21:12:17,645 - httpcore.http11 - DEBUG - response_closed.started
2026-02-23 21:12:17,645 - httpcore.http11 - DEBUG - response_closed.complete
2026-02-23 21:12:17,646 - httpcore.http11 - DEBUG - send_request_headers.started request=<Request [b'GET']>
2026-02-23 21:12:17,646 - httpcore.http11 - DEBUG - send_request_headers.complete
2026-02-23 21:12:17,646 - httpcore.http11 - DEBUG - send_request_body.started request=<Request [b'GET']>
2026-02-23 21:12:17,646 - httpcore.http11 - DEBUG - send_request_body.complete
2026-02-23 21:12:17,646 - httpcore.http11 - DEBUG - receive_response_headers.started request=<Request [b'GET']>
2026-02-23 21:12:17,647 - httpcore.http11 - DEBUG - receive_response_headers.complete return_value=(b'HTTP/1.1', 200, b'OK', [(b'Content-Type', b'application/json; charset=utf-8'), (b'Content-Length', b'2'), (b'Connection', b'keep-alive'), (b'Date', b'Mon, 23 Feb 2026 12:12:17 GMT'), (b'Server', b'postgrest/14.5'), (b'Content-Range', b'*/*'), (b'Content-Location', b'/notification_history?identifier=eq.20260306_%C3%AD%C2%83%C2%9C%C3%AC%C2%95%C2%88%C3%AD%C2%95%C2%B4%C3%AC%C2%95%C2%88_%C3%AC%C2%B9%C2%B4%C3%AB%C2%9D%C2%BC%C3%AB%C2%B0%C2%98&select=id&sent_at=gt.2026-02-22T21%3A12%3A17.645875'), (b'Content-Profile', b'public'), (b'Access-Control-Allow-Origin', b'*'), (b'X-Kong-Upstream-Latency', b'1'), (b'X-Kong-Proxy-Latency', b'0'), (b'Via', b'kong/2.8.1')])
2026-02-23 21:12:17,647 - httpx - INFO - HTTP Request: GET http://127.0.0.1:54321/rest/v1/notification_history?select=id&identifier=eq.20260306_%ED%83%9C%EC%95%88%ED%95%B4%EC%95%88_%EC%B9%B4%EB%9D%BC%EB%B0%98&sent_at=gt.2026-02-22T21%3A12%3A17.645875 "HTTP/1.1 200 OK"
2026-02-23 21:12:17,648 - httpcore.http11 - DEBUG - receive_response_body.started request=<Request [b'GET']>
2026-02-23 21:12:17,648 - httpcore.http11 - DEBUG - receive_response_body.complete
2026-02-23 21:12:17,648 - httpcore.http11 - DEBUG - response_closed.started
2026-02-23 21:12:17,648 - httpcore.http11 - DEBUG - response_closed.complete
2026-02-23 21:12:17,649 - httpcore.http11 - DEBUG - send_request_headers.started request=<Request [b'GET']>
2026-02-23 21:12:17,649 - httpcore.http11 - DEBUG - send_request_headers.complete
2026-02-23 21:12:17,649 - httpcore.http11 - DEBUG - send_request_body.started request=<Request [b'GET']>
2026-02-23 21:12:17,649 - httpcore.http11 - DEBUG - send_request_body.complete
2026-02-23 21:12:17,649 - httpcore.http11 - DEBUG - receive_response_headers.started request=<Request [b'GET']>
2026-02-23 21:12:17,651 - httpcore.http11 - DEBUG - receive_response_headers.complete return_value=(b'HTTP/1.1', 200, b'OK', [(b'Content-Type', b'application/json; charset=utf-8'), (b'Content-Length', b'2'), (b'Connection', b'keep-alive'), (b'Date', b'Mon, 23 Feb 2026 12:12:17 GMT'), (b'Server', b'postgrest/14.5'), (b'Content-Range', b'*/*'), (b'Content-Location', b'/notification_history?identifier=eq.20260308_%C3%AA%C2%B0%C2%80%C3%AC%C2%95%C2%BC%C3%AC%C2%82%C2%B0_%C3%AC%C2%B9%C2%B4%C3%AB%C2%9D%C2%BC%C3%AB%C2%B0%C2%98&select=id&sent_at=gt.2026-02-22T21%3A12%3A17.648842'), (b'Content-Profile', b'public'), (b'Access-Control-Allow-Origin', b'*'), (b'X-Kong-Upstream-Latency', b'0'), (b'X-Kong-Proxy-Latency', b'1'), (b'Via', b'kong/2.8.1')])
2026-02-23 21:12:17,651 - httpx - INFO - HTTP Request: GET http://127.0.0.1:54321/rest/v1/notification_history?select=id&identifier=eq.20260308_%EA%B0%80%EC%95%BC%EC%82%B0_%EC%B9%B4%EB%9D%BC%EB%B0%98&sent_at=gt.2026-02-22T21%3A12%3A17.648842 "HTTP/1.1 200 OK"
2026-02-23 21:12:17,651 - httpcore.http11 - DEBUG - receive_response_body.started request=<Request [b'GET']>
2026-02-23 21:12:17,651 - httpcore.http11 - DEBUG - receive_response_body.complete
2026-02-23 21:12:17,651 - httpcore.http11 - DEBUG - response_closed.started
2026-02-23 21:12:17,651 - httpcore.http11 - DEBUG - response_closed.complete
2026-02-23 21:12:17,652 - httpcore.http11 - DEBUG - send_request_headers.started request=<Request [b'GET']>
2026-02-23 21:12:17,652 - httpcore.http11 - DEBUG - send_request_headers.complete
2026-02-23 21:12:17,652 - httpcore.http11 - DEBUG - send_request_body.started request=<Request [b'GET']>
2026-02-23 21:12:17,652 - httpcore.http11 - DEBUG - send_request_body.complete
2026-02-23 21:12:17,652 - httpcore.http11 - DEBUG - receive_response_headers.started request=<Request [b'GET']>
2026-02-23 21:12:17,653 - httpcore.http11 - DEBUG - receive_response_headers.complete return_value=(b'HTTP/1.1', 200, b'OK', [(b'Content-Type', b'application/json; charset=utf-8'), (b'Content-Length', b'2'), (b'Connection', b'keep-alive'), (b'Date', b'Mon, 23 Feb 2026 12:12:17 GMT'), (b'Server', b'postgrest/14.5'), (b'Content-Range', b'*/*'), (b'Content-Location', b'/notification_history?identifier=eq.20260308_%C3%AC%C2%9B%C2%94%C3%AC%C2%B6%C2%9C%C3%AC%C2%82%C2%B0_%C3%AC%C2%B9%C2%B4%C3%AB%C2%9D%C2%BC%C3%AB%C2%B0%C2%98&select=id&sent_at=gt.2026-02-22T21%3A12%3A17.651697'), (b'Content-Profile', b'public'), (b'Access-Control-Allow-Origin', b'*'), (b'X-Kong-Upstream-Latency', b'1'), (b'X-Kong-Proxy-Latency', b'0'), (b'Via', b'kong/2.8.1')])
2026-02-23 21:12:17,653 - httpx - INFO - HTTP Request: GET http://127.0.0.1:54321/rest/v1/notification_history?select=id&identifier=eq.20260308_%EC%9B%94%EC%B6%9C%EC%82%B0_%EC%B9%B4%EB%9D%BC%EB%B0%98&sent_at=gt.2026-02-22T21%3A12%3A17.651697 "HTTP/1.1 200 OK"
2026-02-23 21:12:17,654 - httpcore.http11 - DEBUG - receive_response_body.started request=<Request [b'GET']>
2026-02-23 21:12:17,654 - httpcore.http11 - DEBUG - receive_response_body.complete
2026-02-23 21:12:17,654 - httpcore.http11 - DEBUG - response_closed.started
2026-02-23 21:12:17,654 - httpcore.http11 - DEBUG - response_closed.complete
2026-02-23 21:12:17,654 - httpcore.http11 - DEBUG - send_request_headers.started request=<Request [b'GET']>
2026-02-23 21:12:17,654 - httpcore.http11 - DEBUG - send_request_headers.complete
2026-02-23 21:12:17,654 - httpcore.http11 - DEBUG - send_request_body.started request=<Request [b'GET']>
2026-02-23 21:12:17,654 - httpcore.http11 - DEBUG - send_request_body.complete
2026-02-23 21:12:17,654 - httpcore.http11 - DEBUG - receive_response_headers.started request=<Request [b'GET']>
2026-02-23 21:12:17,656 - httpcore.http11 - DEBUG - receive_response_headers.complete return_value=(b'HTTP/1.1', 200, b'OK', [(b'Content-Type', b'application/json; charset=utf-8'), (b'Content-Length', b'2'), (b'Connection', b'keep-alive'), (b'Date', b'Mon, 23 Feb 2026 12:12:17 GMT'), (b'Server', b'postgrest/14.5'), (b'Content-Range', b'*/*'), (b'Content-Location', b'/notification_history?identifier=eq.20260308_%C3%AC%C2%B9%C2%98%C3%AC%C2%95%C2%85%C3%AC%C2%82%C2%B0_%C3%AC%C2%B9%C2%B4%C3%AB%C2%9D%C2%BC%C3%AB%C2%B0%C2%98&select=id&sent_at=gt.2026-02-22T21%3A12%3A17.654297'), (b'Content-Profile', b'public'), (b'Access-Control-Allow-Origin', b'*'), (b'X-Kong-Upstream-Latency', b'1'), (b'X-Kong-Proxy-Latency', b'0'), (b'Via', b'kong/2.8.1')])
2026-02-23 21:12:17,656 - httpx - INFO - HTTP Request: GET http://127.0.0.1:54321/rest/v1/notification_history?select=id&identifier=eq.20260308_%EC%B9%98%EC%95%85%EC%82%B0_%EC%B9%B4%EB%9D%BC%EB%B0%98&sent_at=gt.2026-02-22T21%3A12%3A17.654297 "HTTP/1.1 200 OK"
2026-02-23 21:12:17,656 - httpcore.http11 - DEBUG - receive_response_body.started request=<Request [b'GET']>
2026-02-23 21:12:17,656 - httpcore.http11 - DEBUG - receive_response_body.complete
2026-02-23 21:12:17,656 - httpcore.http11 - DEBUG - response_closed.started
2026-02-23 21:12:17,656 - httpcore.http11 - DEBUG - response_closed.complete
2026-02-23 21:12:17,657 - httpcore.http11 - DEBUG - send_request_headers.started request=<Request [b'GET']>
2026-02-23 21:12:17,657 - httpcore.http11 - DEBUG - send_request_headers.complete
2026-02-23 21:12:17,657 - httpcore.http11 - DEBUG - send_request_body.started request=<Request [b'GET']>
2026-02-23 21:12:17,657 - httpcore.http11 - DEBUG - send_request_body.complete
2026-02-23 21:12:17,657 - httpcore.http11 - DEBUG - receive_response_headers.started request=<Request [b'GET']>
2026-02-23 21:12:17,659 - httpcore.http11 - DEBUG - receive_response_headers.complete return_value=(b'HTTP/1.1', 200, b'OK', [(b'Content-Type', b'application/json; charset=utf-8'), (b'Content-Length', b'2'), (b'Connection', b'keep-alive'), (b'Date', b'Mon, 23 Feb 2026 12:12:17 GMT'), (b'Server', b'postgrest/14.5'), (b'Content-Range', b'*/*'), (b'Content-Location', b'/notification_history?identifier=eq.20260308_%C3%AD%C2%83%C2%9C%C3%AC%C2%95%C2%88%C3%AD%C2%95%C2%B4%C3%AC%C2%95%C2%88_%C3%AC%C2%B9%C2%B4%C3%AB%C2%9D%C2%BC%C3%AB%C2%B0%C2%98&select=id&sent_at=gt.2026-02-22T21%3A12%3A17.656937'), (b'Content-Profile', b'public'), (b'Access-Control-Allow-Origin', b'*'), (b'X-Kong-Upstream-Latency', b'1'), (b'X-Kong-Proxy-Latency', b'0'), (b'Via', b'kong/2.8.1')])
2026-02-23 21:12:17,659 - httpx - INFO - HTTP Request: GET http://127.0.0.1:54321/rest/v1/notification_history?select=id&identifier=eq.20260308_%ED%83%9C%EC%95%88%ED%95%B4%EC%95%88_%EC%B9%B4%EB%9D%BC%EB%B0%98&sent_at=gt.2026-02-22T21%3A12%3A17.656937 "HTTP/1.1 200 OK"
2026-02-23 21:12:17,659 - httpcore.http11 - DEBUG - receive_response_body.started request=<Request [b'GET']>
2026-02-23 21:12:17,659 - httpcore.http11 - DEBUG - receive_response_body.complete
2026-02-23 21:12:17,659 - httpcore.http11 - DEBUG - response_closed.started
2026-02-23 21:12:17,659 - httpcore.http11 - DEBUG - response_closed.complete
2026-02-23 21:12:17,659 - httpcore.http11 - DEBUG - send_request_headers.started request=<Request [b'GET']>
2026-02-23 21:12:17,659 - httpcore.http11 - DEBUG - send_request_headers.complete
2026-02-23 21:12:17,659 - httpcore.http11 - DEBUG - send_request_body.started request=<Request [b'GET']>
2026-02-23 21:12:17,659 - httpcore.http11 - DEBUG - send_request_body.complete
2026-02-23 21:12:17,660 - httpcore.http11 - DEBUG - receive_response_headers.started request=<Request [b'GET']>
2026-02-23 21:12:17,661 - httpcore.http11 - DEBUG - receive_response_headers.complete return_value=(b'HTTP/1.1', 200, b'OK', [(b'Content-Type', b'application/json; charset=utf-8'), (b'Content-Length', b'2'), (b'Connection', b'keep-alive'), (b'Date', b'Mon, 23 Feb 2026 12:12:17 GMT'), (b'Server', b'postgrest/14.5'), (b'Content-Range', b'*/*'), (b'Content-Location', b'/notification_history?identifier=eq.20260309_%C3%AA%C2%B0%C2%80%C3%AC%C2%95%C2%BC%C3%AC%C2%82%C2%B0_%C3%AC%C2%B9%C2%B4%C3%AB%C2%9D%C2%BC%C3%AB%C2%B0%C2%98&select=id&sent_at=gt.2026-02-22T21%3A12%3A17.659525'), (b'Content-Profile', b'public'), (b'Access-Control-Allow-Origin', b'*'), (b'X-Kong-Upstream-Latency', b'1'), (b'X-Kong-Proxy-Latency', b'0'), (b'Via', b'kong/2.8.1')])
2026-02-23 21:12:17,661 - httpx - INFO - HTTP Request: GET http://127.0.0.1:54321/rest/v1/notification_history?select=id&identifier=eq.20260309_%EA%B0%80%EC%95%BC%EC%82%B0_%EC%B9%B4%EB%9D%BC%EB%B0%98&sent_at=gt.2026-02-22T21%3A12%3A17.659525 "HTTP/1.1 200 OK"
2026-02-23 21:12:17,661 - httpcore.http11 - DEBUG - receive_response_body.started request=<Request [b'GET']>
2026-02-23 21:12:17,661 - httpcore.http11 - DEBUG - receive_response_body.complete
2026-02-23 21:12:17,661 - httpcore.http11 - DEBUG - response_closed.started
2026-02-23 21:12:17,661 - httpcore.http11 - DEBUG - response_closed.complete
2026-02-23 21:12:17,662 - httpcore.http11 - DEBUG - send_request_headers.started request=<Request [b'GET']>
2026-02-23 21:12:17,662 - httpcore.http11 - DEBUG - send_request_headers.complete
2026-02-23 21:12:17,662 - httpcore.http11 - DEBUG - send_request_body.started request=<Request [b'GET']>
2026-02-23 21:12:17,662 - httpcore.http11 - DEBUG - send_request_body.complete
2026-02-23 21:12:17,662 - httpcore.http11 - DEBUG - receive_response_headers.started request=<Request [b'GET']>
2026-02-23 21:12:17,664 - httpcore.http11 - DEBUG - receive_response_headers.complete return_value=(b'HTTP/1.1', 200, b'OK', [(b'Content-Type', b'application/json; charset=utf-8'), (b'Content-Length', b'2'), (b'Connection', b'keep-alive'), (b'Date', b'Mon, 23 Feb 2026 12:12:17 GMT'), (b'Server', b'postgrest/14.5'), (b'Content-Range', b'*/*'), (b'Content-Location', b'/notification_history?identifier=eq.20260309_%C3%AC%C2%9B%C2%94%C3%AC%C2%B6%C2%9C%C3%AC%C2%82%C2%B0_%C3%AC%C2%B9%C2%B4%C3%AB%C2%9D%C2%BC%C3%AB%C2%B0%C2%98&select=id&sent_at=gt.2026-02-22T21%3A12%3A17.661969'), (b'Content-Profile', b'public'), (b'Access-Control-Allow-Origin', b'*'), (b'X-Kong-Upstream-Latency', b'1'), (b'X-Kong-Proxy-Latency', b'1'), (b'Via', b'kong/2.8.1')])
2026-02-23 21:12:17,665 - httpx - INFO - HTTP Request: GET http://127.0.0.1:54321/rest/v1/notification_history?select=id&identifier=eq.20260309_%EC%9B%94%EC%B6%9C%EC%82%B0_%EC%B9%B4%EB%9D%BC%EB%B0%98&sent_at=gt.2026-02-22T21%3A12%3A17.661969 "HTTP/1.1 200 OK"
2026-02-23 21:12:17,665 - httpcore.http11 - DEBUG - receive_response_body.started request=<Request [b'GET']>
2026-02-23 21:12:17,665 - httpcore.http11 - DEBUG - receive_response_body.complete
2026-02-23 21:12:17,665 - httpcore.http11 - DEBUG - response_closed.started
2026-02-23 21:12:17,665 - httpcore.http11 - DEBUG - response_closed.complete
2026-02-23 21:12:17,665 - httpcore.http11 - DEBUG - send_request_headers.started request=<Request [b'GET']>
2026-02-23 21:12:17,665 - httpcore.http11 - DEBUG - send_request_headers.complete
2026-02-23 21:12:17,665 - httpcore.http11 - DEBUG - send_request_body.started request=<Request [b'GET']>
2026-02-23 21:12:17,665 - httpcore.http11 - DEBUG - send_request_body.complete
2026-02-23 21:12:17,665 - httpcore.http11 - DEBUG - receive_response_headers.started request=<Request [b'GET']>
2026-02-23 21:12:17,668 - httpcore.http11 - DEBUG - receive_response_headers.complete return_value=(b'HTTP/1.1', 200, b'OK', [(b'Content-Type', b'application/json; charset=utf-8'), (b'Content-Length', b'2'), (b'Connection', b'keep-alive'), (b'Date', b'Mon, 23 Feb 2026 12:12:17 GMT'), (b'Server', b'postgrest/14.5'), (b'Content-Range', b'*/*'), (b'Content-Location', b'/notification_history?identifier=eq.20260309_%C3%AC%C2%B9%C2%98%C3%AC%C2%95%C2%85%C3%AC%C2%82%C2%B0_%C3%AC%C2%B9%C2%B4%C3%AB%C2%9D%C2%BC%C3%AB%C2%B0%C2%98&select=id&sent_at=gt.2026-02-22T21%3A12%3A17.665348'), (b'Content-Profile', b'public'), (b'Access-Control-Allow-Origin', b'*'), (b'X-Kong-Upstream-Latency', b'2'), (b'X-Kong-Proxy-Latency', b'0'), (b'Via', b'kong/2.8.1')])
2026-02-23 21:12:17,668 - httpx - INFO - HTTP Request: GET http://127.0.0.1:54321/rest/v1/notification_history?select=id&identifier=eq.20260309_%EC%B9%98%EC%95%85%EC%82%B0_%EC%B9%B4%EB%9D%BC%EB%B0%98&sent_at=gt.2026-02-22T21%3A12%3A17.665348 "HTTP/1.1 200 OK"
2026-02-23 21:12:17,668 - httpcore.http11 - DEBUG - receive_response_body.started request=<Request [b'GET']>
2026-02-23 21:12:17,668 - httpcore.http11 - DEBUG - receive_response_body.complete
2026-02-23 21:12:17,668 - httpcore.http11 - DEBUG - response_closed.started
2026-02-23 21:12:17,668 - httpcore.http11 - DEBUG - response_closed.complete
2026-02-23 21:12:17,669 - httpcore.http11 - DEBUG - send_request_headers.started request=<Request [b'GET']>
2026-02-23 21:12:17,669 - httpcore.http11 - DEBUG - send_request_headers.complete
2026-02-23 21:12:17,669 - httpcore.http11 - DEBUG - send_request_body.started request=<Request [b'GET']>
2026-02-23 21:12:17,669 - httpcore.http11 - DEBUG - send_request_body.complete
2026-02-23 21:12:17,669 - httpcore.http11 - DEBUG - receive_response_headers.started request=<Request [b'GET']>
2026-02-23 21:12:17,671 - httpcore.http11 - DEBUG - receive_response_headers.complete return_value=(b'HTTP/1.1', 200, b'OK', [(b'Content-Type', b'application/json; charset=utf-8'), (b'Content-Length', b'2'), (b'Connection', b'keep-alive'), (b'Date', b'Mon, 23 Feb 2026 12:12:17 GMT'), (b'Server', b'postgrest/14.5'), (b'Content-Range', b'*/*'), (b'Content-Location', b'/notification_history?identifier=eq.20260309_%C3%AD%C2%83%C2%9C%C3%AC%C2%95%C2%88%C3%AD%C2%95%C2%B4%C3%AC%C2%95%C2%88_%C3%AC%C2%B9%C2%B4%C3%AB%C2%9D%C2%BC%C3%AB%C2%B0%C2%98&select=id&sent_at=gt.2026-02-22T21%3A12%3A17.668893'), (b'Content-Profile', b'public'), (b'Access-Control-Allow-Origin', b'*'), (b'X-Kong-Upstream-Latency', b'2'), (b'X-Kong-Proxy-Latency', b'0'), (b'Via', b'kong/2.8.1')])
2026-02-23 21:12:17,672 - httpx - INFO - HTTP Request: GET http://127.0.0.1:54321/rest/v1/notification_history?select=id&identifier=eq.20260309_%ED%83%9C%EC%95%88%ED%95%B4%EC%95%88_%EC%B9%B4%EB%9D%BC%EB%B0%98&sent_at=gt.2026-02-22T21%3A12%3A17.668893 "HTTP/1.1 200 OK"
2026-02-23 21:12:17,672 - httpcore.http11 - DEBUG - receive_response_body.started request=<Request [b'GET']>
2026-02-23 21:12:17,672 - httpcore.http11 - DEBUG - receive_response_body.complete
2026-02-23 21:12:17,672 - httpcore.http11 - DEBUG - response_closed.started
2026-02-23 21:12:17,672 - httpcore.http11 - DEBUG - response_closed.complete
2026-02-23 21:12:17,672 - httpcore.http11 - DEBUG - send_request_headers.started request=<Request [b'GET']>
2026-02-23 21:12:17,673 - httpcore.http11 - DEBUG - send_request_headers.complete
2026-02-23 21:12:17,673 - httpcore.http11 - DEBUG - send_request_body.started request=<Request [b'GET']>
2026-02-23 21:12:17,673 - httpcore.http11 - DEBUG - send_request_body.complete
2026-02-23 21:12:17,673 - httpcore.http11 - DEBUG - receive_response_headers.started request=<Request [b'GET']>
2026-02-23 21:12:17,675 - httpcore.http11 - DEBUG - receive_response_headers.complete return_value=(b'HTTP/1.1', 200, b'OK', [(b'Content-Type', b'application/json; charset=utf-8'), (b'Content-Length', b'2'), (b'Connection', b'keep-alive'), (b'Date', b'Mon, 23 Feb 2026 12:12:17 GMT'), (b'Server', b'postgrest/14.5'), (b'Content-Range', b'*/*'), (b'Content-Location', b'/notification_history?identifier=eq.20260310_%C3%AA%C2%B0%C2%80%C3%AC%C2%95%C2%BC%C3%AC%C2%82%C2%B0_%C3%AC%C2%B9%C2%B4%C3%AB%C2%9D%C2%BC%C3%AB%C2%B0%C2%98&select=id&sent_at=gt.2026-02-22T21%3A12%3A17.672496'), (b'Content-Profile', b'public'), (b'Access-Control-Allow-Origin', b'*'), (b'X-Kong-Upstream-Latency', b'2'), (b'X-Kong-Proxy-Latency', b'0'), (b'Via', b'kong/2.8.1')])
2026-02-23 21:12:17,675 - httpx - INFO - HTTP Request: GET http://127.0.0.1:54321/rest/v1/notification_history?select=id&identifier=eq.20260310_%EA%B0%80%EC%95%BC%EC%82%B0_%EC%B9%B4%EB%9D%BC%EB%B0%98&sent_at=gt.2026-02-22T21%3A12%3A17.672496 "HTTP/1.1 200 OK"
2026-02-23 21:12:17,675 - httpcore.http11 - DEBUG - receive_response_body.started request=<Request [b'GET']>
2026-02-23 21:12:17,675 - httpcore.http11 - DEBUG - receive_response_body.complete
2026-02-23 21:12:17,675 - httpcore.http11 - DEBUG - response_closed.started
2026-02-23 21:12:17,675 - httpcore.http11 - DEBUG - response_closed.complete
2026-02-23 21:12:17,676 - httpcore.http11 - DEBUG - send_request_headers.started request=<Request [b'GET']>
2026-02-23 21:12:17,676 - httpcore.http11 - DEBUG - send_request_headers.complete
2026-02-23 21:12:17,676 - httpcore.http11 - DEBUG - send_request_body.started request=<Request [b'GET']>
2026-02-23 21:12:17,676 - httpcore.http11 - DEBUG - send_request_body.complete
2026-02-23 21:12:17,676 - httpcore.http11 - DEBUG - receive_response_headers.started request=<Request [b'GET']>
2026-02-23 21:12:17,678 - httpcore.http11 - DEBUG - receive_response_headers.complete return_value=(b'HTTP/1.1', 200, b'OK', [(b'Content-Type', b'application/json; charset=utf-8'), (b'Content-Length', b'2'), (b'Connection', b'keep-alive'), (b'Date', b'Mon, 23 Feb 2026 12:12:17 GMT'), (b'Server', b'postgrest/14.5'), (b'Content-Range', b'*/*'), (b'Content-Location', b'/notification_history?identifier=eq.20260310_%C3%AC%C2%9B%C2%94%C3%AC%C2%B6%C2%9C%C3%AC%C2%82%C2%B0_%C3%AC%C2%B9%C2%B4%C3%AB%C2%9D%C2%BC%C3%AB%C2%B0%C2%98&select=id&sent_at=gt.2026-02-22T21%3A12%3A17.675910'), (b'Content-Profile', b'public'), (b'Access-Control-Allow-Origin', b'*'), (b'X-Kong-Upstream-Latency', b'2'), (b'X-Kong-Proxy-Latency', b'0'), (b'Via', b'kong/2.8.1')])
2026-02-23 21:12:17,678 - httpx - INFO - HTTP Request: GET http://127.0.0.1:54321/rest/v1/notification_history?select=id&identifier=eq.20260310_%EC%9B%94%EC%B6%9C%EC%82%B0_%EC%B9%B4%EB%9D%BC%EB%B0%98&sent_at=gt.2026-02-22T21%3A12%3A17.675910 "HTTP/1.1 200 OK"
2026-02-23 21:12:17,678 - httpcore.http11 - DEBUG - receive_response_body.started request=<Request [b'GET']>
2026-02-23 21:12:17,678 - httpcore.http11 - DEBUG - receive_response_body.complete
2026-02-23 21:12:17,678 - httpcore.http11 - DEBUG - response_closed.started
2026-02-23 21:12:17,678 - httpcore.http11 - DEBUG - response_closed.complete
2026-02-23 21:12:17,679 - httpcore.http11 - DEBUG - send_request_headers.started request=<Request [b'GET']>
2026-02-23 21:12:17,679 - httpcore.http11 - DEBUG - send_request_headers.complete
2026-02-23 21:12:17,679 - httpcore.http11 - DEBUG - send_request_body.started request=<Request [b'GET']>
2026-02-23 21:12:17,679 - httpcore.http11 - DEBUG - send_request_body.complete
2026-02-23 21:12:17,679 - httpcore.http11 - DEBUG - receive_response_headers.started request=<Request [b'GET']>
2026-02-23 21:12:17,681 - httpcore.http11 - DEBUG - receive_response_headers.complete return_value=(b'HTTP/1.1', 200, b'OK', [(b'Content-Type', b'application/json; charset=utf-8'), (b'Content-Length', b'2'), (b'Connection', b'keep-alive'), (b'Date', b'Mon, 23 Feb 2026 12:12:17 GMT'), (b'Server', b'postgrest/14.5'), (b'Content-Range', b'*/*'), (b'Content-Location', b'/notification_history?identifier=eq.20260310_%C3%AC%C2%B9%C2%98%C3%AC%C2%95%C2%85%C3%AC%C2%82%C2%B0_%C3%AC%C2%B9%C2%B4%C3%AB%C2%9D%C2%BC%C3%AB%C2%B0%C2%98&select=id&sent_at=gt.2026-02-22T21%3A12%3A17.678737'), (b'Content-Profile', b'public'), (b'Access-Control-Allow-Origin', b'*'), (b'X-Kong-Upstream-Latency', b'1'), (b'X-Kong-Proxy-Latency', b'0'), (b'Via', b'kong/2.8.1')])
2026-02-23 21:12:17,681 - httpx - INFO - HTTP Request: GET http://127.0.0.1:54321/rest/v1/notification_history?select=id&identifier=eq.20260310_%EC%B9%98%EC%95%85%EC%82%B0_%EC%B9%B4%EB%9D%BC%EB%B0%98&sent_at=gt.2026-02-22T21%3A12%3A17.678737 "HTTP/1.1 200 OK"
2026-02-23 21:12:17,681 - httpcore.http11 - DEBUG - receive_response_body.started request=<Request [b'GET']>
2026-02-23 21:12:17,681 - httpcore.http11 - DEBUG - receive_response_body.complete
2026-02-23 21:12:17,681 - httpcore.http11 - DEBUG - response_closed.started
2026-02-23 21:12:17,681 - httpcore.http11 - DEBUG - response_closed.complete
2026-02-23 21:12:17,681 - httpcore.http11 - DEBUG - send_request_headers.started request=<Request [b'GET']>
2026-02-23 21:12:17,682 - httpcore.http11 - DEBUG - send_request_headers.complete
2026-02-23 21:12:17,682 - httpcore.http11 - DEBUG - send_request_body.started request=<Request [b'GET']>
2026-02-23 21:12:17,682 - httpcore.http11 - DEBUG - send_request_body.complete
2026-02-23 21:12:17,682 - httpcore.http11 - DEBUG - receive_response_headers.started request=<Request [b'GET']>
2026-02-23 21:12:17,683 - httpcore.http11 - DEBUG - receive_response_headers.complete return_value=(b'HTTP/1.1', 200, b'OK', [(b'Content-Type', b'application/json; charset=utf-8'), (b'Content-Length', b'2'), (b'Connection', b'keep-alive'), (b'Date', b'Mon, 23 Feb 2026 12:12:17 GMT'), (b'Server', b'postgrest/14.5'), (b'Content-Range', b'*/*'), (b'Content-Location', b'/notification_history?identifier=eq.20260310_%C3%AD%C2%83%C2%9C%C3%AC%C2%95%C2%88%C3%AD%C2%95%C2%B4%C3%AC%C2%95%C2%88_%C3%AC%C2%B9%C2%B4%C3%AB%C2%9D%C2%BC%C3%AB%C2%B0%C2%98&select=id&sent_at=gt.2026-02-22T21%3A12%3A17.681585'), (b'Content-Profile', b'public'), (b'Access-Control-Allow-Origin', b'*'), (b'X-Kong-Upstream-Latency', b'1'), (b'X-Kong-Proxy-Latency', b'0'), (b'Via', b'kong/2.8.1')])
2026-02-23 21:12:17,683 - httpx - INFO - HTTP Request: GET http://127.0.0.1:54321/rest/v1/notification_history?select=id&identifier=eq.20260310_%ED%83%9C%EC%95%88%ED%95%B4%EC%95%88_%EC%B9%B4%EB%9D%BC%EB%B0%98&sent_at=gt.2026-02-22T21%3A12%3A17.681585 "HTTP/1.1 200 OK"
2026-02-23 21:12:17,683 - httpcore.http11 - DEBUG - receive_response_body.started request=<Request [b'GET']>
2026-02-23 21:12:17,683 - httpcore.http11 - DEBUG - receive_response_body.complete
2026-02-23 21:12:17,683 - httpcore.http11 - DEBUG - response_closed.started
2026-02-23 21:12:17,683 - httpcore.http11 - DEBUG - response_closed.complete
2026-02-23 21:12:17,684 - httpcore.http11 - DEBUG - send_request_headers.started request=<Request [b'GET']>
2026-02-23 21:12:17,684 - httpcore.http11 - DEBUG - send_request_headers.complete
2026-02-23 21:12:17,684 - httpcore.http11 - DEBUG - send_request_body.started request=<Request [b'GET']>
2026-02-23 21:12:17,684 - httpcore.http11 - DEBUG - send_request_body.complete
2026-02-23 21:12:17,684 - httpcore.http11 - DEBUG - receive_response_headers.started request=<Request [b'GET']>
2026-02-23 21:12:17,686 - httpcore.http11 - DEBUG - receive_response_headers.complete return_value=(b'HTTP/1.1', 200, b'OK', [(b'Content-Type', b'application/json; charset=utf-8'), (b'Content-Length', b'2'), (b'Connection', b'keep-alive'), (b'Date', b'Mon, 23 Feb 2026 12:12:17 GMT'), (b'Server', b'postgrest/14.5'), (b'Content-Range', b'*/*'), (b'Content-Location', b'/notification_history?identifier=eq.20260312_%C3%AA%C2%B0%C2%80%C3%AC%C2%95%C2%BC%C3%AC%C2%82%C2%B0_%C3%AC%C2%B9%C2%B4%C3%AB%C2%9D%C2%BC%C3%AB%C2%B0%C2%98&select=id&sent_at=gt.2026-02-22T21%3A12%3A17.684040'), (b'Content-Profile', b'public'), (b'Access-Control-Allow-Origin', b'*'), (b'X-Kong-Upstream-Latency', b'0'), (b'X-Kong-Proxy-Latency', b'1'), (b'Via', b'kong/2.8.1')])
2026-02-23 21:12:17,686 - httpx - INFO - HTTP Request: GET http://127.0.0.1:54321/rest/v1/notification_history?select=id&identifier=eq.20260312_%EA%B0%80%EC%95%BC%EC%82%B0_%EC%B9%B4%EB%9D%BC%EB%B0%98&sent_at=gt.2026-02-22T21%3A12%3A17.684040 "HTTP/1.1 200 OK"
2026-02-23 21:12:17,686 - httpcore.http11 - DEBUG - receive_response_body.started request=<Request [b'GET']>
2026-02-23 21:12:17,686 - httpcore.http11 - DEBUG - receive_response_body.complete
2026-02-23 21:12:17,686 - httpcore.http11 - DEBUG - response_closed.started
2026-02-23 21:12:17,686 - httpcore.http11 - DEBUG - response_closed.complete
2026-02-23 21:12:17,686 - httpcore.http11 - DEBUG - send_request_headers.started request=<Request [b'GET']>
2026-02-23 21:12:17,687 - httpcore.http11 - DEBUG - send_request_headers.complete
2026-02-23 21:12:17,687 - httpcore.http11 - DEBUG - send_request_body.started request=<Request [b'GET']>
2026-02-23 21:12:17,687 - httpcore.http11 - DEBUG - send_request_body.complete
2026-02-23 21:12:17,687 - httpcore.http11 - DEBUG - receive_response_headers.started request=<Request [b'GET']>
2026-02-23 21:12:17,688 - httpcore.http11 - DEBUG - receive_response_headers.complete return_value=(b'HTTP/1.1', 200, b'OK', [(b'Content-Type', b'application/json; charset=utf-8'), (b'Content-Length', b'2'), (b'Connection', b'keep-alive'), (b'Date', b'Mon, 23 Feb 2026 12:12:17 GMT'), (b'Server', b'postgrest/14.5'), (b'Content-Range', b'*/*'), (b'Content-Location', b'/notification_history?identifier=eq.20260312_%C3%AC%C2%9B%C2%94%C3%AC%C2%B6%C2%9C%C3%AC%C2%82%C2%B0_%C3%AC%C2%B9%C2%B4%C3%AB%C2%9D%C2%BC%C3%AB%C2%B0%C2%98&select=id&sent_at=gt.2026-02-22T21%3A12%3A17.686516'), (b'Content-Profile', b'public'), (b'Access-Control-Allow-Origin', b'*'), (b'X-Kong-Upstream-Latency', b'1'), (b'X-Kong-Proxy-Latency', b'0'), (b'Via', b'kong/2.8.1')])
2026-02-23 21:12:17,688 - httpx - INFO - HTTP Request: GET http://127.0.0.1:54321/rest/v1/notification_history?select=id&identifier=eq.20260312_%EC%9B%94%EC%B6%9C%EC%82%B0_%EC%B9%B4%EB%9D%BC%EB%B0%98&sent_at=gt.2026-02-22T21%3A12%3A17.686516 "HTTP/1.1 200 OK"
2026-02-23 21:12:17,688 - httpcore.http11 - DEBUG - receive_response_body.started request=<Request [b'GET']>
2026-02-23 21:12:17,688 - httpcore.http11 - DEBUG - receive_response_body.complete
2026-02-23 21:12:17,688 - httpcore.http11 - DEBUG - response_closed.started
2026-02-23 21:12:17,688 - httpcore.http11 - DEBUG - response_closed.complete
2026-02-23 21:12:17,689 - httpcore.http11 - DEBUG - send_request_headers.started request=<Request [b'GET']>
2026-02-23 21:12:17,689 - httpcore.http11 - DEBUG - send_request_headers.complete
2026-02-23 21:12:17,689 - httpcore.http11 - DEBUG - send_request_body.started request=<Request [b'GET']>
2026-02-23 21:12:17,689 - httpcore.http11 - DEBUG - send_request_body.complete
2026-02-23 21:12:17,689 - httpcore.http11 - DEBUG - receive_response_headers.started request=<Request [b'GET']>
2026-02-23 21:12:17,690 - httpcore.http11 - DEBUG - receive_response_headers.complete return_value=(b'HTTP/1.1', 200, b'OK', [(b'Content-Type', b'application/json; charset=utf-8'), (b'Content-Length', b'2'), (b'Connection', b'keep-alive'), (b'Date', b'Mon, 23 Feb 2026 12:12:17 GMT'), (b'Server', b'postgrest/14.5'), (b'Content-Range', b'*/*'), (b'Content-Location', b'/notification_history?identifier=eq.20260312_%C3%AC%C2%B9%C2%98%C3%AC%C2%95%C2%85%C3%AC%C2%82%C2%B0_%C3%AC%C2%B9%C2%B4%C3%AB%C2%9D%C2%BC%C3%AB%C2%B0%C2%98&select=id&sent_at=gt.2026-02-22T21%3A12%3A17.688906'), (b'Content-Profile', b'public'), (b'Access-Control-Allow-Origin', b'*'), (b'X-Kong-Upstream-Latency', b'1'), (b'X-Kong-Proxy-Latency', b'0'), (b'Via', b'kong/2.8.1')])
2026-02-23 21:12:17,691 - httpx - INFO - HTTP Request: GET http://127.0.0.1:54321/rest/v1/notification_history?select=id&identifier=eq.20260312_%EC%B9%98%EC%95%85%EC%82%B0_%EC%B9%B4%EB%9D%BC%EB%B0%98&sent_at=gt.2026-02-22T21%3A12%3A17.688906 "HTTP/1.1 200 OK"
2026-02-23 21:12:17,691 - httpcore.http11 - DEBUG - receive_response_body.started request=<Request [b'GET']>
2026-02-23 21:12:17,691 - httpcore.http11 - DEBUG - receive_response_body.complete
2026-02-23 21:12:17,691 - httpcore.http11 - DEBUG - response_closed.started
2026-02-23 21:12:17,691 - httpcore.http11 - DEBUG - response_closed.complete
2026-02-23 21:12:17,691 - httpcore.http11 - DEBUG - send_request_headers.started request=<Request [b'GET']>
2026-02-23 21:12:17,691 - httpcore.http11 - DEBUG - send_request_headers.complete
2026-02-23 21:12:17,691 - httpcore.http11 - DEBUG - send_request_body.started request=<Request [b'GET']>
2026-02-23 21:12:17,691 - httpcore.http11 - DEBUG - send_request_body.complete
2026-02-23 21:12:17,692 - httpcore.http11 - DEBUG - receive_response_headers.started request=<Request [b'GET']>
2026-02-23 21:12:17,693 - httpcore.http11 - DEBUG - receive_response_headers.complete return_value=(b'HTTP/1.1', 200, b'OK', [(b'Content-Type', b'application/json; charset=utf-8'), (b'Content-Length', b'2'), (b'Connection', b'keep-alive'), (b'Date', b'Mon, 23 Feb 2026 12:12:17 GMT'), (b'Server', b'postgrest/14.5'), (b'Content-Range', b'*/*'), (b'Content-Location', b'/notification_history?identifier=eq.20260312_%C3%AD%C2%83%C2%9C%C3%AC%C2%95%C2%88%C3%AD%C2%95%C2%B4%C3%AC%C2%95%C2%88_%C3%AC%C2%B9%C2%B4%C3%AB%C2%9D%C2%BC%C3%AB%C2%B0%C2%98&select=id&sent_at=gt.2026-02-22T21%3A12%3A17.691437'), (b'Content-Profile', b'public'), (b'Access-Control-Allow-Origin', b'*'), (b'X-Kong-Upstream-Latency', b'1'), (b'X-Kong-Proxy-Latency', b'0'), (b'Via', b'kong/2.8.1')])
2026-02-23 21:12:17,693 - httpx - INFO - HTTP Request: GET http://127.0.0.1:54321/rest/v1/notification_history?select=id&identifier=eq.20260312_%ED%83%9C%EC%95%88%ED%95%B4%EC%95%88_%EC%B9%B4%EB%9D%BC%EB%B0%98&sent_at=gt.2026-02-22T21%3A12%3A17.691437 "HTTP/1.1 200 OK"
2026-02-23 21:12:17,693 - httpcore.http11 - DEBUG - receive_response_body.started request=<Request [b'GET']>
2026-02-23 21:12:17,693 - httpcore.http11 - DEBUG - receive_response_body.complete
2026-02-23 21:12:17,693 - httpcore.http11 - DEBUG - response_closed.started
2026-02-23 21:12:17,693 - httpcore.http11 - DEBUG - response_closed.complete
2026-02-23 21:12:17,694 - httpcore.http11 - DEBUG - send_request_headers.started request=<Request [b'GET']>
2026-02-23 21:12:17,694 - httpcore.http11 - DEBUG - send_request_headers.complete
2026-02-23 21:12:17,694 - httpcore.http11 - DEBUG - send_request_body.started request=<Request [b'GET']>
2026-02-23 21:12:17,694 - httpcore.http11 - DEBUG - send_request_body.complete
2026-02-23 21:12:17,694 - httpcore.http11 - DEBUG - receive_response_headers.started request=<Request [b'GET']>
2026-02-23 21:12:17,696 - httpcore.http11 - DEBUG - receive_response_headers.complete return_value=(b'HTTP/1.1', 200, b'OK', [(b'Content-Type', b'application/json; charset=utf-8'), (b'Content-Length', b'2'), (b'Connection', b'keep-alive'), (b'Date', b'Mon, 23 Feb 2026 12:12:17 GMT'), (b'Server', b'postgrest/14.5'), (b'Content-Range', b'*/*'), (b'Content-Location', b'/notification_history?identifier=eq.20260313_%C3%AA%C2%B0%C2%80%C3%AC%C2%95%C2%BC%C3%AC%C2%82%C2%B0_%C3%AC%C2%B9%C2%B4%C3%AB%C2%9D%C2%BC%C3%AB%C2%B0%C2%98&select=id&sent_at=gt.2026-02-22T21%3A12%3A17.694071'), (b'Content-Profile', b'public'), (b'Access-Control-Allow-Origin', b'*'), (b'X-Kong-Upstream-Latency', b'1'), (b'X-Kong-Proxy-Latency', b'0'), (b'Via', b'kong/2.8.1')])
2026-02-23 21:12:17,696 - httpx - INFO - HTTP Request: GET http://127.0.0.1:54321/rest/v1/notification_history?select=id&identifier=eq.20260313_%EA%B0%80%EC%95%BC%EC%82%B0_%EC%B9%B4%EB%9D%BC%EB%B0%98&sent_at=gt.2026-02-22T21%3A12%3A17.694071 "HTTP/1.1 200 OK"
2026-02-23 21:12:17,696 - httpcore.http11 - DEBUG - receive_response_body.started request=<Request [b'GET']>
2026-02-23 21:12:17,696 - httpcore.http11 - DEBUG - receive_response_body.complete
2026-02-23 21:12:17,696 - httpcore.http11 - DEBUG - response_closed.started
2026-02-23 21:12:17,696 - httpcore.http11 - DEBUG - response_closed.complete
2026-02-23 21:12:17,697 - httpcore.http11 - DEBUG - send_request_headers.started request=<Request [b'GET']>
2026-02-23 21:12:17,697 - httpcore.http11 - DEBUG - send_request_headers.complete
2026-02-23 21:12:17,697 - httpcore.http11 - DEBUG - send_request_body.started request=<Request [b'GET']>
2026-02-23 21:12:17,697 - httpcore.http11 - DEBUG - send_request_body.complete
2026-02-23 21:12:17,697 - httpcore.http11 - DEBUG - receive_response_headers.started request=<Request [b'GET']>
2026-02-23 21:12:17,698 - httpcore.http11 - DEBUG - receive_response_headers.complete return_value=(b'HTTP/1.1', 200, b'OK', [(b'Content-Type', b'application/json; charset=utf-8'), (b'Content-Length', b'2'), (b'Connection', b'keep-alive'), (b'Date', b'Mon, 23 Feb 2026 12:12:17 GMT'), (b'Server', b'postgrest/14.5'), (b'Content-Range', b'*/*'), (b'Content-Location', b'/notification_history?identifier=eq.20260313_%C3%AB%C2%8D%C2%95%C3%AC%C2%9C%C2%A0%C3%AC%C2%82%C2%B0_%C3%AC%C2%B9%C2%B4%C3%AB%C2%9D%C2%BC%C3%AB%C2%B0%C2%98&select=id&sent_at=gt.2026-02-22T21%3A12%3A17.696996'), (b'Content-Profile', b'public'), (b'Access-Control-Allow-Origin', b'*'), (b'X-Kong-Upstream-Latency', b'1'), (b'X-Kong-Proxy-Latency', b'0'), (b'Via', b'kong/2.8.1')])
2026-02-23 21:12:17,699 - httpx - INFO - HTTP Request: GET http://127.0.0.1:54321/rest/v1/notification_history?select=id&identifier=eq.20260313_%EB%8D%95%EC%9C%A0%EC%82%B0_%EC%B9%B4%EB%9D%BC%EB%B0%98&sent_at=gt.2026-02-22T21%3A12%3A17.696996 "HTTP/1.1 200 OK"
2026-02-23 21:12:17,699 - httpcore.http11 - DEBUG - receive_response_body.started request=<Request [b'GET']>
2026-02-23 21:12:17,699 - httpcore.http11 - DEBUG - receive_response_body.complete
2026-02-23 21:12:17,699 - httpcore.http11 - DEBUG - response_closed.started
2026-02-23 21:12:17,699 - httpcore.http11 - DEBUG - response_closed.complete
2026-02-23 21:12:17,699 - httpcore.http11 - DEBUG - send_request_headers.started request=<Request [b'GET']>
2026-02-23 21:12:17,699 - httpcore.http11 - DEBUG - send_request_headers.complete
2026-02-23 21:12:17,699 - httpcore.http11 - DEBUG - send_request_body.started request=<Request [b'GET']>
2026-02-23 21:12:17,699 - httpcore.http11 - DEBUG - send_request_body.complete
2026-02-23 21:12:17,699 - httpcore.http11 - DEBUG - receive_response_headers.started request=<Request [b'GET']>
2026-02-23 21:12:17,701 - httpcore.http11 - DEBUG - receive_response_headers.complete return_value=(b'HTTP/1.1', 200, b'OK', [(b'Content-Type', b'application/json; charset=utf-8'), (b'Content-Length', b'2'), (b'Connection', b'keep-alive'), (b'Date', b'Mon, 23 Feb 2026 12:12:17 GMT'), (b'Server', b'postgrest/14.5'), (b'Content-Range', b'*/*'), (b'Content-Location', b'/notification_history?identifier=eq.20260313_%C3%AC%C2%B9%C2%98%C3%AC%C2%95%C2%85%C3%AC%C2%82%C2%B0_%C3%AC%C2%B9%C2%B4%C3%AB%C2%9D%C2%BC%C3%AB%C2%B0%C2%98&select=id&sent_at=gt.2026-02-22T21%3A12%3A17.699285'), (b'Content-Profile', b'public'), (b'Access-Control-Allow-Origin', b'*'), (b'X-Kong-Upstream-Latency', b'1'), (b'X-Kong-Proxy-Latency', b'0'), (b'Via', b'kong/2.8.1')])
2026-02-23 21:12:17,701 - httpx - INFO - HTTP Request: GET http://127.0.0.1:54321/rest/v1/notification_history?select=id&identifier=eq.20260313_%EC%B9%98%EC%95%85%EC%82%B0_%EC%B9%B4%EB%9D%BC%EB%B0%98&sent_at=gt.2026-02-22T21%3A12%3A17.699285 "HTTP/1.1 200 OK"
2026-02-23 21:12:17,701 - httpcore.http11 - DEBUG - receive_response_body.started request=<Request [b'GET']>
2026-02-23 21:12:17,701 - httpcore.http11 - DEBUG - receive_response_body.complete
2026-02-23 21:12:17,701 - httpcore.http11 - DEBUG - response_closed.started
2026-02-23 21:12:17,701 - httpcore.http11 - DEBUG - response_closed.complete
2026-02-23 21:12:17,702 - httpcore.http11 - DEBUG - send_request_headers.started request=<Request [b'GET']>
2026-02-23 21:12:17,702 - httpcore.http11 - DEBUG - send_request_headers.complete
2026-02-23 21:12:17,702 - httpcore.http11 - DEBUG - send_request_body.started request=<Request [b'GET']>
2026-02-23 21:12:17,702 - httpcore.http11 - DEBUG - send_request_body.complete
2026-02-23 21:12:17,702 - httpcore.http11 - DEBUG - receive_response_headers.started request=<Request [b'GET']>
2026-02-23 21:12:17,703 - httpcore.http11 - DEBUG - receive_response_headers.complete return_value=(b'HTTP/1.1', 200, b'OK', [(b'Content-Type', b'application/json; charset=utf-8'), (b'Content-Length', b'2'), (b'Connection', b'keep-alive'), (b'Date', b'Mon, 23 Feb 2026 12:12:17 GMT'), (b'Server', b'postgrest/14.5'), (b'Content-Range', b'*/*'), (b'Content-Location', b'/notification_history?identifier=eq.20260313_%C3%AD%C2%83%C2%9C%C3%AC%C2%95%C2%88%C3%AD%C2%95%C2%B4%C3%AC%C2%95%C2%88_%C3%AC%C2%B9%C2%B4%C3%AB%C2%9D%C2%BC%C3%AB%C2%B0%C2%98&select=id&sent_at=gt.2026-02-22T21%3A12%3A17.701735'), (b'Content-Profile', b'public'), (b'Access-Control-Allow-Origin', b'*'), (b'X-Kong-Upstream-Latency', b'1'), (b'X-Kong-Proxy-Latency', b'0'), (b'Via', b'kong/2.8.1')])
2026-02-23 21:12:17,704 - httpx - INFO - HTTP Request: GET http://127.0.0.1:54321/rest/v1/notification_history?select=id&identifier=eq.20260313_%ED%83%9C%EC%95%88%ED%95%B4%EC%95%88_%EC%B9%B4%EB%9D%BC%EB%B0%98&sent_at=gt.2026-02-22T21%3A12%3A17.701735 "HTTP/1.1 200 OK"
2026-02-23 21:12:17,704 - httpcore.http11 - DEBUG - receive_response_body.started request=<Request [b'GET']>
2026-02-23 21:12:17,704 - httpcore.http11 - DEBUG - receive_response_body.complete
2026-02-23 21:12:17,704 - httpcore.http11 - DEBUG - response_closed.started
2026-02-23 21:12:17,704 - httpcore.http11 - DEBUG - response_closed.complete
2026-02-23 21:12:17,704 - httpcore.http11 - DEBUG - send_request_headers.started request=<Request [b'GET']>
2026-02-23 21:12:17,704 - httpcore.http11 - DEBUG - send_request_headers.complete
2026-02-23 21:12:17,704 - httpcore.http11 - DEBUG - send_request_body.started request=<Request [b'GET']>
2026-02-23 21:12:17,705 - httpcore.http11 - DEBUG - send_request_body.complete
2026-02-23 21:12:17,705 - httpcore.http11 - DEBUG - receive_response_headers.started request=<Request [b'GET']>
2026-02-23 21:12:17,706 - httpcore.http11 - DEBUG - receive_response_headers.complete return_value=(b'HTTP/1.1', 200, b'OK', [(b'Content-Type', b'application/json; charset=utf-8'), (b'Content-Length', b'2'), (b'Connection', b'keep-alive'), (b'Date', b'Mon, 23 Feb 2026 12:12:17 GMT'), (b'Server', b'postgrest/14.5'), (b'Content-Range', b'*/*'), (b'Content-Location', b'/notification_history?identifier=eq.20260315_%C3%AA%C2%B0%C2%80%C3%AC%C2%95%C2%BC%C3%AC%C2%82%C2%B0_%C3%AC%C2%B9%C2%B4%C3%AB%C2%9D%C2%BC%C3%AB%C2%B0%C2%98&select=id&sent_at=gt.2026-02-22T21%3A12%3A17.704375'), (b'Content-Profile', b'public'), (b'Access-Control-Allow-Origin', b'*'), (b'X-Kong-Upstream-Latency', b'1'), (b'X-Kong-Proxy-Latency', b'0'), (b'Via', b'kong/2.8.1')])
2026-02-23 21:12:17,706 - httpx - INFO - HTTP Request: GET http://127.0.0.1:54321/rest/v1/notification_history?select=id&identifier=eq.20260315_%EA%B0%80%EC%95%BC%EC%82%B0_%EC%B9%B4%EB%9D%BC%EB%B0%98&sent_at=gt.2026-02-22T21%3A12%3A17.704375 "HTTP/1.1 200 OK"
2026-02-23 21:12:17,706 - httpcore.http11 - DEBUG - receive_response_body.started request=<Request [b'GET']>
2026-02-23 21:12:17,706 - httpcore.http11 - DEBUG - receive_response_body.complete
2026-02-23 21:12:17,706 - httpcore.http11 - DEBUG - response_closed.started
2026-02-23 21:12:17,707 - httpcore.http11 - DEBUG - response_closed.complete
2026-02-23 21:12:17,707 - httpcore.http11 - DEBUG - send_request_headers.started request=<Request [b'GET']>
2026-02-23 21:12:17,707 - httpcore.http11 - DEBUG - send_request_headers.complete
2026-02-23 21:12:17,707 - httpcore.http11 - DEBUG - send_request_body.started request=<Request [b'GET']>
2026-02-23 21:12:17,707 - httpcore.http11 - DEBUG - send_request_body.complete
2026-02-23 21:12:17,707 - httpcore.http11 - DEBUG - receive_response_headers.started request=<Request [b'GET']>
2026-02-23 21:12:17,709 - httpcore.http11 - DEBUG - receive_response_headers.complete return_value=(b'HTTP/1.1', 200, b'OK', [(b'Content-Type', b'application/json; charset=utf-8'), (b'Content-Length', b'2'), (b'Connection', b'keep-alive'), (b'Date', b'Mon, 23 Feb 2026 12:12:17 GMT'), (b'Server', b'postgrest/14.5'), (b'Content-Range', b'*/*'), (b'Content-Location', b'/notification_history?identifier=eq.20260315_%C3%AB%C2%8D%C2%95%C3%AC%C2%9C%C2%A0%C3%AC%C2%82%C2%B0_%C3%AC%C2%B9%C2%B4%C3%AB%C2%9D%C2%BC%C3%AB%C2%B0%C2%98&select=id&sent_at=gt.2026-02-22T21%3A12%3A17.707088'), (b'Content-Profile', b'public'), (b'Access-Control-Allow-Origin', b'*'), (b'X-Kong-Upstream-Latency', b'1'), (b'X-Kong-Proxy-Latency', b'0'), (b'Via', b'kong/2.8.1')])
2026-02-23 21:12:17,709 - httpx - INFO - HTTP Request: GET http://127.0.0.1:54321/rest/v1/notification_history?select=id&identifier=eq.20260315_%EB%8D%95%EC%9C%A0%EC%82%B0_%EC%B9%B4%EB%9D%BC%EB%B0%98&sent_at=gt.2026-02-22T21%3A12%3A17.707088 "HTTP/1.1 200 OK"
2026-02-23 21:12:17,709 - httpcore.http11 - DEBUG - receive_response_body.started request=<Request [b'GET']>
2026-02-23 21:12:17,709 - httpcore.http11 - DEBUG - receive_response_body.complete
2026-02-23 21:12:17,709 - httpcore.http11 - DEBUG - response_closed.started
2026-02-23 21:12:17,709 - httpcore.http11 - DEBUG - response_closed.complete
2026-02-23 21:12:17,710 - httpcore.http11 - DEBUG - send_request_headers.started request=<Request [b'GET']>
2026-02-23 21:12:17,710 - httpcore.http11 - DEBUG - send_request_headers.complete
2026-02-23 21:12:17,710 - httpcore.http11 - DEBUG - send_request_body.started request=<Request [b'GET']>
2026-02-23 21:12:17,710 - httpcore.http11 - DEBUG - send_request_body.complete
2026-02-23 21:12:17,710 - httpcore.http11 - DEBUG - receive_response_headers.started request=<Request [b'GET']>
2026-02-23 21:12:17,712 - httpcore.http11 - DEBUG - receive_response_headers.complete return_value=(b'HTTP/1.1', 200, b'OK', [(b'Content-Type', b'application/json; charset=utf-8'), (b'Content-Length', b'2'), (b'Connection', b'keep-alive'), (b'Date', b'Mon, 23 Feb 2026 12:12:17 GMT'), (b'Server', b'postgrest/14.5'), (b'Content-Range', b'*/*'), (b'Content-Location', b'/notification_history?identifier=eq.20260315_%C3%AC%C2%9B%C2%94%C3%AC%C2%B6%C2%9C%C3%AC%C2%82%C2%B0_%C3%AC%C2%B9%C2%B4%C3%AB%C2%9D%C2%BC%C3%AB%C2%B0%C2%98&select=id&sent_at=gt.2026-02-22T21%3A12%3A17.709778'), (b'Content-Profile', b'public'), (b'Access-Control-Allow-Origin', b'*'), (b'X-Kong-Upstream-Latency', b'1'), (b'X-Kong-Proxy-Latency', b'0'), (b'Via', b'kong/2.8.1')])
2026-02-23 21:12:17,712 - httpx - INFO - HTTP Request: GET http://127.0.0.1:54321/rest/v1/notification_history?select=id&identifier=eq.20260315_%EC%9B%94%EC%B6%9C%EC%82%B0_%EC%B9%B4%EB%9D%BC%EB%B0%98&sent_at=gt.2026-02-22T21%3A12%3A17.709778 "HTTP/1.1 200 OK"
2026-02-23 21:12:17,712 - httpcore.http11 - DEBUG - receive_response_body.started request=<Request [b'GET']>
2026-02-23 21:12:17,712 - httpcore.http11 - DEBUG - receive_response_body.complete
2026-02-23 21:12:17,712 - httpcore.http11 - DEBUG - response_closed.started
2026-02-23 21:12:17,712 - httpcore.http11 - DEBUG - response_closed.complete
2026-02-23 21:12:17,712 - httpcore.http11 - DEBUG - send_request_headers.started request=<Request [b'GET']>
2026-02-23 21:12:17,713 - httpcore.http11 - DEBUG - send_request_headers.complete
2026-02-23 21:12:17,713 - httpcore.http11 - DEBUG - send_request_body.started request=<Request [b'GET']>
2026-02-23 21:12:17,713 - httpcore.http11 - DEBUG - send_request_body.complete
2026-02-23 21:12:17,713 - httpcore.http11 - DEBUG - receive_response_headers.started request=<Request [b'GET']>
2026-02-23 21:12:17,714 - httpcore.http11 - DEBUG - receive_response_headers.complete return_value=(b'HTTP/1.1', 200, b'OK', [(b'Content-Type', b'application/json; charset=utf-8'), (b'Content-Length', b'2'), (b'Connection', b'keep-alive'), (b'Date', b'Mon, 23 Feb 2026 12:12:17 GMT'), (b'Server', b'postgrest/14.5'), (b'Content-Range', b'*/*'), (b'Content-Location', b'/notification_history?identifier=eq.20260315_%C3%AC%C2%B9%C2%98%C3%AC%C2%95%C2%85%C3%AC%C2%82%C2%B0_%C3%AC%C2%B9%C2%B4%C3%AB%C2%9D%C2%BC%C3%AB%C2%B0%C2%98&select=id&sent_at=gt.2026-02-22T21%3A12%3A17.712657'), (b'Content-Profile', b'public'), (b'Access-Control-Allow-Origin', b'*'), (b'X-Kong-Upstream-Latency', b'1'), (b'X-Kong-Proxy-Latency', b'0'), (b'Via', b'kong/2.8.1')])
2026-02-23 21:12:17,715 - httpx - INFO - HTTP Request: GET http://127.0.0.1:54321/rest/v1/notification_history?select=id&identifier=eq.20260315_%EC%B9%98%EC%95%85%EC%82%B0_%EC%B9%B4%EB%9D%BC%EB%B0%98&sent_at=gt.2026-02-22T21%3A12%3A17.712657 "HTTP/1.1 200 OK"
2026-02-23 21:12:17,715 - httpcore.http11 - DEBUG - receive_response_body.started request=<Request [b'GET']>
2026-02-23 21:12:17,715 - httpcore.http11 - DEBUG - receive_response_body.complete
2026-02-23 21:12:17,715 - httpcore.http11 - DEBUG - response_closed.started
2026-02-23 21:12:17,715 - httpcore.http11 - DEBUG - response_closed.complete
2026-02-23 21:12:17,715 - httpcore.http11 - DEBUG - send_request_headers.started request=<Request [b'GET']>
2026-02-23 21:12:17,715 - httpcore.http11 - DEBUG - send_request_headers.complete
2026-02-23 21:12:17,716 - httpcore.http11 - DEBUG - send_request_body.started request=<Request [b'GET']>
2026-02-23 21:12:17,716 - httpcore.http11 - DEBUG - send_request_body.complete
2026-02-23 21:12:17,716 - httpcore.http11 - DEBUG - receive_response_headers.started request=<Request [b'GET']>
2026-02-23 21:12:17,717 - httpcore.http11 - DEBUG - receive_response_headers.complete return_value=(b'HTTP/1.1', 200, b'OK', [(b'Content-Type', b'application/json; charset=utf-8'), (b'Content-Length', b'2'), (b'Connection', b'keep-alive'), (b'Date', b'Mon, 23 Feb 2026 12:12:17 GMT'), (b'Server', b'postgrest/14.5'), (b'Content-Range', b'*/*'), (b'Content-Location', b'/notification_history?identifier=eq.20260315_%C3%AD%C2%83%C2%9C%C3%AC%C2%95%C2%88%C3%AD%C2%95%C2%B4%C3%AC%C2%95%C2%88_%C3%AC%C2%B9%C2%B4%C3%AB%C2%9D%C2%BC%C3%AB%C2%B0%C2%98&select=id&sent_at=gt.2026-02-22T21%3A12%3A17.715431'), (b'Content-Profile', b'public'), (b'Access-Control-Allow-Origin', b'*'), (b'X-Kong-Upstream-Latency', b'1'), (b'X-Kong-Proxy-Latency', b'0'), (b'Via', b'kong/2.8.1')])
2026-02-23 21:12:17,718 - httpx - INFO - HTTP Request: GET http://127.0.0.1:54321/rest/v1/notification_history?select=id&identifier=eq.20260315_%ED%83%9C%EC%95%88%ED%95%B4%EC%95%88_%EC%B9%B4%EB%9D%BC%EB%B0%98&sent_at=gt.2026-02-22T21%3A12%3A17.715431 "HTTP/1.1 200 OK"
2026-02-23 21:12:17,718 - httpcore.http11 - DEBUG - receive_response_body.started request=<Request [b'GET']>
2026-02-23 21:12:17,718 - httpcore.http11 - DEBUG - receive_response_body.complete
2026-02-23 21:12:17,718 - httpcore.http11 - DEBUG - response_closed.started
2026-02-23 21:12:17,718 - httpcore.http11 - DEBUG - response_closed.complete
2026-02-23 21:12:17,718 - httpcore.http11 - DEBUG - send_request_headers.started request=<Request [b'GET']>
2026-02-23 21:12:17,718 - httpcore.http11 - DEBUG - send_request_headers.complete
2026-02-23 21:12:17,718 - httpcore.http11 - DEBUG - send_request_body.started request=<Request [b'GET']>
2026-02-23 21:12:17,718 - httpcore.http11 - DEBUG - send_request_body.complete
2026-02-23 21:12:17,719 - httpcore.http11 - DEBUG - receive_response_headers.started request=<Request [b'GET']>
2026-02-23 21:12:17,720 - httpcore.http11 - DEBUG - receive_response_headers.complete return_value=(b'HTTP/1.1', 200, b'OK', [(b'Content-Type', b'application/json; charset=utf-8'), (b'Content-Length', b'2'), (b'Connection', b'keep-alive'), (b'Date', b'Mon, 23 Feb 2026 12:12:17 GMT'), (b'Server', b'postgrest/14.5'), (b'Content-Range', b'*/*'), (b'Content-Location', b'/notification_history?identifier=eq.20260316_%C3%AA%C2%B0%C2%80%C3%AC%C2%95%C2%BC%C3%AC%C2%82%C2%B0_%C3%AC%C2%B9%C2%B4%C3%AB%C2%9D%C2%BC%C3%AB%C2%B0%C2%98&select=id&sent_at=gt.2026-02-22T21%3A12%3A17.718381'), (b'Content-Profile', b'public'), (b'Access-Control-Allow-Origin', b'*'), (b'X-Kong-Upstream-Latency', b'1'), (b'X-Kong-Proxy-Latency', b'0'), (b'Via', b'kong/2.8.1')])
2026-02-23 21:12:17,720 - httpx - INFO - HTTP Request: GET http://127.0.0.1:54321/rest/v1/notification_history?select=id&identifier=eq.20260316_%EA%B0%80%EC%95%BC%EC%82%B0_%EC%B9%B4%EB%9D%BC%EB%B0%98&sent_at=gt.2026-02-22T21%3A12%3A17.718381 "HTTP/1.1 200 OK"
2026-02-23 21:12:17,720 - httpcore.http11 - DEBUG - receive_response_body.started request=<Request [b'GET']>
2026-02-23 21:12:17,720 - httpcore.http11 - DEBUG - receive_response_body.complete
2026-02-23 21:12:17,720 - httpcore.http11 - DEBUG - response_closed.started
2026-02-23 21:12:17,720 - httpcore.http11 - DEBUG - response_closed.complete
2026-02-23 21:12:17,721 - httpcore.http11 - DEBUG - send_request_headers.started request=<Request [b'GET']>
2026-02-23 21:12:17,721 - httpcore.http11 - DEBUG - send_request_headers.complete
2026-02-23 21:12:17,721 - httpcore.http11 - DEBUG - send_request_body.started request=<Request [b'GET']>
2026-02-23 21:12:17,721 - httpcore.http11 - DEBUG - send_request_body.complete
2026-02-23 21:12:17,721 - httpcore.http11 - DEBUG - receive_response_headers.started request=<Request [b'GET']>
2026-02-23 21:12:17,722 - httpcore.http11 - DEBUG - receive_response_headers.complete return_value=(b'HTTP/1.1', 200, b'OK', [(b'Content-Type', b'application/json; charset=utf-8'), (b'Content-Length', b'2'), (b'Connection', b'keep-alive'), (b'Date', b'Mon, 23 Feb 2026 12:12:17 GMT'), (b'Server', b'postgrest/14.5'), (b'Content-Range', b'*/*'), (b'Content-Location', b'/notification_history?identifier=eq.20260316_%C3%AB%C2%8D%C2%95%C3%AC%C2%9C%C2%A0%C3%AC%C2%82%C2%B0_%C3%AC%C2%B9%C2%B4%C3%AB%C2%9D%C2%BC%C3%AB%C2%B0%C2%98&select=id&sent_at=gt.2026-02-22T21%3A12%3A17.720913'), (b'Content-Profile', b'public'), (b'Access-Control-Allow-Origin', b'*'), (b'X-Kong-Upstream-Latency', b'1'), (b'X-Kong-Proxy-Latency', b'0'), (b'Via', b'kong/2.8.1')])
2026-02-23 21:12:17,722 - httpx - INFO - HTTP Request: GET http://127.0.0.1:54321/rest/v1/notification_history?select=id&identifier=eq.20260316_%EB%8D%95%EC%9C%A0%EC%82%B0_%EC%B9%B4%EB%9D%BC%EB%B0%98&sent_at=gt.2026-02-22T21%3A12%3A17.720913 "HTTP/1.1 200 OK"
2026-02-23 21:12:17,723 - httpcore.http11 - DEBUG - receive_response_body.started request=<Request [b'GET']>
2026-02-23 21:12:17,723 - httpcore.http11 - DEBUG - receive_response_body.complete
2026-02-23 21:12:17,723 - httpcore.http11 - DEBUG - response_closed.started
2026-02-23 21:12:17,723 - httpcore.http11 - DEBUG - response_closed.complete
2026-02-23 21:12:17,723 - httpcore.http11 - DEBUG - send_request_headers.started request=<Request [b'GET']>
2026-02-23 21:12:17,723 - httpcore.http11 - DEBUG - send_request_headers.complete
2026-02-23 21:12:17,723 - httpcore.http11 - DEBUG - send_request_body.started request=<Request [b'GET']>
2026-02-23 21:12:17,723 - httpcore.http11 - DEBUG - send_request_body.complete
2026-02-23 21:12:17,723 - httpcore.http11 - DEBUG - receive_response_headers.started request=<Request [b'GET']>
2026-02-23 21:12:17,725 - httpcore.http11 - DEBUG - receive_response_headers.complete return_value=(b'HTTP/1.1', 200, b'OK', [(b'Content-Type', b'application/json; charset=utf-8'), (b'Content-Length', b'2'), (b'Connection', b'keep-alive'), (b'Date', b'Mon, 23 Feb 2026 12:12:17 GMT'), (b'Server', b'postgrest/14.5'), (b'Content-Range', b'*/*'), (b'Content-Location', b'/notification_history?identifier=eq.20260316_%C3%AC%C2%9B%C2%94%C3%AC%C2%B6%C2%9C%C3%AC%C2%82%C2%B0_%C3%AC%C2%B9%C2%B4%C3%AB%C2%9D%C2%BC%C3%AB%C2%B0%C2%98&select=id&sent_at=gt.2026-02-22T21%3A12%3A17.723203'), (b'Content-Profile', b'public'), (b'Access-Control-Allow-Origin', b'*'), (b'X-Kong-Upstream-Latency', b'0'), (b'X-Kong-Proxy-Latency', b'0'), (b'Via', b'kong/2.8.1')])
2026-02-23 21:12:17,725 - httpx - INFO - HTTP Request: GET http://127.0.0.1:54321/rest/v1/notification_history?select=id&identifier=eq.20260316_%EC%9B%94%EC%B6%9C%EC%82%B0_%EC%B9%B4%EB%9D%BC%EB%B0%98&sent_at=gt.2026-02-22T21%3A12%3A17.723203 "HTTP/1.1 200 OK"
2026-02-23 21:12:17,725 - httpcore.http11 - DEBUG - receive_response_body.started request=<Request [b'GET']>
2026-02-23 21:12:17,725 - httpcore.http11 - DEBUG - receive_response_body.complete
2026-02-23 21:12:17,725 - httpcore.http11 - DEBUG - response_closed.started
2026-02-23 21:12:17,725 - httpcore.http11 - DEBUG - response_closed.complete
2026-02-23 21:12:17,725 - httpcore.http11 - DEBUG - send_request_headers.started request=<Request [b'GET']>
2026-02-23 21:12:17,726 - httpcore.http11 - DEBUG - send_request_headers.complete
2026-02-23 21:12:17,726 - httpcore.http11 - DEBUG - send_request_body.started request=<Request [b'GET']>
2026-02-23 21:12:17,726 - httpcore.http11 - DEBUG - send_request_body.complete
2026-02-23 21:12:17,726 - httpcore.http11 - DEBUG - receive_response_headers.started request=<Request [b'GET']>
2026-02-23 21:12:17,727 - httpcore.http11 - DEBUG - receive_response_headers.complete return_value=(b'HTTP/1.1', 200, b'OK', [(b'Content-Type', b'application/json; charset=utf-8'), (b'Content-Length', b'2'), (b'Connection', b'keep-alive'), (b'Date', b'Mon, 23 Feb 2026 12:12:17 GMT'), (b'Server', b'postgrest/14.5'), (b'Content-Range', b'*/*'), (b'Content-Location', b'/notification_history?identifier=eq.20260316_%C3%AC%C2%B9%C2%98%C3%AC%C2%95%C2%85%C3%AC%C2%82%C2%B0_%C3%AC%C2%B9%C2%B4%C3%AB%C2%9D%C2%BC%C3%AB%C2%B0%C2%98&select=id&sent_at=gt.2026-02-22T21%3A12%3A17.725599'), (b'Content-Profile', b'public'), (b'Access-Control-Allow-Origin', b'*'), (b'X-Kong-Upstream-Latency', b'1'), (b'X-Kong-Proxy-Latency', b'0'), (b'Via', b'kong/2.8.1')])
2026-02-23 21:12:17,728 - httpx - INFO - HTTP Request: GET http://127.0.0.1:54321/rest/v1/notification_history?select=id&identifier=eq.20260316_%EC%B9%98%EC%95%85%EC%82%B0_%EC%B9%B4%EB%9D%BC%EB%B0%98&sent_at=gt.2026-02-22T21%3A12%3A17.725599 "HTTP/1.1 200 OK"
2026-02-23 21:12:17,728 - httpcore.http11 - DEBUG - receive_response_body.started request=<Request [b'GET']>
2026-02-23 21:12:17,728 - httpcore.http11 - DEBUG - receive_response_body.complete
2026-02-23 21:12:17,728 - httpcore.http11 - DEBUG - response_closed.started
2026-02-23 21:12:17,728 - httpcore.http11 - DEBUG - response_closed.complete
2026-02-23 21:12:17,728 - httpcore.http11 - DEBUG - send_request_headers.started request=<Request [b'GET']>
2026-02-23 21:12:17,728 - httpcore.http11 - DEBUG - send_request_headers.complete
2026-02-23 21:12:17,728 - httpcore.http11 - DEBUG - send_request_body.started request=<Request [b'GET']>
2026-02-23 21:12:17,728 - httpcore.http11 - DEBUG - send_request_body.complete
2026-02-23 21:12:17,728 - httpcore.http11 - DEBUG - receive_response_headers.started request=<Request [b'GET']>
2026-02-23 21:12:17,730 - httpcore.http11 - DEBUG - receive_response_headers.complete return_value=(b'HTTP/1.1', 200, b'OK', [(b'Content-Type', b'application/json; charset=utf-8'), (b'Content-Length', b'2'), (b'Connection', b'keep-alive'), (b'Date', b'Mon, 23 Feb 2026 12:12:17 GMT'), (b'Server', b'postgrest/14.5'), (b'Content-Range', b'*/*'), (b'Content-Location', b'/notification_history?identifier=eq.20260316_%C3%AD%C2%83%C2%9C%C3%AC%C2%95%C2%88%C3%AD%C2%95%C2%B4%C3%AC%C2%95%C2%88_%C3%AC%C2%B9%C2%B4%C3%AB%C2%9D%C2%BC%C3%AB%C2%B0%C2%98&select=id&sent_at=gt.2026-02-22T21%3A12%3A17.728319'), (b'Content-Profile', b'public'), (b'Access-Control-Allow-Origin', b'*'), (b'X-Kong-Upstream-Latency', b'1'), (b'X-Kong-Proxy-Latency', b'0'), (b'Via', b'kong/2.8.1')])
2026-02-23 21:12:17,730 - httpx - INFO - HTTP Request: GET http://127.0.0.1:54321/rest/v1/notification_history?select=id&identifier=eq.20260316_%ED%83%9C%EC%95%88%ED%95%B4%EC%95%88_%EC%B9%B4%EB%9D%BC%EB%B0%98&sent_at=gt.2026-02-22T21%3A12%3A17.728319 "HTTP/1.1 200 OK"
2026-02-23 21:12:17,730 - httpcore.http11 - DEBUG - receive_response_body.started request=<Request [b'GET']>
2026-02-23 21:12:17,730 - httpcore.http11 - DEBUG - receive_response_body.complete
2026-02-23 21:12:17,730 - httpcore.http11 - DEBUG - response_closed.started
2026-02-23 21:12:17,730 - httpcore.http11 - DEBUG - response_closed.complete
2026-02-23 21:12:17,731 - httpcore.http11 - DEBUG - send_request_headers.started request=<Request [b'GET']>
2026-02-23 21:12:17,731 - httpcore.http11 - DEBUG - send_request_headers.complete
2026-02-23 21:12:17,731 - httpcore.http11 - DEBUG - send_request_body.started request=<Request [b'GET']>
2026-02-23 21:12:17,731 - httpcore.http11 - DEBUG - send_request_body.complete
2026-02-23 21:12:17,731 - httpcore.http11 - DEBUG - receive_response_headers.started request=<Request [b'GET']>
2026-02-23 21:12:17,733 - httpcore.http11 - DEBUG - receive_response_headers.complete return_value=(b'HTTP/1.1', 200, b'OK', [(b'Content-Type', b'application/json; charset=utf-8'), (b'Content-Length', b'2'), (b'Connection', b'keep-alive'), (b'Date', b'Mon, 23 Feb 2026 12:12:17 GMT'), (b'Server', b'postgrest/14.5'), (b'Content-Range', b'*/*'), (b'Content-Location', b'/notification_history?identifier=eq.20260317_%C3%AA%C2%B0%C2%80%C3%AC%C2%95%C2%BC%C3%AC%C2%82%C2%B0_%C3%AC%C2%B9%C2%B4%C3%AB%C2%9D%C2%BC%C3%AB%C2%B0%C2%98&select=id&sent_at=gt.2026-02-22T21%3A12%3A17.731058'), (b'Content-Profile', b'public'), (b'Access-Control-Allow-Origin', b'*'), (b'X-Kong-Upstream-Latency', b'1'), (b'X-Kong-Proxy-Latency', b'0'), (b'Via', b'kong/2.8.1')])
2026-02-23 21:12:17,733 - httpx - INFO - HTTP Request: GET http://127.0.0.1:54321/rest/v1/notification_history?select=id&identifier=eq.20260317_%EA%B0%80%EC%95%BC%EC%82%B0_%EC%B9%B4%EB%9D%BC%EB%B0%98&sent_at=gt.2026-02-22T21%3A12%3A17.731058 "HTTP/1.1 200 OK"
2026-02-23 21:12:17,733 - httpcore.http11 - DEBUG - receive_response_body.started request=<Request [b'GET']>
2026-02-23 21:12:17,733 - httpcore.http11 - DEBUG - receive_response_body.complete
2026-02-23 21:12:17,733 - httpcore.http11 - DEBUG - response_closed.started
2026-02-23 21:12:17,733 - httpcore.http11 - DEBUG - response_closed.complete
2026-02-23 21:12:17,734 - httpcore.http11 - DEBUG - send_request_headers.started request=<Request [b'GET']>
2026-02-23 21:12:17,734 - httpcore.http11 - DEBUG - send_request_headers.complete
2026-02-23 21:12:17,734 - httpcore.http11 - DEBUG - send_request_body.started request=<Request [b'GET']>
2026-02-23 21:12:17,734 - httpcore.http11 - DEBUG - send_request_body.complete
2026-02-23 21:12:17,734 - httpcore.http11 - DEBUG - receive_response_headers.started request=<Request [b'GET']>
2026-02-23 21:12:17,735 - httpcore.http11 - DEBUG - receive_response_headers.complete return_value=(b'HTTP/1.1', 200, b'OK', [(b'Content-Type', b'application/json; charset=utf-8'), (b'Content-Length', b'2'), (b'Connection', b'keep-alive'), (b'Date', b'Mon, 23 Feb 2026 12:12:17 GMT'), (b'Server', b'postgrest/14.5'), (b'Content-Range', b'*/*'), (b'Content-Location', b'/notification_history?identifier=eq.20260317_%C3%AB%C2%8D%C2%95%C3%AC%C2%9C%C2%A0%C3%AC%C2%82%C2%B0_%C3%AC%C2%B9%C2%B4%C3%AB%C2%9D%C2%BC%C3%AB%C2%B0%C2%98&select=id&sent_at=gt.2026-02-22T21%3A12%3A17.733742'), (b'Content-Profile', b'public'), (b'Access-Control-Allow-Origin', b'*'), (b'X-Kong-Upstream-Latency', b'1'), (b'X-Kong-Proxy-Latency', b'0'), (b'Via', b'kong/2.8.1')])
2026-02-23 21:12:17,735 - httpx - INFO - HTTP Request: GET http://127.0.0.1:54321/rest/v1/notification_history?select=id&identifier=eq.20260317_%EB%8D%95%EC%9C%A0%EC%82%B0_%EC%B9%B4%EB%9D%BC%EB%B0%98&sent_at=gt.2026-02-22T21%3A12%3A17.733742 "HTTP/1.1 200 OK"
2026-02-23 21:12:17,735 - httpcore.http11 - DEBUG - receive_response_body.started request=<Request [b'GET']>
2026-02-23 21:12:17,735 - httpcore.http11 - DEBUG - receive_response_body.complete
2026-02-23 21:12:17,735 - httpcore.http11 - DEBUG - response_closed.started
2026-02-23 21:12:17,736 - httpcore.http11 - DEBUG - response_closed.complete
2026-02-23 21:12:17,736 - httpcore.http11 - DEBUG - send_request_headers.started request=<Request [b'GET']>
2026-02-23 21:12:17,736 - httpcore.http11 - DEBUG - send_request_headers.complete
2026-02-23 21:12:17,736 - httpcore.http11 - DEBUG - send_request_body.started request=<Request [b'GET']>
2026-02-23 21:12:17,736 - httpcore.http11 - DEBUG - send_request_body.complete
2026-02-23 21:12:17,736 - httpcore.http11 - DEBUG - receive_response_headers.started request=<Request [b'GET']>
2026-02-23 21:12:17,738 - httpcore.http11 - DEBUG - receive_response_headers.complete return_value=(b'HTTP/1.1', 200, b'OK', [(b'Content-Type', b'application/json; charset=utf-8'), (b'Content-Length', b'2'), (b'Connection', b'keep-alive'), (b'Date', b'Mon, 23 Feb 2026 12:12:17 GMT'), (b'Server', b'postgrest/14.5'), (b'Content-Range', b'*/*'), (b'Content-Location', b'/notification_history?identifier=eq.20260317_%C3%AC%C2%B9%C2%98%C3%AC%C2%95%C2%85%C3%AC%C2%82%C2%B0_%C3%AC%C2%B9%C2%B4%C3%AB%C2%9D%C2%BC%C3%AB%C2%B0%C2%98&select=id&sent_at=gt.2026-02-22T21%3A12%3A17.736064'), (b'Content-Profile', b'public'), (b'Access-Control-Allow-Origin', b'*'), (b'X-Kong-Upstream-Latency', b'0'), (b'X-Kong-Proxy-Latency', b'1'), (b'Via', b'kong/2.8.1')])
2026-02-23 21:12:17,738 - httpx - INFO - HTTP Request: GET http://127.0.0.1:54321/rest/v1/notification_history?select=id&identifier=eq.20260317_%EC%B9%98%EC%95%85%EC%82%B0_%EC%B9%B4%EB%9D%BC%EB%B0%98&sent_at=gt.2026-02-22T21%3A12%3A17.736064 "HTTP/1.1 200 OK"
2026-02-23 21:12:17,738 - httpcore.http11 - DEBUG - receive_response_body.started request=<Request [b'GET']>
2026-02-23 21:12:17,738 - httpcore.http11 - DEBUG - receive_response_body.complete
2026-02-23 21:12:17,738 - httpcore.http11 - DEBUG - response_closed.started
2026-02-23 21:12:17,738 - httpcore.http11 - DEBUG - response_closed.complete
2026-02-23 21:12:17,738 - httpcore.http11 - DEBUG - send_request_headers.started request=<Request [b'GET']>
2026-02-23 21:12:17,739 - httpcore.http11 - DEBUG - send_request_headers.complete
2026-02-23 21:12:17,739 - httpcore.http11 - DEBUG - send_request_body.started request=<Request [b'GET']>
2026-02-23 21:12:17,739 - httpcore.http11 - DEBUG - send_request_body.complete
2026-02-23 21:12:17,739 - httpcore.http11 - DEBUG - receive_response_headers.started request=<Request [b'GET']>
2026-02-23 21:12:17,740 - httpcore.http11 - DEBUG - receive_response_headers.complete return_value=(b'HTTP/1.1', 200, b'OK', [(b'Content-Type', b'application/json; charset=utf-8'), (b'Content-Length', b'2'), (b'Connection', b'keep-alive'), (b'Date', b'Mon, 23 Feb 2026 12:12:17 GMT'), (b'Server', b'postgrest/14.5'), (b'Content-Range', b'*/*'), (b'Content-Location', b'/notification_history?identifier=eq.20260317_%C3%AD%C2%83%C2%9C%C3%AC%C2%95%C2%88%C3%AD%C2%95%C2%B4%C3%AC%C2%95%C2%88_%C3%AC%C2%B9%C2%B4%C3%AB%C2%9D%C2%BC%C3%AB%C2%B0%C2%98&select=id&sent_at=gt.2026-02-22T21%3A12%3A17.738614'), (b'Content-Profile', b'public'), (b'Access-Control-Allow-Origin', b'*'), (b'X-Kong-Upstream-Latency', b'1'), (b'X-Kong-Proxy-Latency', b'0'), (b'Via', b'kong/2.8.1')])
2026-02-23 21:12:17,741 - httpx - INFO - HTTP Request: GET http://127.0.0.1:54321/rest/v1/notification_history?select=id&identifier=eq.20260317_%ED%83%9C%EC%95%88%ED%95%B4%EC%95%88_%EC%B9%B4%EB%9D%BC%EB%B0%98&sent_at=gt.2026-02-22T21%3A12%3A17.738614 "HTTP/1.1 200 OK"
2026-02-23 21:12:17,741 - httpcore.http11 - DEBUG - receive_response_body.started request=<Request [b'GET']>
2026-02-23 21:12:17,741 - httpcore.http11 - DEBUG - receive_response_body.complete
2026-02-23 21:12:17,741 - httpcore.http11 - DEBUG - response_closed.started
2026-02-23 21:12:17,741 - httpcore.http11 - DEBUG - response_closed.complete
2026-02-23 21:12:17,741 - httpcore.http11 - DEBUG - send_request_headers.started request=<Request [b'GET']>
2026-02-23 21:12:17,741 - httpcore.http11 - DEBUG - send_request_headers.complete
2026-02-23 21:12:17,741 - httpcore.http11 - DEBUG - send_request_body.started request=<Request [b'GET']>
2026-02-23 21:12:17,741 - httpcore.http11 - DEBUG - send_request_body.complete
2026-02-23 21:12:17,741 - httpcore.http11 - DEBUG - receive_response_headers.started request=<Request [b'GET']>
2026-02-23 21:12:17,743 - httpcore.http11 - DEBUG - receive_response_headers.complete return_value=(b'HTTP/1.1', 200, b'OK', [(b'Content-Type', b'application/json; charset=utf-8'), (b'Content-Length', b'2'), (b'Connection', b'keep-alive'), (b'Date', b'Mon, 23 Feb 2026 12:12:17 GMT'), (b'Server', b'postgrest/14.5'), (b'Content-Range', b'*/*'), (b'Content-Location', b'/notification_history?identifier=eq.20260319_%C3%AA%C2%B0%C2%80%C3%AC%C2%95%C2%BC%C3%AC%C2%82%C2%B0_%C3%AC%C2%B9%C2%B4%C3%AB%C2%9D%C2%BC%C3%AB%C2%B0%C2%98&select=id&sent_at=gt.2026-02-22T21%3A12%3A17.741281'), (b'Content-Profile', b'public'), (b'Access-Control-Allow-Origin', b'*'), (b'X-Kong-Upstream-Latency', b'1'), (b'X-Kong-Proxy-Latency', b'0'), (b'Via', b'kong/2.8.1')])
2026-02-23 21:12:17,743 - httpx - INFO - HTTP Request: GET http://127.0.0.1:54321/rest/v1/notification_history?select=id&identifier=eq.20260319_%EA%B0%80%EC%95%BC%EC%82%B0_%EC%B9%B4%EB%9D%BC%EB%B0%98&sent_at=gt.2026-02-22T21%3A12%3A17.741281 "HTTP/1.1 200 OK"
2026-02-23 21:12:17,743 - httpcore.http11 - DEBUG - receive_response_body.started request=<Request [b'GET']>
2026-02-23 21:12:17,743 - httpcore.http11 - DEBUG - receive_response_body.complete
2026-02-23 21:12:17,744 - httpcore.http11 - DEBUG - response_closed.started
2026-02-23 21:12:17,744 - httpcore.http11 - DEBUG - response_closed.complete
2026-02-23 21:12:17,744 - httpcore.http11 - DEBUG - send_request_headers.started request=<Request [b'GET']>
2026-02-23 21:12:17,744 - httpcore.http11 - DEBUG - send_request_headers.complete
2026-02-23 21:12:17,744 - httpcore.http11 - DEBUG - send_request_body.started request=<Request [b'GET']>
2026-02-23 21:12:17,744 - httpcore.http11 - DEBUG - send_request_body.complete
2026-02-23 21:12:17,744 - httpcore.http11 - DEBUG - receive_response_headers.started request=<Request [b'GET']>
2026-02-23 21:12:17,746 - httpcore.http11 - DEBUG - receive_response_headers.complete return_value=(b'HTTP/1.1', 200, b'OK', [(b'Content-Type', b'application/json; charset=utf-8'), (b'Content-Length', b'2'), (b'Connection', b'keep-alive'), (b'Date', b'Mon, 23 Feb 2026 12:12:17 GMT'), (b'Server', b'postgrest/14.5'), (b'Content-Range', b'*/*'), (b'Content-Location', b'/notification_history?identifier=eq.20260319_%C3%AB%C2%8D%C2%95%C3%AC%C2%9C%C2%A0%C3%AC%C2%82%C2%B0_%C3%AC%C2%B9%C2%B4%C3%AB%C2%9D%C2%BC%C3%AB%C2%B0%C2%98&select=id&sent_at=gt.2026-02-22T21%3A12%3A17.744094'), (b'Content-Profile', b'public'), (b'Access-Control-Allow-Origin', b'*'), (b'X-Kong-Upstream-Latency', b'0'), (b'X-Kong-Proxy-Latency', b'0'), (b'Via', b'kong/2.8.1')])
2026-02-23 21:12:17,746 - httpx - INFO - HTTP Request: GET http://127.0.0.1:54321/rest/v1/notification_history?select=id&identifier=eq.20260319_%EB%8D%95%EC%9C%A0%EC%82%B0_%EC%B9%B4%EB%9D%BC%EB%B0%98&sent_at=gt.2026-02-22T21%3A12%3A17.744094 "HTTP/1.1 200 OK"
2026-02-23 21:12:17,746 - httpcore.http11 - DEBUG - receive_response_body.started request=<Request [b'GET']>
2026-02-23 21:12:17,746 - httpcore.http11 - DEBUG - receive_response_body.complete
2026-02-23 21:12:17,746 - httpcore.http11 - DEBUG - response_closed.started
2026-02-23 21:12:17,746 - httpcore.http11 - DEBUG - response_closed.complete
2026-02-23 21:12:17,746 - httpcore.http11 - DEBUG - send_request_headers.started request=<Request [b'GET']>
2026-02-23 21:12:17,747 - httpcore.http11 - DEBUG - send_request_headers.complete
2026-02-23 21:12:17,747 - httpcore.http11 - DEBUG - send_request_body.started request=<Request [b'GET']>
2026-02-23 21:12:17,747 - httpcore.http11 - DEBUG - send_request_body.complete
2026-02-23 21:12:17,747 - httpcore.http11 - DEBUG - receive_response_headers.started request=<Request [b'GET']>
2026-02-23 21:12:17,748 - httpcore.http11 - DEBUG - receive_response_headers.complete return_value=(b'HTTP/1.1', 200, b'OK', [(b'Content-Type', b'application/json; charset=utf-8'), (b'Content-Length', b'2'), (b'Connection', b'keep-alive'), (b'Date', b'Mon, 23 Feb 2026 12:12:17 GMT'), (b'Server', b'postgrest/14.5'), (b'Content-Range', b'*/*'), (b'Content-Location', b'/notification_history?identifier=eq.20260319_%C3%AC%C2%9B%C2%94%C3%AC%C2%B6%C2%9C%C3%AC%C2%82%C2%B0_%C3%AC%C2%B9%C2%B4%C3%AB%C2%9D%C2%BC%C3%AB%C2%B0%C2%98&select=id&sent_at=gt.2026-02-22T21%3A12%3A17.746578'), (b'Content-Profile', b'public'), (b'Access-Control-Allow-Origin', b'*'), (b'X-Kong-Upstream-Latency', b'1'), (b'X-Kong-Proxy-Latency', b'0'), (b'Via', b'kong/2.8.1')])
2026-02-23 21:12:17,748 - httpx - INFO - HTTP Request: GET http://127.0.0.1:54321/rest/v1/notification_history?select=id&identifier=eq.20260319_%EC%9B%94%EC%B6%9C%EC%82%B0_%EC%B9%B4%EB%9D%BC%EB%B0%98&sent_at=gt.2026-02-22T21%3A12%3A17.746578 "HTTP/1.1 200 OK"
2026-02-23 21:12:17,748 - httpcore.http11 - DEBUG - receive_response_body.started request=<Request [b'GET']>
2026-02-23 21:12:17,749 - httpcore.http11 - DEBUG - receive_response_body.complete
2026-02-23 21:12:17,749 - httpcore.http11 - DEBUG - response_closed.started
2026-02-23 21:12:17,749 - httpcore.http11 - DEBUG - response_closed.complete
2026-02-23 21:12:17,749 - httpcore.http11 - DEBUG - send_request_headers.started request=<Request [b'GET']>
2026-02-23 21:12:17,749 - httpcore.http11 - DEBUG - send_request_headers.complete
2026-02-23 21:12:17,749 - httpcore.http11 - DEBUG - send_request_body.started request=<Request [b'GET']>
2026-02-23 21:12:17,749 - httpcore.http11 - DEBUG - send_request_body.complete
2026-02-23 21:12:17,749 - httpcore.http11 - DEBUG - receive_response_headers.started request=<Request [b'GET']>
2026-02-23 21:12:17,751 - httpcore.http11 - DEBUG - receive_response_headers.complete return_value=(b'HTTP/1.1', 200, b'OK', [(b'Content-Type', b'application/json; charset=utf-8'), (b'Content-Length', b'2'), (b'Connection', b'keep-alive'), (b'Date', b'Mon, 23 Feb 2026 12:12:17 GMT'), (b'Server', b'postgrest/14.5'), (b'Content-Range', b'*/*'), (b'Content-Location', b'/notification_history?identifier=eq.20260319_%C3%AC%C2%B9%C2%98%C3%AC%C2%95%C2%85%C3%AC%C2%82%C2%B0_%C3%AC%C2%B9%C2%B4%C3%AB%C2%9D%C2%BC%C3%AB%C2%B0%C2%98&select=id&sent_at=gt.2026-02-22T21%3A12%3A17.749144'), (b'Content-Profile', b'public'), (b'Access-Control-Allow-Origin', b'*'), (b'X-Kong-Upstream-Latency', b'1'), (b'X-Kong-Proxy-Latency', b'0'), (b'Via', b'kong/2.8.1')])
2026-02-23 21:12:17,751 - httpx - INFO - HTTP Request: GET http://127.0.0.1:54321/rest/v1/notification_history?select=id&identifier=eq.20260319_%EC%B9%98%EC%95%85%EC%82%B0_%EC%B9%B4%EB%9D%BC%EB%B0%98&sent_at=gt.2026-02-22T21%3A12%3A17.749144 "HTTP/1.1 200 OK"
2026-02-23 21:12:17,751 - httpcore.http11 - DEBUG - receive_response_body.started request=<Request [b'GET']>
2026-02-23 21:12:17,751 - httpcore.http11 - DEBUG - receive_response_body.complete
2026-02-23 21:12:17,751 - httpcore.http11 - DEBUG - response_closed.started
2026-02-23 21:12:17,751 - httpcore.http11 - DEBUG - response_closed.complete
2026-02-23 21:12:17,752 - httpcore.http11 - DEBUG - send_request_headers.started request=<Request [b'GET']>
2026-02-23 21:12:17,752 - httpcore.http11 - DEBUG - send_request_headers.complete
2026-02-23 21:12:17,752 - httpcore.http11 - DEBUG - send_request_body.started request=<Request [b'GET']>
2026-02-23 21:12:17,752 - httpcore.http11 - DEBUG - send_request_body.complete
2026-02-23 21:12:17,752 - httpcore.http11 - DEBUG - receive_response_headers.started request=<Request [b'GET']>
2026-02-23 21:12:17,754 - httpcore.http11 - DEBUG - receive_response_headers.complete return_value=(b'HTTP/1.1', 200, b'OK', [(b'Content-Type', b'application/json; charset=utf-8'), (b'Content-Length', b'2'), (b'Connection', b'keep-alive'), (b'Date', b'Mon, 23 Feb 2026 12:12:17 GMT'), (b'Server', b'postgrest/14.5'), (b'Content-Range', b'*/*'), (b'Content-Location', b'/notification_history?identifier=eq.20260319_%C3%AD%C2%83%C2%9C%C3%AC%C2%95%C2%88%C3%AD%C2%95%C2%B4%C3%AC%C2%95%C2%88_%C3%AC%C2%B9%C2%B4%C3%AB%C2%9D%C2%BC%C3%AB%C2%B0%C2%98&select=id&sent_at=gt.2026-02-22T21%3A12%3A17.751906'), (b'Content-Profile', b'public'), (b'Access-Control-Allow-Origin', b'*'), (b'X-Kong-Upstream-Latency', b'0'), (b'X-Kong-Proxy-Latency', b'1'), (b'Via', b'kong/2.8.1')])
2026-02-23 21:12:17,754 - httpx - INFO - HTTP Request: GET http://127.0.0.1:54321/rest/v1/notification_history?select=id&identifier=eq.20260319_%ED%83%9C%EC%95%88%ED%95%B4%EC%95%88_%EC%B9%B4%EB%9D%BC%EB%B0%98&sent_at=gt.2026-02-22T21%3A12%3A17.751906 "HTTP/1.1 200 OK"
2026-02-23 21:12:17,754 - httpcore.http11 - DEBUG - receive_response_body.started request=<Request [b'GET']>
2026-02-23 21:12:17,754 - httpcore.http11 - DEBUG - receive_response_body.complete
2026-02-23 21:12:17,754 - httpcore.http11 - DEBUG - response_closed.started
2026-02-23 21:12:17,754 - httpcore.http11 - DEBUG - response_closed.complete
2026-02-23 21:12:17,754 - httpcore.http11 - DEBUG - send_request_headers.started request=<Request [b'GET']>
2026-02-23 21:12:17,755 - httpcore.http11 - DEBUG - send_request_headers.complete
2026-02-23 21:12:17,755 - httpcore.http11 - DEBUG - send_request_body.started request=<Request [b'GET']>
2026-02-23 21:12:17,755 - httpcore.http11 - DEBUG - send_request_body.complete
2026-02-23 21:12:17,755 - httpcore.http11 - DEBUG - receive_response_headers.started request=<Request [b'GET']>
2026-02-23 21:12:17,756 - httpcore.http11 - DEBUG - receive_response_headers.complete return_value=(b'HTTP/1.1', 200, b'OK', [(b'Content-Type', b'application/json; charset=utf-8'), (b'Content-Length', b'2'), (b'Connection', b'keep-alive'), (b'Date', b'Mon, 23 Feb 2026 12:12:17 GMT'), (b'Server', b'postgrest/14.5'), (b'Content-Range', b'*/*'), (b'Content-Location', b'/notification_history?identifier=eq.20260320_%C3%AA%C2%B0%C2%80%C3%AC%C2%95%C2%BC%C3%AC%C2%82%C2%B0_%C3%AC%C2%B9%C2%B4%C3%AB%C2%9D%C2%BC%C3%AB%C2%B0%C2%98&select=id&sent_at=gt.2026-02-22T21%3A12%3A17.754564'), (b'Content-Profile', b'public'), (b'Access-Control-Allow-Origin', b'*'), (b'X-Kong-Upstream-Latency', b'1'), (b'X-Kong-Proxy-Latency', b'0'), (b'Via', b'kong/2.8.1')])
2026-02-23 21:12:17,756 - httpx - INFO - HTTP Request: GET http://127.0.0.1:54321/rest/v1/notification_history?select=id&identifier=eq.20260320_%EA%B0%80%EC%95%BC%EC%82%B0_%EC%B9%B4%EB%9D%BC%EB%B0%98&sent_at=gt.2026-02-22T21%3A12%3A17.754564 "HTTP/1.1 200 OK"
2026-02-23 21:12:17,756 - httpcore.http11 - DEBUG - receive_response_body.started request=<Request [b'GET']>
2026-02-23 21:12:17,756 - httpcore.http11 - DEBUG - receive_response_body.complete
2026-02-23 21:12:17,756 - httpcore.http11 - DEBUG - response_closed.started
2026-02-23 21:12:17,757 - httpcore.http11 - DEBUG - response_closed.complete
2026-02-23 21:12:17,757 - httpcore.http11 - DEBUG - send_request_headers.started request=<Request [b'GET']>
2026-02-23 21:12:17,757 - httpcore.http11 - DEBUG - send_request_headers.complete
2026-02-23 21:12:17,757 - httpcore.http11 - DEBUG - send_request_body.started request=<Request [b'GET']>
2026-02-23 21:12:17,757 - httpcore.http11 - DEBUG - send_request_body.complete
2026-02-23 21:12:17,757 - httpcore.http11 - DEBUG - receive_response_headers.started request=<Request [b'GET']>
2026-02-23 21:12:17,759 - httpcore.http11 - DEBUG - receive_response_headers.complete return_value=(b'HTTP/1.1', 200, b'OK', [(b'Content-Type', b'application/json; charset=utf-8'), (b'Content-Length', b'2'), (b'Connection', b'keep-alive'), (b'Date', b'Mon, 23 Feb 2026 12:12:17 GMT'), (b'Server', b'postgrest/14.5'), (b'Content-Range', b'*/*'), (b'Content-Location', b'/notification_history?identifier=eq.20260320_%C3%AB%C2%8D%C2%95%C3%AC%C2%9C%C2%A0%C3%AC%C2%82%C2%B0_%C3%AC%C2%B9%C2%B4%C3%AB%C2%9D%C2%BC%C3%AB%C2%B0%C2%98&select=id&sent_at=gt.2026-02-22T21%3A12%3A17.757117'), (b'Content-Profile', b'public'), (b'Access-Control-Allow-Origin', b'*'), (b'X-Kong-Upstream-Latency', b'0'), (b'X-Kong-Proxy-Latency', b'0'), (b'Via', b'kong/2.8.1')])
2026-02-23 21:12:17,759 - httpx - INFO - HTTP Request: GET http://127.0.0.1:54321/rest/v1/notification_history?select=id&identifier=eq.20260320_%EB%8D%95%EC%9C%A0%EC%82%B0_%EC%B9%B4%EB%9D%BC%EB%B0%98&sent_at=gt.2026-02-22T21%3A12%3A17.757117 "HTTP/1.1 200 OK"
2026-02-23 21:12:17,759 - httpcore.http11 - DEBUG - receive_response_body.started request=<Request [b'GET']>
2026-02-23 21:12:17,759 - httpcore.http11 - DEBUG - receive_response_body.complete
2026-02-23 21:12:17,759 - httpcore.http11 - DEBUG - response_closed.started
2026-02-23 21:12:17,759 - httpcore.http11 - DEBUG - response_closed.complete
2026-02-23 21:12:17,759 - httpcore.http11 - DEBUG - send_request_headers.started request=<Request [b'GET']>
2026-02-23 21:12:17,760 - httpcore.http11 - DEBUG - send_request_headers.complete
2026-02-23 21:12:17,760 - httpcore.http11 - DEBUG - send_request_body.started request=<Request [b'GET']>
2026-02-23 21:12:17,760 - httpcore.http11 - DEBUG - send_request_body.complete
2026-02-23 21:12:17,760 - httpcore.http11 - DEBUG - receive_response_headers.started request=<Request [b'GET']>
2026-02-23 21:12:17,761 - httpcore.http11 - DEBUG - receive_response_headers.complete return_value=(b'HTTP/1.1', 200, b'OK', [(b'Content-Type', b'application/json; charset=utf-8'), (b'Content-Length', b'2'), (b'Connection', b'keep-alive'), (b'Date', b'Mon, 23 Feb 2026 12:12:17 GMT'), (b'Server', b'postgrest/14.5'), (b'Content-Range', b'*/*'), (b'Content-Location', b'/notification_history?identifier=eq.20260320_%C3%AC%C2%B9%C2%98%C3%AC%C2%95%C2%85%C3%AC%C2%82%C2%B0_%C3%AC%C2%B9%C2%B4%C3%AB%C2%9D%C2%BC%C3%AB%C2%B0%C2%98&select=id&sent_at=gt.2026-02-22T21%3A12%3A17.759569'), (b'Content-Profile', b'public'), (b'Access-Control-Allow-Origin', b'*'), (b'X-Kong-Upstream-Latency', b'1'), (b'X-Kong-Proxy-Latency', b'0'), (b'Via', b'kong/2.8.1')])
2026-02-23 21:12:17,761 - httpx - INFO - HTTP Request: GET http://127.0.0.1:54321/rest/v1/notification_history?select=id&identifier=eq.20260320_%EC%B9%98%EC%95%85%EC%82%B0_%EC%B9%B4%EB%9D%BC%EB%B0%98&sent_at=gt.2026-02-22T21%3A12%3A17.759569 "HTTP/1.1 200 OK"
2026-02-23 21:12:17,761 - httpcore.http11 - DEBUG - receive_response_body.started request=<Request [b'GET']>
2026-02-23 21:12:17,761 - httpcore.http11 - DEBUG - receive_response_body.complete
2026-02-23 21:12:17,761 - httpcore.http11 - DEBUG - response_closed.started
2026-02-23 21:12:17,762 - httpcore.http11 - DEBUG - response_closed.complete
2026-02-23 21:12:17,762 - httpcore.http11 - DEBUG - send_request_headers.started request=<Request [b'GET']>
2026-02-23 21:12:17,762 - httpcore.http11 - DEBUG - send_request_headers.complete
2026-02-23 21:12:17,762 - httpcore.http11 - DEBUG - send_request_body.started request=<Request [b'GET']>
2026-02-23 21:12:17,762 - httpcore.http11 - DEBUG - send_request_body.complete
2026-02-23 21:12:17,762 - httpcore.http11 - DEBUG - receive_response_headers.started request=<Request [b'GET']>
2026-02-23 21:12:17,764 - httpcore.http11 - DEBUG - receive_response_headers.complete return_value=(b'HTTP/1.1', 200, b'OK', [(b'Content-Type', b'application/json; charset=utf-8'), (b'Content-Length', b'2'), (b'Connection', b'keep-alive'), (b'Date', b'Mon, 23 Feb 2026 12:12:17 GMT'), (b'Server', b'postgrest/14.5'), (b'Content-Range', b'*/*'), (b'Content-Location', b'/notification_history?identifier=eq.20260322_%C3%AA%C2%B0%C2%80%C3%AC%C2%95%C2%BC%C3%AC%C2%82%C2%B0_%C3%AC%C2%B9%C2%B4%C3%AB%C2%9D%C2%BC%C3%AB%C2%B0%C2%98&select=id&sent_at=gt.2026-02-22T21%3A12%3A17.762098'), (b'Content-Profile', b'public'), (b'Access-Control-Allow-Origin', b'*'), (b'X-Kong-Upstream-Latency', b'1'), (b'X-Kong-Proxy-Latency', b'0'), (b'Via', b'kong/2.8.1')])
2026-02-23 21:12:17,764 - httpx - INFO - HTTP Request: GET http://127.0.0.1:54321/rest/v1/notification_history?select=id&identifier=eq.20260322_%EA%B0%80%EC%95%BC%EC%82%B0_%EC%B9%B4%EB%9D%BC%EB%B0%98&sent_at=gt.2026-02-22T21%3A12%3A17.762098 "HTTP/1.1 200 OK"
2026-02-23 21:12:17,764 - httpcore.http11 - DEBUG - receive_response_body.started request=<Request [b'GET']>
2026-02-23 21:12:17,764 - httpcore.http11 - DEBUG - receive_response_body.complete
2026-02-23 21:12:17,764 - httpcore.http11 - DEBUG - response_closed.started
2026-02-23 21:12:17,764 - httpcore.http11 - DEBUG - response_closed.complete
2026-02-23 21:12:17,765 - httpcore.http11 - DEBUG - send_request_headers.started request=<Request [b'GET']>
2026-02-23 21:12:17,765 - httpcore.http11 - DEBUG - send_request_headers.complete
2026-02-23 21:12:17,765 - httpcore.http11 - DEBUG - send_request_body.started request=<Request [b'GET']>
2026-02-23 21:12:17,765 - httpcore.http11 - DEBUG - send_request_body.complete
2026-02-23 21:12:17,765 - httpcore.http11 - DEBUG - receive_response_headers.started request=<Request [b'GET']>
2026-02-23 21:12:17,767 - httpcore.http11 - DEBUG - receive_response_headers.complete return_value=(b'HTTP/1.1', 200, b'OK', [(b'Content-Type', b'application/json; charset=utf-8'), (b'Content-Length', b'2'), (b'Connection', b'keep-alive'), (b'Date', b'Mon, 23 Feb 2026 12:12:17 GMT'), (b'Server', b'postgrest/14.5'), (b'Content-Range', b'*/*'), (b'Content-Location', b'/notification_history?identifier=eq.20260322_%C3%AB%C2%8D%C2%95%C3%AC%C2%9C%C2%A0%C3%AC%C2%82%C2%B0_%C3%AC%C2%B9%C2%B4%C3%AB%C2%9D%C2%BC%C3%AB%C2%B0%C2%98&select=id&sent_at=gt.2026-02-22T21%3A12%3A17.764720'), (b'Content-Profile', b'public'), (b'Access-Control-Allow-Origin', b'*'), (b'X-Kong-Upstream-Latency', b'1'), (b'X-Kong-Proxy-Latency', b'0'), (b'Via', b'kong/2.8.1')])
2026-02-23 21:12:17,767 - httpx - INFO - HTTP Request: GET http://127.0.0.1:54321/rest/v1/notification_history?select=id&identifier=eq.20260322_%EB%8D%95%EC%9C%A0%EC%82%B0_%EC%B9%B4%EB%9D%BC%EB%B0%98&sent_at=gt.2026-02-22T21%3A12%3A17.764720 "HTTP/1.1 200 OK"
2026-02-23 21:12:17,767 - httpcore.http11 - DEBUG - receive_response_body.started request=<Request [b'GET']>
2026-02-23 21:12:17,767 - httpcore.http11 - DEBUG - receive_response_body.complete
2026-02-23 21:12:17,767 - httpcore.http11 - DEBUG - response_closed.started
2026-02-23 21:12:17,767 - httpcore.http11 - DEBUG - response_closed.complete
2026-02-23 21:12:17,767 - httpcore.http11 - DEBUG - send_request_headers.started request=<Request [b'GET']>
2026-02-23 21:12:17,767 - httpcore.http11 - DEBUG - send_request_headers.complete
2026-02-23 21:12:17,768 - httpcore.http11 - DEBUG - send_request_body.started request=<Request [b'GET']>
2026-02-23 21:12:17,768 - httpcore.http11 - DEBUG - send_request_body.complete
2026-02-23 21:12:17,768 - httpcore.http11 - DEBUG - receive_response_headers.started request=<Request [b'GET']>
2026-02-23 21:12:17,769 - httpcore.http11 - DEBUG - receive_response_headers.complete return_value=(b'HTTP/1.1', 200, b'OK', [(b'Content-Type', b'application/json; charset=utf-8'), (b'Content-Length', b'2'), (b'Connection', b'keep-alive'), (b'Date', b'Mon, 23 Feb 2026 12:12:17 GMT'), (b'Server', b'postgrest/14.5'), (b'Content-Range', b'*/*'), (b'Content-Location', b'/notification_history?identifier=eq.20260322_%C3%AC%C2%9B%C2%94%C3%AC%C2%B6%C2%9C%C3%AC%C2%82%C2%B0_%C3%AC%C2%B9%C2%B4%C3%AB%C2%9D%C2%BC%C3%AB%C2%B0%C2%98&select=id&sent_at=gt.2026-02-22T21%3A12%3A17.767461'), (b'Content-Profile', b'public'), (b'Access-Control-Allow-Origin', b'*'), (b'X-Kong-Upstream-Latency', b'1'), (b'X-Kong-Proxy-Latency', b'0'), (b'Via', b'kong/2.8.1')])
2026-02-23 21:12:17,769 - httpx - INFO - HTTP Request: GET http://127.0.0.1:54321/rest/v1/notification_history?select=id&identifier=eq.20260322_%EC%9B%94%EC%B6%9C%EC%82%B0_%EC%B9%B4%EB%9D%BC%EB%B0%98&sent_at=gt.2026-02-22T21%3A12%3A17.767461 "HTTP/1.1 200 OK"
2026-02-23 21:12:17,769 - httpcore.http11 - DEBUG - receive_response_body.started request=<Request [b'GET']>
2026-02-23 21:12:17,769 - httpcore.http11 - DEBUG - receive_response_body.complete
2026-02-23 21:12:17,770 - httpcore.http11 - DEBUG - response_closed.started
2026-02-23 21:12:17,770 - httpcore.http11 - DEBUG - response_closed.complete
2026-02-23 21:12:17,770 - httpcore.http11 - DEBUG - send_request_headers.started request=<Request [b'GET']>
2026-02-23 21:12:17,770 - httpcore.http11 - DEBUG - send_request_headers.complete
2026-02-23 21:12:17,770 - httpcore.http11 - DEBUG - send_request_body.started request=<Request [b'GET']>
2026-02-23 21:12:17,770 - httpcore.http11 - DEBUG - send_request_body.complete
2026-02-23 21:12:17,770 - httpcore.http11 - DEBUG - receive_response_headers.started request=<Request [b'GET']>
2026-02-23 21:12:17,772 - httpcore.http11 - DEBUG - receive_response_headers.complete return_value=(b'HTTP/1.1', 200, b'OK', [(b'Content-Type', b'application/json; charset=utf-8'), (b'Content-Length', b'2'), (b'Connection', b'keep-alive'), (b'Date', b'Mon, 23 Feb 2026 12:12:17 GMT'), (b'Server', b'postgrest/14.5'), (b'Content-Range', b'*/*'), (b'Content-Location', b'/notification_history?identifier=eq.20260322_%C3%AC%C2%B9%C2%98%C3%AC%C2%95%C2%85%C3%AC%C2%82%C2%B0_%C3%AC%C2%B9%C2%B4%C3%AB%C2%9D%C2%BC%C3%AB%C2%B0%C2%98&select=id&sent_at=gt.2026-02-22T21%3A12%3A17.770111'), (b'Content-Profile', b'public'), (b'Access-Control-Allow-Origin', b'*'), (b'X-Kong-Upstream-Latency', b'1'), (b'X-Kong-Proxy-Latency', b'0'), (b'Via', b'kong/2.8.1')])
2026-02-23 21:12:17,772 - httpx - INFO - HTTP Request: GET http://127.0.0.1:54321/rest/v1/notification_history?select=id&identifier=eq.20260322_%EC%B9%98%EC%95%85%EC%82%B0_%EC%B9%B4%EB%9D%BC%EB%B0%98&sent_at=gt.2026-02-22T21%3A12%3A17.770111 "HTTP/1.1 200 OK"
2026-02-23 21:12:17,772 - httpcore.http11 - DEBUG - receive_response_body.started request=<Request [b'GET']>
2026-02-23 21:12:17,772 - httpcore.http11 - DEBUG - receive_response_body.complete
2026-02-23 21:12:17,772 - httpcore.http11 - DEBUG - response_closed.started
2026-02-23 21:12:17,772 - httpcore.http11 - DEBUG - response_closed.complete
2026-02-23 21:12:17,772 - httpcore.http11 - DEBUG - send_request_headers.started request=<Request [b'GET']>
2026-02-23 21:12:17,773 - httpcore.http11 - DEBUG - send_request_headers.complete
2026-02-23 21:12:17,773 - httpcore.http11 - DEBUG - send_request_body.started request=<Request [b'GET']>
2026-02-23 21:12:17,773 - httpcore.http11 - DEBUG - send_request_body.complete
2026-02-23 21:12:17,773 - httpcore.http11 - DEBUG - receive_response_headers.started request=<Request [b'GET']>
2026-02-23 21:12:17,774 - httpcore.http11 - DEBUG - receive_response_headers.complete return_value=(b'HTTP/1.1', 200, b'OK', [(b'Content-Type', b'application/json; charset=utf-8'), (b'Content-Length', b'2'), (b'Connection', b'keep-alive'), (b'Date', b'Mon, 23 Feb 2026 12:12:17 GMT'), (b'Server', b'postgrest/14.5'), (b'Content-Range', b'*/*'), (b'Content-Location', b'/notification_history?identifier=eq.20260322_%C3%AD%C2%83%C2%9C%C3%AC%C2%95%C2%88%C3%AD%C2%95%C2%B4%C3%AC%C2%95%C2%88_%C3%AC%C2%B9%C2%B4%C3%AB%C2%9D%C2%BC%C3%AB%C2%B0%C2%98&select=id&sent_at=gt.2026-02-22T21%3A12%3A17.772760'), (b'Content-Profile', b'public'), (b'Access-Control-Allow-Origin', b'*'), (b'X-Kong-Upstream-Latency', b'1'), (b'X-Kong-Proxy-Latency', b'0'), (b'Via', b'kong/2.8.1')])
2026-02-23 21:12:17,775 - httpx - INFO - HTTP Request: GET http://127.0.0.1:54321/rest/v1/notification_history?select=id&identifier=eq.20260322_%ED%83%9C%EC%95%88%ED%95%B4%EC%95%88_%EC%B9%B4%EB%9D%BC%EB%B0%98&sent_at=gt.2026-02-22T21%3A12%3A17.772760 "HTTP/1.1 200 OK"
2026-02-23 21:12:17,775 - httpcore.http11 - DEBUG - receive_response_body.started request=<Request [b'GET']>
2026-02-23 21:12:17,775 - httpcore.http11 - DEBUG - receive_response_body.complete
2026-02-23 21:12:17,775 - httpcore.http11 - DEBUG - response_closed.started
2026-02-23 21:12:17,775 - httpcore.http11 - DEBUG - response_closed.complete
2026-02-23 21:12:17,775 - httpcore.http11 - DEBUG - send_request_headers.started request=<Request [b'GET']>
2026-02-23 21:12:17,775 - httpcore.http11 - DEBUG - send_request_headers.complete
2026-02-23 21:12:17,775 - httpcore.http11 - DEBUG - send_request_body.started request=<Request [b'GET']>
2026-02-23 21:12:17,776 - httpcore.http11 - DEBUG - send_request_body.complete
2026-02-23 21:12:17,776 - httpcore.http11 - DEBUG - receive_response_headers.started request=<Request [b'GET']>
2026-02-23 21:12:17,777 - httpcore.http11 - DEBUG - receive_response_headers.complete return_value=(b'HTTP/1.1', 200, b'OK', [(b'Content-Type', b'application/json; charset=utf-8'), (b'Content-Length', b'2'), (b'Connection', b'keep-alive'), (b'Date', b'Mon, 23 Feb 2026 12:12:17 GMT'), (b'Server', b'postgrest/14.5'), (b'Content-Range', b'*/*'), (b'Content-Location', b'/notification_history?identifier=eq.20260323_%C3%AA%C2%B0%C2%80%C3%AC%C2%95%C2%BC%C3%AC%C2%82%C2%B0_%C3%AC%C2%B9%C2%B4%C3%AB%C2%9D%C2%BC%C3%AB%C2%B0%C2%98&select=id&sent_at=gt.2026-02-22T21%3A12%3A17.775434'), (b'Content-Profile', b'public'), (b'Access-Control-Allow-Origin', b'*'), (b'X-Kong-Upstream-Latency', b'1'), (b'X-Kong-Proxy-Latency', b'0'), (b'Via', b'kong/2.8.1')])
2026-02-23 21:12:17,777 - httpx - INFO - HTTP Request: GET http://127.0.0.1:54321/rest/v1/notification_history?select=id&identifier=eq.20260323_%EA%B0%80%EC%95%BC%EC%82%B0_%EC%B9%B4%EB%9D%BC%EB%B0%98&sent_at=gt.2026-02-22T21%3A12%3A17.775434 "HTTP/1.1 200 OK"
2026-02-23 21:12:17,777 - httpcore.http11 - DEBUG - receive_response_body.started request=<Request [b'GET']>
2026-02-23 21:12:17,777 - httpcore.http11 - DEBUG - receive_response_body.complete
2026-02-23 21:12:17,777 - httpcore.http11 - DEBUG - response_closed.started
2026-02-23 21:12:17,778 - httpcore.http11 - DEBUG - response_closed.complete
2026-02-23 21:12:17,778 - httpcore.http11 - DEBUG - send_request_headers.started request=<Request [b'GET']>
2026-02-23 21:12:17,778 - httpcore.http11 - DEBUG - send_request_headers.complete
2026-02-23 21:12:17,778 - httpcore.http11 - DEBUG - send_request_body.started request=<Request [b'GET']>
2026-02-23 21:12:17,778 - httpcore.http11 - DEBUG - send_request_body.complete
2026-02-23 21:12:17,778 - httpcore.http11 - DEBUG - receive_response_headers.started request=<Request [b'GET']>
2026-02-23 21:12:17,780 - httpcore.http11 - DEBUG - receive_response_headers.complete return_value=(b'HTTP/1.1', 200, b'OK', [(b'Content-Type', b'application/json; charset=utf-8'), (b'Content-Length', b'2'), (b'Connection', b'keep-alive'), (b'Date', b'Mon, 23 Feb 2026 12:12:17 GMT'), (b'Server', b'postgrest/14.5'), (b'Content-Range', b'*/*'), (b'Content-Location', b'/notification_history?identifier=eq.20260323_%C3%AB%C2%8D%C2%95%C3%AC%C2%9C%C2%A0%C3%AC%C2%82%C2%B0_%C3%AC%C2%B9%C2%B4%C3%AB%C2%9D%C2%BC%C3%AB%C2%B0%C2%98&select=id&sent_at=gt.2026-02-22T21%3A12%3A17.778092'), (b'Content-Profile', b'public'), (b'Access-Control-Allow-Origin', b'*'), (b'X-Kong-Upstream-Latency', b'0'), (b'X-Kong-Proxy-Latency', b'0'), (b'Via', b'kong/2.8.1')])
2026-02-23 21:12:17,780 - httpx - INFO - HTTP Request: GET http://127.0.0.1:54321/rest/v1/notification_history?select=id&identifier=eq.20260323_%EB%8D%95%EC%9C%A0%EC%82%B0_%EC%B9%B4%EB%9D%BC%EB%B0%98&sent_at=gt.2026-02-22T21%3A12%3A17.778092 "HTTP/1.1 200 OK"
2026-02-23 21:12:17,780 - httpcore.http11 - DEBUG - receive_response_body.started request=<Request [b'GET']>
2026-02-23 21:12:17,780 - httpcore.http11 - DEBUG - receive_response_body.complete
2026-02-23 21:12:17,780 - httpcore.http11 - DEBUG - response_closed.started
2026-02-23 21:12:17,780 - httpcore.http11 - DEBUG - response_closed.complete
2026-02-23 21:12:17,780 - httpcore.http11 - DEBUG - send_request_headers.started request=<Request [b'GET']>
2026-02-23 21:12:17,781 - httpcore.http11 - DEBUG - send_request_headers.complete
2026-02-23 21:12:17,781 - httpcore.http11 - DEBUG - send_request_body.started request=<Request [b'GET']>
2026-02-23 21:12:17,781 - httpcore.http11 - DEBUG - send_request_body.complete
2026-02-23 21:12:17,781 - httpcore.http11 - DEBUG - receive_response_headers.started request=<Request [b'GET']>
2026-02-23 21:12:17,782 - httpcore.http11 - DEBUG - receive_response_headers.complete return_value=(b'HTTP/1.1', 200, b'OK', [(b'Content-Type', b'application/json; charset=utf-8'), (b'Content-Length', b'2'), (b'Connection', b'keep-alive'), (b'Date', b'Mon, 23 Feb 2026 12:12:17 GMT'), (b'Server', b'postgrest/14.5'), (b'Content-Range', b'*/*'), (b'Content-Location', b'/notification_history?identifier=eq.20260323_%C3%AC%C2%9B%C2%94%C3%AC%C2%B6%C2%9C%C3%AC%C2%82%C2%B0_%C3%AC%C2%B9%C2%B4%C3%AB%C2%9D%C2%BC%C3%AB%C2%B0%C2%98&select=id&sent_at=gt.2026-02-22T21%3A12%3A17.780654'), (b'Content-Profile', b'public'), (b'Access-Control-Allow-Origin', b'*'), (b'X-Kong-Upstream-Latency', b'1'), (b'X-Kong-Proxy-Latency', b'0'), (b'Via', b'kong/2.8.1')])
2026-02-23 21:12:17,783 - httpx - INFO - HTTP Request: GET http://127.0.0.1:54321/rest/v1/notification_history?select=id&identifier=eq.20260323_%EC%9B%94%EC%B6%9C%EC%82%B0_%EC%B9%B4%EB%9D%BC%EB%B0%98&sent_at=gt.2026-02-22T21%3A12%3A17.780654 "HTTP/1.1 200 OK"
2026-02-23 21:12:17,783 - httpcore.http11 - DEBUG - receive_response_body.started request=<Request [b'GET']>
2026-02-23 21:12:17,783 - httpcore.http11 - DEBUG - receive_response_body.complete
2026-02-23 21:12:17,783 - httpcore.http11 - DEBUG - response_closed.started
2026-02-23 21:12:17,783 - httpcore.http11 - DEBUG - response_closed.complete
2026-02-23 21:12:17,783 - httpcore.http11 - DEBUG - send_request_headers.started request=<Request [b'GET']>
2026-02-23 21:12:17,784 - httpcore.http11 - DEBUG - send_request_headers.complete
2026-02-23 21:12:17,784 - httpcore.http11 - DEBUG - send_request_body.started request=<Request [b'GET']>
2026-02-23 21:12:17,784 - httpcore.http11 - DEBUG - send_request_body.complete
2026-02-23 21:12:17,784 - httpcore.http11 - DEBUG - receive_response_headers.started request=<Request [b'GET']>
2026-02-23 21:12:17,785 - httpcore.http11 - DEBUG - receive_response_headers.complete return_value=(b'HTTP/1.1', 200, b'OK', [(b'Content-Type', b'application/json; charset=utf-8'), (b'Content-Length', b'2'), (b'Connection', b'keep-alive'), (b'Date', b'Mon, 23 Feb 2026 12:12:17 GMT'), (b'Server', b'postgrest/14.5'), (b'Content-Range', b'*/*'), (b'Content-Location', b'/notification_history?identifier=eq.20260323_%C3%AC%C2%B9%C2%98%C3%AC%C2%95%C2%85%C3%AC%C2%82%C2%B0_%C3%AC%C2%B9%C2%B4%C3%AB%C2%9D%C2%BC%C3%AB%C2%B0%C2%98&select=id&sent_at=gt.2026-02-22T21%3A12%3A17.783437'), (b'Content-Profile', b'public'), (b'Access-Control-Allow-Origin', b'*'), (b'X-Kong-Upstream-Latency', b'1'), (b'X-Kong-Proxy-Latency', b'0'), (b'Via', b'kong/2.8.1')])
2026-02-23 21:12:17,785 - httpx - INFO - HTTP Request: GET http://127.0.0.1:54321/rest/v1/notification_history?select=id&identifier=eq.20260323_%EC%B9%98%EC%95%85%EC%82%B0_%EC%B9%B4%EB%9D%BC%EB%B0%98&sent_at=gt.2026-02-22T21%3A12%3A17.783437 "HTTP/1.1 200 OK"
2026-02-23 21:12:17,786 - httpcore.http11 - DEBUG - receive_response_body.started request=<Request [b'GET']>
2026-02-23 21:12:17,786 - httpcore.http11 - DEBUG - receive_response_body.complete
2026-02-23 21:12:17,786 - httpcore.http11 - DEBUG - response_closed.started
2026-02-23 21:12:17,786 - httpcore.http11 - DEBUG - response_closed.complete
2026-02-23 21:12:17,786 - httpcore.http11 - DEBUG - send_request_headers.started request=<Request [b'GET']>
2026-02-23 21:12:17,786 - httpcore.http11 - DEBUG - send_request_headers.complete
2026-02-23 21:12:17,786 - httpcore.http11 - DEBUG - send_request_body.started request=<Request [b'GET']>
2026-02-23 21:12:17,786 - httpcore.http11 - DEBUG - send_request_body.complete
2026-02-23 21:12:17,786 - httpcore.http11 - DEBUG - receive_response_headers.started request=<Request [b'GET']>
2026-02-23 21:12:17,788 - httpcore.http11 - DEBUG - receive_response_headers.complete return_value=(b'HTTP/1.1', 200, b'OK', [(b'Content-Type', b'application/json; charset=utf-8'), (b'Content-Length', b'2'), (b'Connection', b'keep-alive'), (b'Date', b'Mon, 23 Feb 2026 12:12:17 GMT'), (b'Server', b'postgrest/14.5'), (b'Content-Range', b'*/*'), (b'Content-Location', b'/notification_history?identifier=eq.20260323_%C3%AD%C2%83%C2%9C%C3%AC%C2%95%C2%88%C3%AD%C2%95%C2%B4%C3%AC%C2%95%C2%88_%C3%AC%C2%B9%C2%B4%C3%AB%C2%9D%C2%BC%C3%AB%C2%B0%C2%98&select=id&sent_at=gt.2026-02-22T21%3A12%3A17.786206'), (b'Content-Profile', b'public'), (b'Access-Control-Allow-Origin', b'*'), (b'X-Kong-Upstream-Latency', b'1'), (b'X-Kong-Proxy-Latency', b'0'), (b'Via', b'kong/2.8.1')])
2026-02-23 21:12:17,788 - httpx - INFO - HTTP Request: GET http://127.0.0.1:54321/rest/v1/notification_history?select=id&identifier=eq.20260323_%ED%83%9C%EC%95%88%ED%95%B4%EC%95%88_%EC%B9%B4%EB%9D%BC%EB%B0%98&sent_at=gt.2026-02-22T21%3A12%3A17.786206 "HTTP/1.1 200 OK"
2026-02-23 21:12:17,788 - httpcore.http11 - DEBUG - receive_response_body.started request=<Request [b'GET']>
2026-02-23 21:12:17,788 - httpcore.http11 - DEBUG - receive_response_body.complete
2026-02-23 21:12:17,788 - httpcore.http11 - DEBUG - response_closed.started
2026-02-23 21:12:17,788 - httpcore.http11 - DEBUG - response_closed.complete
2026-02-23 21:12:17,789 - httpcore.http11 - DEBUG - send_request_headers.started request=<Request [b'GET']>
2026-02-23 21:12:17,789 - httpcore.http11 - DEBUG - send_request_headers.complete
2026-02-23 21:12:17,789 - httpcore.http11 - DEBUG - send_request_body.started request=<Request [b'GET']>
2026-02-23 21:12:17,790 - httpcore.http11 - DEBUG - send_request_body.complete
2026-02-23 21:12:17,790 - httpcore.http11 - DEBUG - receive_response_headers.started request=<Request [b'GET']>
2026-02-23 21:12:17,791 - httpcore.http11 - DEBUG - receive_response_headers.complete return_value=(b'HTTP/1.1', 200, b'OK', [(b'Content-Type', b'application/json; charset=utf-8'), (b'Content-Length', b'2'), (b'Connection', b'keep-alive'), (b'Date', b'Mon, 23 Feb 2026 12:12:17 GMT'), (b'Server', b'postgrest/14.5'), (b'Content-Range', b'*/*'), (b'Content-Location', b'/notification_history?identifier=eq.20260324_%C3%AA%C2%B0%C2%80%C3%AC%C2%95%C2%BC%C3%AC%C2%82%C2%B0_%C3%AC%C2%B9%C2%B4%C3%AB%C2%9D%C2%BC%C3%AB%C2%B0%C2%98&select=id&sent_at=gt.2026-02-22T21%3A12%3A17.788784'), (b'Content-Profile', b'public'), (b'Access-Control-Allow-Origin', b'*'), (b'X-Kong-Upstream-Latency', b'1'), (b'X-Kong-Proxy-Latency', b'0'), (b'Via', b'kong/2.8.1')])
2026-02-23 21:12:17,791 - httpx - INFO - HTTP Request: GET http://127.0.0.1:54321/rest/v1/notification_history?select=id&identifier=eq.20260324_%EA%B0%80%EC%95%BC%EC%82%B0_%EC%B9%B4%EB%9D%BC%EB%B0%98&sent_at=gt.2026-02-22T21%3A12%3A17.788784 "HTTP/1.1 200 OK"
2026-02-23 21:12:17,791 - httpcore.http11 - DEBUG - receive_response_body.started request=<Request [b'GET']>
2026-02-23 21:12:17,791 - httpcore.http11 - DEBUG - receive_response_body.complete
2026-02-23 21:12:17,791 - httpcore.http11 - DEBUG - response_closed.started
2026-02-23 21:12:17,792 - httpcore.http11 - DEBUG - response_closed.complete
2026-02-23 21:12:17,792 - httpcore.http11 - DEBUG - send_request_headers.started request=<Request [b'GET']>
2026-02-23 21:12:17,792 - httpcore.http11 - DEBUG - send_request_headers.complete
2026-02-23 21:12:17,792 - httpcore.http11 - DEBUG - send_request_body.started request=<Request [b'GET']>
2026-02-23 21:12:17,792 - httpcore.http11 - DEBUG - send_request_body.complete
2026-02-23 21:12:17,792 - httpcore.http11 - DEBUG - receive_response_headers.started request=<Request [b'GET']>
2026-02-23 21:12:17,794 - httpcore.http11 - DEBUG - receive_response_headers.complete return_value=(b'HTTP/1.1', 200, b'OK', [(b'Content-Type', b'application/json; charset=utf-8'), (b'Content-Length', b'2'), (b'Connection', b'keep-alive'), (b'Date', b'Mon, 23 Feb 2026 12:12:17 GMT'), (b'Server', b'postgrest/14.5'), (b'Content-Range', b'*/*'), (b'Content-Location', b'/notification_history?identifier=eq.20260324_%C3%AB%C2%8D%C2%95%C3%AC%C2%9C%C2%A0%C3%AC%C2%82%C2%B0_%C3%AC%C2%B9%C2%B4%C3%AB%C2%9D%C2%BC%C3%AB%C2%B0%C2%98&select=id&sent_at=gt.2026-02-22T21%3A12%3A17.792075'), (b'Content-Profile', b'public'), (b'Access-Control-Allow-Origin', b'*'), (b'X-Kong-Upstream-Latency', b'1'), (b'X-Kong-Proxy-Latency', b'0'), (b'Via', b'kong/2.8.1')])
2026-02-23 21:12:17,794 - httpx - INFO - HTTP Request: GET http://127.0.0.1:54321/rest/v1/notification_history?select=id&identifier=eq.20260324_%EB%8D%95%EC%9C%A0%EC%82%B0_%EC%B9%B4%EB%9D%BC%EB%B0%98&sent_at=gt.2026-02-22T21%3A12%3A17.792075 "HTTP/1.1 200 OK"
2026-02-23 21:12:17,794 - httpcore.http11 - DEBUG - receive_response_body.started request=<Request [b'GET']>
2026-02-23 21:12:17,794 - httpcore.http11 - DEBUG - receive_response_body.complete
2026-02-23 21:12:17,794 - httpcore.http11 - DEBUG - response_closed.started
2026-02-23 21:12:17,794 - httpcore.http11 - DEBUG - response_closed.complete
2026-02-23 21:12:17,794 - httpcore.http11 - DEBUG - send_request_headers.started request=<Request [b'GET']>
2026-02-23 21:12:17,795 - httpcore.http11 - DEBUG - send_request_headers.complete
2026-02-23 21:12:17,795 - httpcore.http11 - DEBUG - send_request_body.started request=<Request [b'GET']>
2026-02-23 21:12:17,795 - httpcore.http11 - DEBUG - send_request_body.complete
2026-02-23 21:12:17,795 - httpcore.http11 - DEBUG - receive_response_headers.started request=<Request [b'GET']>
2026-02-23 21:12:17,796 - httpcore.http11 - DEBUG - receive_response_headers.complete return_value=(b'HTTP/1.1', 200, b'OK', [(b'Content-Type', b'application/json; charset=utf-8'), (b'Content-Length', b'2'), (b'Connection', b'keep-alive'), (b'Date', b'Mon, 23 Feb 2026 12:12:17 GMT'), (b'Server', b'postgrest/14.5'), (b'Content-Range', b'*/*'), (b'Content-Location', b'/notification_history?identifier=eq.20260324_%C3%AC%C2%9B%C2%94%C3%AC%C2%B6%C2%9C%C3%AC%C2%82%C2%B0_%C3%AC%C2%B9%C2%B4%C3%AB%C2%9D%C2%BC%C3%AB%C2%B0%C2%98&select=id&sent_at=gt.2026-02-22T21%3A12%3A17.794736'), (b'Content-Profile', b'public'), (b'Access-Control-Allow-Origin', b'*'), (b'X-Kong-Upstream-Latency', b'1'), (b'X-Kong-Proxy-Latency', b'0'), (b'Via', b'kong/2.8.1')])
2026-02-23 21:12:17,796 - httpx - INFO - HTTP Request: GET http://127.0.0.1:54321/rest/v1/notification_history?select=id&identifier=eq.20260324_%EC%9B%94%EC%B6%9C%EC%82%B0_%EC%B9%B4%EB%9D%BC%EB%B0%98&sent_at=gt.2026-02-22T21%3A12%3A17.794736 "HTTP/1.1 200 OK"
2026-02-23 21:12:17,796 - httpcore.http11 - DEBUG - receive_response_body.started request=<Request [b'GET']>
2026-02-23 21:12:17,797 - httpcore.http11 - DEBUG - receive_response_body.complete
2026-02-23 21:12:17,797 - httpcore.http11 - DEBUG - response_closed.started
2026-02-23 21:12:17,797 - httpcore.http11 - DEBUG - response_closed.complete
2026-02-23 21:12:17,797 - httpcore.http11 - DEBUG - send_request_headers.started request=<Request [b'GET']>
2026-02-23 21:12:17,797 - httpcore.http11 - DEBUG - send_request_headers.complete
2026-02-23 21:12:17,797 - httpcore.http11 - DEBUG - send_request_body.started request=<Request [b'GET']>
2026-02-23 21:12:17,797 - httpcore.http11 - DEBUG - send_request_body.complete
2026-02-23 21:12:17,797 - httpcore.http11 - DEBUG - receive_response_headers.started request=<Request [b'GET']>
2026-02-23 21:12:17,799 - httpcore.http11 - DEBUG - receive_response_headers.complete return_value=(b'HTTP/1.1', 200, b'OK', [(b'Content-Type', b'application/json; charset=utf-8'), (b'Content-Length', b'2'), (b'Connection', b'keep-alive'), (b'Date', b'Mon, 23 Feb 2026 12:12:17 GMT'), (b'Server', b'postgrest/14.5'), (b'Content-Range', b'*/*'), (b'Content-Location', b'/notification_history?identifier=eq.20260324_%C3%AC%C2%B9%C2%98%C3%AC%C2%95%C2%85%C3%AC%C2%82%C2%B0_%C3%AC%C2%B9%C2%B4%C3%AB%C2%9D%C2%BC%C3%AB%C2%B0%C2%98&select=id&sent_at=gt.2026-02-22T21%3A12%3A17.797202'), (b'Content-Profile', b'public'), (b'Access-Control-Allow-Origin', b'*'), (b'X-Kong-Upstream-Latency', b'0'), (b'X-Kong-Proxy-Latency', b'0'), (b'Via', b'kong/2.8.1')])
2026-02-23 21:12:17,799 - httpx - INFO - HTTP Request: GET http://127.0.0.1:54321/rest/v1/notification_history?select=id&identifier=eq.20260324_%EC%B9%98%EC%95%85%EC%82%B0_%EC%B9%B4%EB%9D%BC%EB%B0%98&sent_at=gt.2026-02-22T21%3A12%3A17.797202 "HTTP/1.1 200 OK"
2026-02-23 21:12:17,799 - httpcore.http11 - DEBUG - receive_response_body.started request=<Request [b'GET']>
2026-02-23 21:12:17,799 - httpcore.http11 - DEBUG - receive_response_body.complete
2026-02-23 21:12:17,799 - httpcore.http11 - DEBUG - response_closed.started
2026-02-23 21:12:17,799 - httpcore.http11 - DEBUG - response_closed.complete
2026-02-23 21:12:17,799 - httpcore.http11 - DEBUG - send_request_headers.started request=<Request [b'GET']>
2026-02-23 21:12:17,800 - httpcore.http11 - DEBUG - send_request_headers.complete
2026-02-23 21:12:17,800 - httpcore.http11 - DEBUG - send_request_body.started request=<Request [b'GET']>
2026-02-23 21:12:17,800 - httpcore.http11 - DEBUG - send_request_body.complete
2026-02-23 21:12:17,800 - httpcore.http11 - DEBUG - receive_response_headers.started request=<Request [b'GET']>
2026-02-23 21:12:17,801 - httpcore.http11 - DEBUG - receive_response_headers.complete return_value=(b'HTTP/1.1', 200, b'OK', [(b'Content-Type', b'application/json; charset=utf-8'), (b'Content-Length', b'2'), (b'Connection', b'keep-alive'), (b'Date', b'Mon, 23 Feb 2026 12:12:17 GMT'), (b'Server', b'postgrest/14.5'), (b'Content-Range', b'*/*'), (b'Content-Location', b'/notification_history?identifier=eq.20260324_%C3%AD%C2%83%C2%9C%C3%AC%C2%95%C2%88%C3%AD%C2%95%C2%B4%C3%AC%C2%95%C2%88_%C3%AC%C2%B9%C2%B4%C3%AB%C2%9D%C2%BC%C3%AB%C2%B0%C2%98&select=id&sent_at=gt.2026-02-22T21%3A12%3A17.799627'), (b'Content-Profile', b'public'), (b'Access-Control-Allow-Origin', b'*'), (b'X-Kong-Upstream-Latency', b'1'), (b'X-Kong-Proxy-Latency', b'0'), (b'Via', b'kong/2.8.1')])
2026-02-23 21:12:17,801 - httpx - INFO - HTTP Request: GET http://127.0.0.1:54321/rest/v1/notification_history?select=id&identifier=eq.20260324_%ED%83%9C%EC%95%88%ED%95%B4%EC%95%88_%EC%B9%B4%EB%9D%BC%EB%B0%98&sent_at=gt.2026-02-22T21%3A12%3A17.799627 "HTTP/1.1 200 OK"
2026-02-23 21:12:17,802 - httpcore.http11 - DEBUG - receive_response_body.started request=<Request [b'GET']>
2026-02-23 21:12:17,802 - httpcore.http11 - DEBUG - receive_response_body.complete
2026-02-23 21:12:17,802 - httpcore.http11 - DEBUG - response_closed.started
2026-02-23 21:12:17,802 - httpcore.http11 - DEBUG - response_closed.complete
2026-02-23 21:12:17,802 - httpcore.http11 - DEBUG - send_request_headers.started request=<Request [b'GET']>
2026-02-23 21:12:17,802 - httpcore.http11 - DEBUG - send_request_headers.complete
2026-02-23 21:12:17,802 - httpcore.http11 - DEBUG - send_request_body.started request=<Request [b'GET']>
2026-02-23 21:12:17,802 - httpcore.http11 - DEBUG - send_request_body.complete
2026-02-23 21:12:17,802 - httpcore.http11 - DEBUG - receive_response_headers.started request=<Request [b'GET']>
2026-02-23 21:12:17,804 - httpcore.http11 - DEBUG - receive_response_headers.complete return_value=(b'HTTP/1.1', 200, b'OK', [(b'Content-Type', b'application/json; charset=utf-8'), (b'Content-Length', b'2'), (b'Connection', b'keep-alive'), (b'Date', b'Mon, 23 Feb 2026 12:12:17 GMT'), (b'Server', b'postgrest/14.5'), (b'Content-Range', b'*/*'), (b'Content-Location', b'/notification_history?identifier=eq.20260326_%C3%AA%C2%B0%C2%80%C3%AC%C2%95%C2%BC%C3%AC%C2%82%C2%B0_%C3%AC%C2%B9%C2%B4%C3%AB%C2%9D%C2%BC%C3%AB%C2%B0%C2%98&select=id&sent_at=gt.2026-02-22T21%3A12%3A17.802292'), (b'Content-Profile', b'public'), (b'Access-Control-Allow-Origin', b'*'), (b'X-Kong-Upstream-Latency', b'1'), (b'X-Kong-Proxy-Latency', b'0'), (b'Via', b'kong/2.8.1')])
2026-02-23 21:12:17,804 - httpx - INFO - HTTP Request: GET http://127.0.0.1:54321/rest/v1/notification_history?select=id&identifier=eq.20260326_%EA%B0%80%EC%95%BC%EC%82%B0_%EC%B9%B4%EB%9D%BC%EB%B0%98&sent_at=gt.2026-02-22T21%3A12%3A17.802292 "HTTP/1.1 200 OK"
2026-02-23 21:12:17,804 - httpcore.http11 - DEBUG - receive_response_body.started request=<Request [b'GET']>
2026-02-23 21:12:17,804 - httpcore.http11 - DEBUG - receive_response_body.complete
2026-02-23 21:12:17,804 - httpcore.http11 - DEBUG - response_closed.started
2026-02-23 21:12:17,804 - httpcore.http11 - DEBUG - response_closed.complete
2026-02-23 21:12:17,805 - httpcore.http11 - DEBUG - send_request_headers.started request=<Request [b'GET']>
2026-02-23 21:12:17,805 - httpcore.http11 - DEBUG - send_request_headers.complete
2026-02-23 21:12:17,805 - httpcore.http11 - DEBUG - send_request_body.started request=<Request [b'GET']>
2026-02-23 21:12:17,805 - httpcore.http11 - DEBUG - send_request_body.complete
2026-02-23 21:12:17,805 - httpcore.http11 - DEBUG - receive_response_headers.started request=<Request [b'GET']>
2026-02-23 21:12:17,807 - httpcore.http11 - DEBUG - receive_response_headers.complete return_value=(b'HTTP/1.1', 200, b'OK', [(b'Content-Type', b'application/json; charset=utf-8'), (b'Content-Length', b'2'), (b'Connection', b'keep-alive'), (b'Date', b'Mon, 23 Feb 2026 12:12:17 GMT'), (b'Server', b'postgrest/14.5'), (b'Content-Range', b'*/*'), (b'Content-Location', b'/notification_history?identifier=eq.20260326_%C3%AB%C2%8D%C2%95%C3%AC%C2%9C%C2%A0%C3%AC%C2%82%C2%B0_%C3%AC%C2%B9%C2%B4%C3%AB%C2%9D%C2%BC%C3%AB%C2%B0%C2%98&select=id&sent_at=gt.2026-02-22T21%3A12%3A17.804850'), (b'Content-Profile', b'public'), (b'Access-Control-Allow-Origin', b'*'), (b'X-Kong-Upstream-Latency', b'1'), (b'X-Kong-Proxy-Latency', b'0'), (b'Via', b'kong/2.8.1')])
2026-02-23 21:12:17,807 - httpx - INFO - HTTP Request: GET http://127.0.0.1:54321/rest/v1/notification_history?select=id&identifier=eq.20260326_%EB%8D%95%EC%9C%A0%EC%82%B0_%EC%B9%B4%EB%9D%BC%EB%B0%98&sent_at=gt.2026-02-22T21%3A12%3A17.804850 "HTTP/1.1 200 OK"
2026-02-23 21:12:17,807 - httpcore.http11 - DEBUG - receive_response_body.started request=<Request [b'GET']>
2026-02-23 21:12:17,807 - httpcore.http11 - DEBUG - receive_response_body.complete
2026-02-23 21:12:17,807 - httpcore.http11 - DEBUG - response_closed.started
2026-02-23 21:12:17,807 - httpcore.http11 - DEBUG - response_closed.complete
2026-02-23 21:12:17,807 - httpcore.http11 - DEBUG - send_request_headers.started request=<Request [b'GET']>
2026-02-23 21:12:17,807 - httpcore.http11 - DEBUG - send_request_headers.complete
2026-02-23 21:12:17,807 - httpcore.http11 - DEBUG - send_request_body.started request=<Request [b'GET']>
2026-02-23 21:12:17,807 - httpcore.http11 - DEBUG - send_request_body.complete
2026-02-23 21:12:17,808 - httpcore.http11 - DEBUG - receive_response_headers.started request=<Request [b'GET']>
2026-02-23 21:12:17,809 - httpcore.http11 - DEBUG - receive_response_headers.complete return_value=(b'HTTP/1.1', 200, b'OK', [(b'Content-Type', b'application/json; charset=utf-8'), (b'Content-Length', b'2'), (b'Connection', b'keep-alive'), (b'Date', b'Mon, 23 Feb 2026 12:12:17 GMT'), (b'Server', b'postgrest/14.5'), (b'Content-Range', b'*/*'), (b'Content-Location', b'/notification_history?identifier=eq.20260326_%C3%AC%C2%9B%C2%94%C3%AC%C2%B6%C2%9C%C3%AC%C2%82%C2%B0_%C3%AC%C2%B9%C2%B4%C3%AB%C2%9D%C2%BC%C3%AB%C2%B0%C2%98&select=id&sent_at=gt.2026-02-22T21%3A12%3A17.807406'), (b'Content-Profile', b'public'), (b'Access-Control-Allow-Origin', b'*'), (b'X-Kong-Upstream-Latency', b'1'), (b'X-Kong-Proxy-Latency', b'0'), (b'Via', b'kong/2.8.1')])
2026-02-23 21:12:17,809 - httpx - INFO - HTTP Request: GET http://127.0.0.1:54321/rest/v1/notification_history?select=id&identifier=eq.20260326_%EC%9B%94%EC%B6%9C%EC%82%B0_%EC%B9%B4%EB%9D%BC%EB%B0%98&sent_at=gt.2026-02-22T21%3A12%3A17.807406 "HTTP/1.1 200 OK"
2026-02-23 21:12:17,809 - httpcore.http11 - DEBUG - receive_response_body.started request=<Request [b'GET']>
2026-02-23 21:12:17,809 - httpcore.http11 - DEBUG - receive_response_body.complete
2026-02-23 21:12:17,809 - httpcore.http11 - DEBUG - response_closed.started
2026-02-23 21:12:17,809 - httpcore.http11 - DEBUG - response_closed.complete
2026-02-23 21:12:17,810 - httpcore.http11 - DEBUG - send_request_headers.started request=<Request [b'GET']>
2026-02-23 21:12:17,810 - httpcore.http11 - DEBUG - send_request_headers.complete
2026-02-23 21:12:17,810 - httpcore.http11 - DEBUG - send_request_body.started request=<Request [b'GET']>
2026-02-23 21:12:17,810 - httpcore.http11 - DEBUG - send_request_body.complete
2026-02-23 21:12:17,810 - httpcore.http11 - DEBUG - receive_response_headers.started request=<Request [b'GET']>
2026-02-23 21:12:17,811 - httpcore.http11 - DEBUG - receive_response_headers.complete return_value=(b'HTTP/1.1', 200, b'OK', [(b'Content-Type', b'application/json; charset=utf-8'), (b'Content-Length', b'2'), (b'Connection', b'keep-alive'), (b'Date', b'Mon, 23 Feb 2026 12:12:17 GMT'), (b'Server', b'postgrest/14.5'), (b'Content-Range', b'*/*'), (b'Content-Location', b'/notification_history?identifier=eq.20260326_%C3%AC%C2%B9%C2%98%C3%AC%C2%95%C2%85%C3%AC%C2%82%C2%B0_%C3%AC%C2%B9%C2%B4%C3%AB%C2%9D%C2%BC%C3%AB%C2%B0%C2%98&select=id&sent_at=gt.2026-02-22T21%3A12%3A17.809826'), (b'Content-Profile', b'public'), (b'Access-Control-Allow-Origin', b'*'), (b'X-Kong-Upstream-Latency', b'1'), (b'X-Kong-Proxy-Latency', b'0'), (b'Via', b'kong/2.8.1')])
2026-02-23 21:12:17,812 - httpx - INFO - HTTP Request: GET http://127.0.0.1:54321/rest/v1/notification_history?select=id&identifier=eq.20260326_%EC%B9%98%EC%95%85%EC%82%B0_%EC%B9%B4%EB%9D%BC%EB%B0%98&sent_at=gt.2026-02-22T21%3A12%3A17.809826 "HTTP/1.1 200 OK"
2026-02-23 21:12:17,812 - httpcore.http11 - DEBUG - receive_response_body.started request=<Request [b'GET']>
2026-02-23 21:12:17,812 - httpcore.http11 - DEBUG - receive_response_body.complete
2026-02-23 21:12:17,812 - httpcore.http11 - DEBUG - response_closed.started
2026-02-23 21:12:17,812 - httpcore.http11 - DEBUG - response_closed.complete
2026-02-23 21:12:17,812 - httpcore.http11 - DEBUG - send_request_headers.started request=<Request [b'GET']>
2026-02-23 21:12:17,812 - httpcore.http11 - DEBUG - send_request_headers.complete
2026-02-23 21:12:17,812 - httpcore.http11 - DEBUG - send_request_body.started request=<Request [b'GET']>
2026-02-23 21:12:17,812 - httpcore.http11 - DEBUG - send_request_body.complete
2026-02-23 21:12:17,812 - httpcore.http11 - DEBUG - receive_response_headers.started request=<Request [b'GET']>
2026-02-23 21:12:17,814 - httpcore.http11 - DEBUG - receive_response_headers.complete return_value=(b'HTTP/1.1', 200, b'OK', [(b'Content-Type', b'application/json; charset=utf-8'), (b'Content-Length', b'2'), (b'Connection', b'keep-alive'), (b'Date', b'Mon, 23 Feb 2026 12:12:17 GMT'), (b'Server', b'postgrest/14.5'), (b'Content-Range', b'*/*'), (b'Content-Location', b'/notification_history?identifier=eq.20260326_%C3%AD%C2%83%C2%9C%C3%AC%C2%95%C2%88%C3%AD%C2%95%C2%B4%C3%AC%C2%95%C2%88_%C3%AC%C2%B9%C2%B4%C3%AB%C2%9D%C2%BC%C3%AB%C2%B0%C2%98&select=id&sent_at=gt.2026-02-22T21%3A12%3A17.812352'), (b'Content-Profile', b'public'), (b'Access-Control-Allow-Origin', b'*'), (b'X-Kong-Upstream-Latency', b'1'), (b'X-Kong-Proxy-Latency', b'0'), (b'Via', b'kong/2.8.1')])
2026-02-23 21:12:17,814 - httpx - INFO - HTTP Request: GET http://127.0.0.1:54321/rest/v1/notification_history?select=id&identifier=eq.20260326_%ED%83%9C%EC%95%88%ED%95%B4%EC%95%88_%EC%B9%B4%EB%9D%BC%EB%B0%98&sent_at=gt.2026-02-22T21%3A12%3A17.812352 "HTTP/1.1 200 OK"
2026-02-23 21:12:17,814 - httpcore.http11 - DEBUG - receive_response_body.started request=<Request [b'GET']>
2026-02-23 21:12:17,814 - httpcore.http11 - DEBUG - receive_response_body.complete
2026-02-23 21:12:17,814 - httpcore.http11 - DEBUG - response_closed.started
2026-02-23 21:12:17,814 - httpcore.http11 - DEBUG - response_closed.complete
2026-02-23 21:12:17,815 - httpcore.http11 - DEBUG - send_request_headers.started request=<Request [b'GET']>
2026-02-23 21:12:17,815 - httpcore.http11 - DEBUG - send_request_headers.complete
2026-02-23 21:12:17,815 - httpcore.http11 - DEBUG - send_request_body.started request=<Request [b'GET']>
2026-02-23 21:12:17,815 - httpcore.http11 - DEBUG - send_request_body.complete
2026-02-23 21:12:17,815 - httpcore.http11 - DEBUG - receive_response_headers.started request=<Request [b'GET']>
2026-02-23 21:12:17,817 - httpcore.http11 - DEBUG - receive_response_headers.complete return_value=(b'HTTP/1.1', 200, b'OK', [(b'Content-Type', b'application/json; charset=utf-8'), (b'Content-Length', b'2'), (b'Connection', b'keep-alive'), (b'Date', b'Mon, 23 Feb 2026 12:12:17 GMT'), (b'Server', b'postgrest/14.5'), (b'Content-Range', b'*/*'), (b'Content-Location', b'/notification_history?identifier=eq.20260327_%C3%AA%C2%B0%C2%80%C3%AC%C2%95%C2%BC%C3%AC%C2%82%C2%B0_%C3%AC%C2%B9%C2%B4%C3%AB%C2%9D%C2%BC%C3%AB%C2%B0%C2%98&select=id&sent_at=gt.2026-02-22T21%3A12%3A17.814780'), (b'Content-Profile', b'public'), (b'Access-Control-Allow-Origin', b'*'), (b'X-Kong-Upstream-Latency', b'1'), (b'X-Kong-Proxy-Latency', b'0'), (b'Via', b'kong/2.8.1')])
2026-02-23 21:12:17,817 - httpx - INFO - HTTP Request: GET http://127.0.0.1:54321/rest/v1/notification_history?select=id&identifier=eq.20260327_%EA%B0%80%EC%95%BC%EC%82%B0_%EC%B9%B4%EB%9D%BC%EB%B0%98&sent_at=gt.2026-02-22T21%3A12%3A17.814780 "HTTP/1.1 200 OK"
2026-02-23 21:12:17,817 - httpcore.http11 - DEBUG - receive_response_body.started request=<Request [b'GET']>
2026-02-23 21:12:17,817 - httpcore.http11 - DEBUG - receive_response_body.complete
2026-02-23 21:12:17,817 - httpcore.http11 - DEBUG - response_closed.started
2026-02-23 21:12:17,817 - httpcore.http11 - DEBUG - response_closed.complete
2026-02-23 21:12:17,817 - httpcore.http11 - DEBUG - send_request_headers.started request=<Request [b'GET']>
2026-02-23 21:12:17,818 - httpcore.http11 - DEBUG - send_request_headers.complete
2026-02-23 21:12:17,818 - httpcore.http11 - DEBUG - send_request_body.started request=<Request [b'GET']>
2026-02-23 21:12:17,818 - httpcore.http11 - DEBUG - send_request_body.complete
2026-02-23 21:12:17,818 - httpcore.http11 - DEBUG - receive_response_headers.started request=<Request [b'GET']>
2026-02-23 21:12:17,819 - httpcore.http11 - DEBUG - receive_response_headers.complete return_value=(b'HTTP/1.1', 200, b'OK', [(b'Content-Type', b'application/json; charset=utf-8'), (b'Content-Length', b'2'), (b'Connection', b'keep-alive'), (b'Date', b'Mon, 23 Feb 2026 12:12:17 GMT'), (b'Server', b'postgrest/14.5'), (b'Content-Range', b'*/*'), (b'Content-Location', b'/notification_history?identifier=eq.20260327_%C3%AB%C2%8D%C2%95%C3%AC%C2%9C%C2%A0%C3%AC%C2%82%C2%B0_%C3%AC%C2%B9%C2%B4%C3%AB%C2%9D%C2%BC%C3%AB%C2%B0%C2%98&select=id&sent_at=gt.2026-02-22T21%3A12%3A17.817511'), (b'Content-Profile', b'public'), (b'Access-Control-Allow-Origin', b'*'), (b'X-Kong-Upstream-Latency', b'1'), (b'X-Kong-Proxy-Latency', b'0'), (b'Via', b'kong/2.8.1')])
2026-02-23 21:12:17,819 - httpx - INFO - HTTP Request: GET http://127.0.0.1:54321/rest/v1/notification_history?select=id&identifier=eq.20260327_%EB%8D%95%EC%9C%A0%EC%82%B0_%EC%B9%B4%EB%9D%BC%EB%B0%98&sent_at=gt.2026-02-22T21%3A12%3A17.817511 "HTTP/1.1 200 OK"
2026-02-23 21:12:17,820 - httpcore.http11 - DEBUG - receive_response_body.started request=<Request [b'GET']>
2026-02-23 21:12:17,820 - httpcore.http11 - DEBUG - receive_response_body.complete
2026-02-23 21:12:17,820 - httpcore.http11 - DEBUG - response_closed.started
2026-02-23 21:12:17,820 - httpcore.http11 - DEBUG - response_closed.complete
2026-02-23 21:12:17,820 - httpcore.http11 - DEBUG - send_request_headers.started request=<Request [b'GET']>
2026-02-23 21:12:17,820 - httpcore.http11 - DEBUG - send_request_headers.complete
2026-02-23 21:12:17,820 - httpcore.http11 - DEBUG - send_request_body.started request=<Request [b'GET']>
2026-02-23 21:12:17,820 - httpcore.http11 - DEBUG - send_request_body.complete
2026-02-23 21:12:17,820 - httpcore.http11 - DEBUG - receive_response_headers.started request=<Request [b'GET']>
2026-02-23 21:12:17,822 - httpcore.http11 - DEBUG - receive_response_headers.complete return_value=(b'HTTP/1.1', 200, b'OK', [(b'Content-Type', b'application/json; charset=utf-8'), (b'Content-Length', b'2'), (b'Connection', b'keep-alive'), (b'Date', b'Mon, 23 Feb 2026 12:12:17 GMT'), (b'Server', b'postgrest/14.5'), (b'Content-Range', b'*/*'), (b'Content-Location', b'/notification_history?identifier=eq.20260327_%C3%AC%C2%B9%C2%98%C3%AC%C2%95%C2%85%C3%AC%C2%82%C2%B0_%C3%AC%C2%B9%C2%B4%C3%AB%C2%9D%C2%BC%C3%AB%C2%B0%C2%98&select=id&sent_at=gt.2026-02-22T21%3A12%3A17.820287'), (b'Content-Profile', b'public'), (b'Access-Control-Allow-Origin', b'*'), (b'X-Kong-Upstream-Latency', b'1'), (b'X-Kong-Proxy-Latency', b'0'), (b'Via', b'kong/2.8.1')])
2026-02-23 21:12:17,822 - httpx - INFO - HTTP Request: GET http://127.0.0.1:54321/rest/v1/notification_history?select=id&identifier=eq.20260327_%EC%B9%98%EC%95%85%EC%82%B0_%EC%B9%B4%EB%9D%BC%EB%B0%98&sent_at=gt.2026-02-22T21%3A12%3A17.820287 "HTTP/1.1 200 OK"
2026-02-23 21:12:17,822 - httpcore.http11 - DEBUG - receive_response_body.started request=<Request [b'GET']>
2026-02-23 21:12:17,822 - httpcore.http11 - DEBUG - receive_response_body.complete
2026-02-23 21:12:17,822 - httpcore.http11 - DEBUG - response_closed.started
2026-02-23 21:12:17,822 - httpcore.http11 - DEBUG - response_closed.complete
2026-02-23 21:12:17,823 - httpcore.http11 - DEBUG - send_request_headers.started request=<Request [b'GET']>
2026-02-23 21:12:17,823 - httpcore.http11 - DEBUG - send_request_headers.complete
2026-02-23 21:12:17,823 - httpcore.http11 - DEBUG - send_request_body.started request=<Request [b'GET']>
2026-02-23 21:12:17,823 - httpcore.http11 - DEBUG - send_request_body.complete
2026-02-23 21:12:17,823 - httpcore.http11 - DEBUG - receive_response_headers.started request=<Request [b'GET']>
2026-02-23 21:12:17,825 - httpcore.http11 - DEBUG - receive_response_headers.complete return_value=(b'HTTP/1.1', 200, b'OK', [(b'Content-Type', b'application/json; charset=utf-8'), (b'Content-Length', b'2'), (b'Connection', b'keep-alive'), (b'Date', b'Mon, 23 Feb 2026 12:12:17 GMT'), (b'Server', b'postgrest/14.5'), (b'Content-Range', b'*/*'), (b'Content-Location', b'/notification_history?identifier=eq.20260329_%C3%AB%C2%8D%C2%95%C3%AC%C2%9C%C2%A0%C3%AC%C2%82%C2%B0_%C3%AC%C2%B9%C2%B4%C3%AB%C2%9D%C2%BC%C3%AB%C2%B0%C2%98&select=id&sent_at=gt.2026-02-22T21%3A12%3A17.822967'), (b'Content-Profile', b'public'), (b'Access-Control-Allow-Origin', b'*'), (b'X-Kong-Upstream-Latency', b'0'), (b'X-Kong-Proxy-Latency', b'1'), (b'Via', b'kong/2.8.1')])
2026-02-23 21:12:17,825 - httpx - INFO - HTTP Request: GET http://127.0.0.1:54321/rest/v1/notification_history?select=id&identifier=eq.20260329_%EB%8D%95%EC%9C%A0%EC%82%B0_%EC%B9%B4%EB%9D%BC%EB%B0%98&sent_at=gt.2026-02-22T21%3A12%3A17.822967 "HTTP/1.1 200 OK"
2026-02-23 21:12:17,825 - httpcore.http11 - DEBUG - receive_response_body.started request=<Request [b'GET']>
2026-02-23 21:12:17,825 - httpcore.http11 - DEBUG - receive_response_body.complete
2026-02-23 21:12:17,825 - httpcore.http11 - DEBUG - response_closed.started
2026-02-23 21:12:17,825 - httpcore.http11 - DEBUG - response_closed.complete
2026-02-23 21:12:17,825 - httpcore.http11 - DEBUG - send_request_headers.started request=<Request [b'GET']>
2026-02-23 21:12:17,826 - httpcore.http11 - DEBUG - send_request_headers.complete
2026-02-23 21:12:17,826 - httpcore.http11 - DEBUG - send_request_body.started request=<Request [b'GET']>
2026-02-23 21:12:17,826 - httpcore.http11 - DEBUG - send_request_body.complete
2026-02-23 21:12:17,826 - httpcore.http11 - DEBUG - receive_response_headers.started request=<Request [b'GET']>
2026-02-23 21:12:17,827 - httpcore.http11 - DEBUG - receive_response_headers.complete return_value=(b'HTTP/1.1', 200, b'OK', [(b'Content-Type', b'application/json; charset=utf-8'), (b'Content-Length', b'2'), (b'Connection', b'keep-alive'), (b'Date', b'Mon, 23 Feb 2026 12:12:17 GMT'), (b'Server', b'postgrest/14.5'), (b'Content-Range', b'*/*'), (b'Content-Location', b'/notification_history?identifier=eq.20260329_%C3%AC%C2%9B%C2%94%C3%AC%C2%B6%C2%9C%C3%AC%C2%82%C2%B0_%C3%AC%C2%B9%C2%B4%C3%AB%C2%9D%C2%BC%C3%AB%C2%B0%C2%98&select=id&sent_at=gt.2026-02-22T21%3A12%3A17.825690'), (b'Content-Profile', b'public'), (b'Access-Control-Allow-Origin', b'*'), (b'X-Kong-Upstream-Latency', b'1'), (b'X-Kong-Proxy-Latency', b'0'), (b'Via', b'kong/2.8.1')])
2026-02-23 21:12:17,827 - httpx - INFO - HTTP Request: GET http://127.0.0.1:54321/rest/v1/notification_history?select=id&identifier=eq.20260329_%EC%9B%94%EC%B6%9C%EC%82%B0_%EC%B9%B4%EB%9D%BC%EB%B0%98&sent_at=gt.2026-02-22T21%3A12%3A17.825690 "HTTP/1.1 200 OK"
2026-02-23 21:12:17,828 - httpcore.http11 - DEBUG - receive_response_body.started request=<Request [b'GET']>
2026-02-23 21:12:17,828 - httpcore.http11 - DEBUG - receive_response_body.complete
2026-02-23 21:12:17,828 - httpcore.http11 - DEBUG - response_closed.started
2026-02-23 21:12:17,828 - httpcore.http11 - DEBUG - response_closed.complete
2026-02-23 21:12:17,828 - httpcore.http11 - DEBUG - send_request_headers.started request=<Request [b'GET']>
2026-02-23 21:12:17,828 - httpcore.http11 - DEBUG - send_request_headers.complete
2026-02-23 21:12:17,828 - httpcore.http11 - DEBUG - send_request_body.started request=<Request [b'GET']>
2026-02-23 21:12:17,828 - httpcore.http11 - DEBUG - send_request_body.complete
2026-02-23 21:12:17,828 - httpcore.http11 - DEBUG - receive_response_headers.started request=<Request [b'GET']>
2026-02-23 21:12:17,830 - httpcore.http11 - DEBUG - receive_response_headers.complete return_value=(b'HTTP/1.1', 200, b'OK', [(b'Content-Type', b'application/json; charset=utf-8'), (b'Content-Length', b'2'), (b'Connection', b'keep-alive'), (b'Date', b'Mon, 23 Feb 2026 12:12:17 GMT'), (b'Server', b'postgrest/14.5'), (b'Content-Range', b'*/*'), (b'Content-Location', b'/notification_history?identifier=eq.20260329_%C3%AC%C2%B9%C2%98%C3%AC%C2%95%C2%85%C3%AC%C2%82%C2%B0_%C3%AC%C2%B9%C2%B4%C3%AB%C2%9D%C2%BC%C3%AB%C2%B0%C2%98&select=id&sent_at=gt.2026-02-22T21%3A12%3A17.828259'), (b'Content-Profile', b'public'), (b'Access-Control-Allow-Origin', b'*'), (b'X-Kong-Upstream-Latency', b'1'), (b'X-Kong-Proxy-Latency', b'0'), (b'Via', b'kong/2.8.1')])
2026-02-23 21:12:17,830 - httpx - INFO - HTTP Request: GET http://127.0.0.1:54321/rest/v1/notification_history?select=id&identifier=eq.20260329_%EC%B9%98%EC%95%85%EC%82%B0_%EC%B9%B4%EB%9D%BC%EB%B0%98&sent_at=gt.2026-02-22T21%3A12%3A17.828259 "HTTP/1.1 200 OK"
2026-02-23 21:12:17,830 - httpcore.http11 - DEBUG - receive_response_body.started request=<Request [b'GET']>
2026-02-23 21:12:17,830 - httpcore.http11 - DEBUG - receive_response_body.complete
2026-02-23 21:12:17,830 - httpcore.http11 - DEBUG - response_closed.started
2026-02-23 21:12:17,830 - httpcore.http11 - DEBUG - response_closed.complete
2026-02-23 21:12:17,831 - httpcore.http11 - DEBUG - send_request_headers.started request=<Request [b'GET']>
2026-02-23 21:12:17,831 - httpcore.http11 - DEBUG - send_request_headers.complete
2026-02-23 21:12:17,831 - httpcore.http11 - DEBUG - send_request_body.started request=<Request [b'GET']>
2026-02-23 21:12:17,831 - httpcore.http11 - DEBUG - send_request_body.complete
2026-02-23 21:12:17,831 - httpcore.http11 - DEBUG - receive_response_headers.started request=<Request [b'GET']>
2026-02-23 21:12:17,833 - httpcore.http11 - DEBUG - receive_response_headers.complete return_value=(b'HTTP/1.1', 200, b'OK', [(b'Content-Type', b'application/json; charset=utf-8'), (b'Content-Length', b'2'), (b'Connection', b'keep-alive'), (b'Date', b'Mon, 23 Feb 2026 12:12:17 GMT'), (b'Server', b'postgrest/14.5'), (b'Content-Range', b'*/*'), (b'Content-Location', b'/notification_history?identifier=eq.20260329_%C3%AD%C2%83%C2%9C%C3%AC%C2%95%C2%88%C3%AD%C2%95%C2%B4%C3%AC%C2%95%C2%88_%C3%AC%C2%B9%C2%B4%C3%AB%C2%9D%C2%BC%C3%AB%C2%B0%C2%98&select=id&sent_at=gt.2026-02-22T21%3A12%3A17.830740'), (b'Content-Profile', b'public'), (b'Access-Control-Allow-Origin', b'*'), (b'X-Kong-Upstream-Latency', b'1'), (b'X-Kong-Proxy-Latency', b'0'), (b'Via', b'kong/2.8.1')])
2026-02-23 21:12:17,833 - httpx - INFO - HTTP Request: GET http://127.0.0.1:54321/rest/v1/notification_history?select=id&identifier=eq.20260329_%ED%83%9C%EC%95%88%ED%95%B4%EC%95%88_%EC%B9%B4%EB%9D%BC%EB%B0%98&sent_at=gt.2026-02-22T21%3A12%3A17.830740 "HTTP/1.1 200 OK"
2026-02-23 21:12:17,833 - httpcore.http11 - DEBUG - receive_response_body.started request=<Request [b'GET']>
2026-02-23 21:12:17,833 - httpcore.http11 - DEBUG - receive_response_body.complete
2026-02-23 21:12:17,833 - httpcore.http11 - DEBUG - response_closed.started
2026-02-23 21:12:17,833 - httpcore.http11 - DEBUG - response_closed.complete
2026-02-23 21:12:17,833 - httpcore.http11 - DEBUG - send_request_headers.started request=<Request [b'GET']>
2026-02-23 21:12:17,833 - httpcore.http11 - DEBUG - send_request_headers.complete
2026-02-23 21:12:17,833 - httpcore.http11 - DEBUG - send_request_body.started request=<Request [b'GET']>
2026-02-23 21:12:17,833 - httpcore.http11 - DEBUG - send_request_body.complete
2026-02-23 21:12:17,833 - httpcore.http11 - DEBUG - receive_response_headers.started request=<Request [b'GET']>
2026-02-23 21:12:17,835 - httpcore.http11 - DEBUG - receive_response_headers.complete return_value=(b'HTTP/1.1', 200, b'OK', [(b'Content-Type', b'application/json; charset=utf-8'), (b'Content-Length', b'2'), (b'Connection', b'keep-alive'), (b'Date', b'Mon, 23 Feb 2026 12:12:17 GMT'), (b'Server', b'postgrest/14.5'), (b'Content-Range', b'*/*'), (b'Content-Location', b'/notification_history?identifier=eq.20260330_%C3%AA%C2%B0%C2%80%C3%AC%C2%95%C2%BC%C3%AC%C2%82%C2%B0_%C3%AC%C2%B9%C2%B4%C3%AB%C2%9D%C2%BC%C3%AB%C2%B0%C2%98&select=id&sent_at=gt.2026-02-22T21%3A12%3A17.833465'), (b'Content-Profile', b'public'), (b'Access-Control-Allow-Origin', b'*'), (b'X-Kong-Upstream-Latency', b'1'), (b'X-Kong-Proxy-Latency', b'0'), (b'Via', b'kong/2.8.1')])
2026-02-23 21:12:17,835 - httpx - INFO - HTTP Request: GET http://127.0.0.1:54321/rest/v1/notification_history?select=id&identifier=eq.20260330_%EA%B0%80%EC%95%BC%EC%82%B0_%EC%B9%B4%EB%9D%BC%EB%B0%98&sent_at=gt.2026-02-22T21%3A12%3A17.833465 "HTTP/1.1 200 OK"
2026-02-23 21:12:17,835 - httpcore.http11 - DEBUG - receive_response_body.started request=<Request [b'GET']>
2026-02-23 21:12:17,835 - httpcore.http11 - DEBUG - receive_response_body.complete
2026-02-23 21:12:17,835 - httpcore.http11 - DEBUG - response_closed.started
2026-02-23 21:12:17,835 - httpcore.http11 - DEBUG - response_closed.complete
2026-02-23 21:12:17,836 - httpcore.http11 - DEBUG - send_request_headers.started request=<Request [b'GET']>
2026-02-23 21:12:17,836 - httpcore.http11 - DEBUG - send_request_headers.complete
2026-02-23 21:12:17,836 - httpcore.http11 - DEBUG - send_request_body.started request=<Request [b'GET']>
2026-02-23 21:12:17,836 - httpcore.http11 - DEBUG - send_request_body.complete
2026-02-23 21:12:17,836 - httpcore.http11 - DEBUG - receive_response_headers.started request=<Request [b'GET']>
2026-02-23 21:12:17,838 - httpcore.http11 - DEBUG - receive_response_headers.complete return_value=(b'HTTP/1.1', 200, b'OK', [(b'Content-Type', b'application/json; charset=utf-8'), (b'Content-Length', b'2'), (b'Connection', b'keep-alive'), (b'Date', b'Mon, 23 Feb 2026 12:12:17 GMT'), (b'Server', b'postgrest/14.5'), (b'Content-Range', b'*/*'), (b'Content-Location', b'/notification_history?identifier=eq.20260330_%C3%AB%C2%8D%C2%95%C3%AC%C2%9C%C2%A0%C3%AC%C2%82%C2%B0_%C3%AC%C2%B9%C2%B4%C3%AB%C2%9D%C2%BC%C3%AB%C2%B0%C2%98&select=id&sent_at=gt.2026-02-22T21%3A12%3A17.836010'), (b'Content-Profile', b'public'), (b'Access-Control-Allow-Origin', b'*'), (b'X-Kong-Upstream-Latency', b'0'), (b'X-Kong-Proxy-Latency', b'1'), (b'Via', b'kong/2.8.1')])
2026-02-23 21:12:17,838 - httpx - INFO - HTTP Request: GET http://127.0.0.1:54321/rest/v1/notification_history?select=id&identifier=eq.20260330_%EB%8D%95%EC%9C%A0%EC%82%B0_%EC%B9%B4%EB%9D%BC%EB%B0%98&sent_at=gt.2026-02-22T21%3A12%3A17.836010 "HTTP/1.1 200 OK"
2026-02-23 21:12:17,838 - httpcore.http11 - DEBUG - receive_response_body.started request=<Request [b'GET']>
2026-02-23 21:12:17,838 - httpcore.http11 - DEBUG - receive_response_body.complete
2026-02-23 21:12:17,838 - httpcore.http11 - DEBUG - response_closed.started
2026-02-23 21:12:17,838 - httpcore.http11 - DEBUG - response_closed.complete
2026-02-23 21:12:17,838 - httpcore.http11 - DEBUG - send_request_headers.started request=<Request [b'GET']>
2026-02-23 21:12:17,838 - httpcore.http11 - DEBUG - send_request_headers.complete
2026-02-23 21:12:17,839 - httpcore.http11 - DEBUG - send_request_body.started request=<Request [b'GET']>
2026-02-23 21:12:17,839 - httpcore.http11 - DEBUG - send_request_body.complete
2026-02-23 21:12:17,839 - httpcore.http11 - DEBUG - receive_response_headers.started request=<Request [b'GET']>
2026-02-23 21:12:17,840 - httpcore.http11 - DEBUG - receive_response_headers.complete return_value=(b'HTTP/1.1', 200, b'OK', [(b'Content-Type', b'application/json; charset=utf-8'), (b'Content-Length', b'2'), (b'Connection', b'keep-alive'), (b'Date', b'Mon, 23 Feb 2026 12:12:17 GMT'), (b'Server', b'postgrest/14.5'), (b'Content-Range', b'*/*'), (b'Content-Location', b'/notification_history?identifier=eq.20260330_%C3%AC%C2%9B%C2%94%C3%AC%C2%B6%C2%9C%C3%AC%C2%82%C2%B0_%C3%AC%C2%B9%C2%B4%C3%AB%C2%9D%C2%BC%C3%AB%C2%B0%C2%98&select=id&sent_at=gt.2026-02-22T21%3A12%3A17.838541'), (b'Content-Profile', b'public'), (b'Access-Control-Allow-Origin', b'*'), (b'X-Kong-Upstream-Latency', b'1'), (b'X-Kong-Proxy-Latency', b'0'), (b'Via', b'kong/2.8.1')])
2026-02-23 21:12:17,840 - httpx - INFO - HTTP Request: GET http://127.0.0.1:54321/rest/v1/notification_history?select=id&identifier=eq.20260330_%EC%9B%94%EC%B6%9C%EC%82%B0_%EC%B9%B4%EB%9D%BC%EB%B0%98&sent_at=gt.2026-02-22T21%3A12%3A17.838541 "HTTP/1.1 200 OK"
2026-02-23 21:12:17,840 - httpcore.http11 - DEBUG - receive_response_body.started request=<Request [b'GET']>
2026-02-23 21:12:17,841 - httpcore.http11 - DEBUG - receive_response_body.complete
2026-02-23 21:12:17,841 - httpcore.http11 - DEBUG - response_closed.started
2026-02-23 21:12:17,841 - httpcore.http11 - DEBUG - response_closed.complete
2026-02-23 21:12:17,841 - httpcore.http11 - DEBUG - send_request_headers.started request=<Request [b'GET']>
2026-02-23 21:12:17,841 - httpcore.http11 - DEBUG - send_request_headers.complete
2026-02-23 21:12:17,841 - httpcore.http11 - DEBUG - send_request_body.started request=<Request [b'GET']>
2026-02-23 21:12:17,841 - httpcore.http11 - DEBUG - send_request_body.complete
2026-02-23 21:12:17,841 - httpcore.http11 - DEBUG - receive_response_headers.started request=<Request [b'GET']>
2026-02-23 21:12:17,843 - httpcore.http11 - DEBUG - receive_response_headers.complete return_value=(b'HTTP/1.1', 200, b'OK', [(b'Content-Type', b'application/json; charset=utf-8'), (b'Content-Length', b'2'), (b'Connection', b'keep-alive'), (b'Date', b'Mon, 23 Feb 2026 12:12:17 GMT'), (b'Server', b'postgrest/14.5'), (b'Content-Range', b'*/*'), (b'Content-Location', b'/notification_history?identifier=eq.20260330_%C3%AC%C2%B9%C2%98%C3%AC%C2%95%C2%85%C3%AC%C2%82%C2%B0_%C3%AC%C2%B9%C2%B4%C3%AB%C2%9D%C2%BC%C3%AB%C2%B0%C2%98&select=id&sent_at=gt.2026-02-22T21%3A12%3A17.841177'), (b'Content-Profile', b'public'), (b'Access-Control-Allow-Origin', b'*'), (b'X-Kong-Upstream-Latency', b'1'), (b'X-Kong-Proxy-Latency', b'0'), (b'Via', b'kong/2.8.1')])
2026-02-23 21:12:17,843 - httpx - INFO - HTTP Request: GET http://127.0.0.1:54321/rest/v1/notification_history?select=id&identifier=eq.20260330_%EC%B9%98%EC%95%85%EC%82%B0_%EC%B9%B4%EB%9D%BC%EB%B0%98&sent_at=gt.2026-02-22T21%3A12%3A17.841177 "HTTP/1.1 200 OK"
2026-02-23 21:12:17,843 - httpcore.http11 - DEBUG - receive_response_body.started request=<Request [b'GET']>
2026-02-23 21:12:17,843 - httpcore.http11 - DEBUG - receive_response_body.complete
2026-02-23 21:12:17,843 - httpcore.http11 - DEBUG - response_closed.started
2026-02-23 21:12:17,843 - httpcore.http11 - DEBUG - response_closed.complete
2026-02-23 21:12:17,843 - httpcore.http11 - DEBUG - send_request_headers.started request=<Request [b'GET']>
2026-02-23 21:12:17,844 - httpcore.http11 - DEBUG - send_request_headers.complete
2026-02-23 21:12:17,844 - httpcore.http11 - DEBUG - send_request_body.started request=<Request [b'GET']>
2026-02-23 21:12:17,844 - httpcore.http11 - DEBUG - send_request_body.complete
2026-02-23 21:12:17,844 - httpcore.http11 - DEBUG - receive_response_headers.started request=<Request [b'GET']>
2026-02-23 21:12:17,845 - httpcore.http11 - DEBUG - receive_response_headers.complete return_value=(b'HTTP/1.1', 200, b'OK', [(b'Content-Type', b'application/json; charset=utf-8'), (b'Content-Length', b'2'), (b'Connection', b'keep-alive'), (b'Date', b'Mon, 23 Feb 2026 12:12:17 GMT'), (b'Server', b'postgrest/14.5'), (b'Content-Range', b'*/*'), (b'Content-Location', b'/notification_history?identifier=eq.20260330_%C3%AD%C2%83%C2%9C%C3%AC%C2%95%C2%88%C3%AD%C2%95%C2%B4%C3%AC%C2%95%C2%88_%C3%AC%C2%B9%C2%B4%C3%AB%C2%9D%C2%BC%C3%AB%C2%B0%C2%98&select=id&sent_at=gt.2026-02-22T21%3A12%3A17.843629'), (b'Content-Profile', b'public'), (b'Access-Control-Allow-Origin', b'*'), (b'X-Kong-Upstream-Latency', b'1'), (b'X-Kong-Proxy-Latency', b'0'), (b'Via', b'kong/2.8.1')])
2026-02-23 21:12:17,845 - httpx - INFO - HTTP Request: GET http://127.0.0.1:54321/rest/v1/notification_history?select=id&identifier=eq.20260330_%ED%83%9C%EC%95%88%ED%95%B4%EC%95%88_%EC%B9%B4%EB%9D%BC%EB%B0%98&sent_at=gt.2026-02-22T21%3A12%3A17.843629 "HTTP/1.1 200 OK"
2026-02-23 21:12:17,845 - httpcore.http11 - DEBUG - receive_response_body.started request=<Request [b'GET']>
2026-02-23 21:12:17,845 - httpcore.http11 - DEBUG - receive_response_body.complete
2026-02-23 21:12:17,846 - httpcore.http11 - DEBUG - response_closed.started
2026-02-23 21:12:17,846 - httpcore.http11 - DEBUG - response_closed.complete
2026-02-23 21:12:17,846 - httpcore.http11 - DEBUG - send_request_headers.started request=<Request [b'GET']>
2026-02-23 21:12:17,846 - httpcore.http11 - DEBUG - send_request_headers.complete
2026-02-23 21:12:17,846 - httpcore.http11 - DEBUG - send_request_body.started request=<Request [b'GET']>
2026-02-23 21:12:17,846 - httpcore.http11 - DEBUG - send_request_body.complete
2026-02-23 21:12:17,846 - httpcore.http11 - DEBUG - receive_response_headers.started request=<Request [b'GET']>
2026-02-23 21:12:17,848 - httpcore.http11 - DEBUG - receive_response_headers.complete return_value=(b'HTTP/1.1', 200, b'OK', [(b'Content-Type', b'application/json; charset=utf-8'), (b'Content-Length', b'2'), (b'Connection', b'keep-alive'), (b'Date', b'Mon, 23 Feb 2026 12:12:17 GMT'), (b'Server', b'postgrest/14.5'), (b'Content-Range', b'*/*'), (b'Content-Location', b'/notification_history?identifier=eq.20260331_%C3%AA%C2%B0%C2%80%C3%AC%C2%95%C2%BC%C3%AC%C2%82%C2%B0_%C3%AC%C2%B9%C2%B4%C3%AB%C2%9D%C2%BC%C3%AB%C2%B0%C2%98&select=id&sent_at=gt.2026-02-22T21%3A12%3A17.846096'), (b'Content-Profile', b'public'), (b'Access-Control-Allow-Origin', b'*'), (b'X-Kong-Upstream-Latency', b'0'), (b'X-Kong-Proxy-Latency', b'1'), (b'Via', b'kong/2.8.1')])
2026-02-23 21:12:17,848 - httpx - INFO - HTTP Request: GET http://127.0.0.1:54321/rest/v1/notification_history?select=id&identifier=eq.20260331_%EA%B0%80%EC%95%BC%EC%82%B0_%EC%B9%B4%EB%9D%BC%EB%B0%98&sent_at=gt.2026-02-22T21%3A12%3A17.846096 "HTTP/1.1 200 OK"
2026-02-23 21:12:17,848 - httpcore.http11 - DEBUG - receive_response_body.started request=<Request [b'GET']>
2026-02-23 21:12:17,848 - httpcore.http11 - DEBUG - receive_response_body.complete
2026-02-23 21:12:17,848 - httpcore.http11 - DEBUG - response_closed.started
2026-02-23 21:12:17,848 - httpcore.http11 - DEBUG - response_closed.complete
2026-02-23 21:12:17,848 - httpcore.http11 - DEBUG - send_request_headers.started request=<Request [b'GET']>
2026-02-23 21:12:17,849 - httpcore.http11 - DEBUG - send_request_headers.complete
2026-02-23 21:12:17,849 - httpcore.http11 - DEBUG - send_request_body.started request=<Request [b'GET']>
2026-02-23 21:12:17,849 - httpcore.http11 - DEBUG - send_request_body.complete
2026-02-23 21:12:17,849 - httpcore.http11 - DEBUG - receive_response_headers.started request=<Request [b'GET']>
2026-02-23 21:12:17,851 - httpcore.http11 - DEBUG - receive_response_headers.complete return_value=(b'HTTP/1.1', 200, b'OK', [(b'Content-Type', b'application/json; charset=utf-8'), (b'Content-Length', b'2'), (b'Connection', b'keep-alive'), (b'Date', b'Mon, 23 Feb 2026 12:12:17 GMT'), (b'Server', b'postgrest/14.5'), (b'Content-Range', b'*/*'), (b'Content-Location', b'/notification_history?identifier=eq.20260331_%C3%AB%C2%8D%C2%95%C3%AC%C2%9C%C2%A0%C3%AC%C2%82%C2%B0_%C3%AC%C2%B9%C2%B4%C3%AB%C2%9D%C2%BC%C3%AB%C2%B0%C2%98&select=id&sent_at=gt.2026-02-22T21%3A12%3A17.848672'), (b'Content-Profile', b'public'), (b'Access-Control-Allow-Origin', b'*'), (b'X-Kong-Upstream-Latency', b'1'), (b'X-Kong-Proxy-Latency', b'0'), (b'Via', b'kong/2.8.1')])
2026-02-23 21:12:17,851 - httpx - INFO - HTTP Request: GET http://127.0.0.1:54321/rest/v1/notification_history?select=id&identifier=eq.20260331_%EB%8D%95%EC%9C%A0%EC%82%B0_%EC%B9%B4%EB%9D%BC%EB%B0%98&sent_at=gt.2026-02-22T21%3A12%3A17.848672 "HTTP/1.1 200 OK"
2026-02-23 21:12:17,851 - httpcore.http11 - DEBUG - receive_response_body.started request=<Request [b'GET']>
2026-02-23 21:12:17,851 - httpcore.http11 - DEBUG - receive_response_body.complete
2026-02-23 21:12:17,851 - httpcore.http11 - DEBUG - response_closed.started
2026-02-23 21:12:17,851 - httpcore.http11 - DEBUG - response_closed.complete
2026-02-23 21:12:17,851 - httpcore.http11 - DEBUG - send_request_headers.started request=<Request [b'GET']>
2026-02-23 21:12:17,852 - httpcore.http11 - DEBUG - send_request_headers.complete
2026-02-23 21:12:17,852 - httpcore.http11 - DEBUG - send_request_body.started request=<Request [b'GET']>
2026-02-23 21:12:17,852 - httpcore.http11 - DEBUG - send_request_body.complete
2026-02-23 21:12:17,852 - httpcore.http11 - DEBUG - receive_response_headers.started request=<Request [b'GET']>
2026-02-23 21:12:17,853 - httpcore.http11 - DEBUG - receive_response_headers.complete return_value=(b'HTTP/1.1', 200, b'OK', [(b'Content-Type', b'application/json; charset=utf-8'), (b'Content-Length', b'2'), (b'Connection', b'keep-alive'), (b'Date', b'Mon, 23 Feb 2026 12:12:17 GMT'), (b'Server', b'postgrest/14.5'), (b'Content-Range', b'*/*'), (b'Content-Location', b'/notification_history?identifier=eq.20260331_%C3%AC%C2%9B%C2%94%C3%AC%C2%B6%C2%9C%C3%AC%C2%82%C2%B0_%C3%AC%C2%B9%C2%B4%C3%AB%C2%9D%C2%BC%C3%AB%C2%B0%C2%98&select=id&sent_at=gt.2026-02-22T21%3A12%3A17.851609'), (b'Content-Profile', b'public'), (b'Access-Control-Allow-Origin', b'*'), (b'X-Kong-Upstream-Latency', b'1'), (b'X-Kong-Proxy-Latency', b'0'), (b'Via', b'kong/2.8.1')])
2026-02-23 21:12:17,853 - httpx - INFO - HTTP Request: GET http://127.0.0.1:54321/rest/v1/notification_history?select=id&identifier=eq.20260331_%EC%9B%94%EC%B6%9C%EC%82%B0_%EC%B9%B4%EB%9D%BC%EB%B0%98&sent_at=gt.2026-02-22T21%3A12%3A17.851609 "HTTP/1.1 200 OK"
2026-02-23 21:12:17,853 - httpcore.http11 - DEBUG - receive_response_body.started request=<Request [b'GET']>
2026-02-23 21:12:17,854 - httpcore.http11 - DEBUG - receive_response_body.complete
2026-02-23 21:12:17,854 - httpcore.http11 - DEBUG - response_closed.started
2026-02-23 21:12:17,854 - httpcore.http11 - DEBUG - response_closed.complete
2026-02-23 21:12:17,854 - httpcore.http11 - DEBUG - send_request_headers.started request=<Request [b'GET']>
2026-02-23 21:12:17,854 - httpcore.http11 - DEBUG - send_request_headers.complete
2026-02-23 21:12:17,854 - httpcore.http11 - DEBUG - send_request_body.started request=<Request [b'GET']>
2026-02-23 21:12:17,854 - httpcore.http11 - DEBUG - send_request_body.complete
2026-02-23 21:12:17,854 - httpcore.http11 - DEBUG - receive_response_headers.started request=<Request [b'GET']>
2026-02-23 21:12:17,856 - httpcore.http11 - DEBUG - receive_response_headers.complete return_value=(b'HTTP/1.1', 200, b'OK', [(b'Content-Type', b'application/json; charset=utf-8'), (b'Content-Length', b'2'), (b'Connection', b'keep-alive'), (b'Date', b'Mon, 23 Feb 2026 12:12:17 GMT'), (b'Server', b'postgrest/14.5'), (b'Content-Range', b'*/*'), (b'Content-Location', b'/notification_history?identifier=eq.20260331_%C3%AC%C2%B9%C2%98%C3%AC%C2%95%C2%85%C3%AC%C2%82%C2%B0_%C3%AC%C2%B9%C2%B4%C3%AB%C2%9D%C2%BC%C3%AB%C2%B0%C2%98&select=id&sent_at=gt.2026-02-22T21%3A12%3A17.854199'), (b'Content-Profile', b'public'), (b'Access-Control-Allow-Origin', b'*'), (b'X-Kong-Upstream-Latency', b'1'), (b'X-Kong-Proxy-Latency', b'0'), (b'Via', b'kong/2.8.1')])
2026-02-23 21:12:17,856 - httpx - INFO - HTTP Request: GET http://127.0.0.1:54321/rest/v1/notification_history?select=id&identifier=eq.20260331_%EC%B9%98%EC%95%85%EC%82%B0_%EC%B9%B4%EB%9D%BC%EB%B0%98&sent_at=gt.2026-02-22T21%3A12%3A17.854199 "HTTP/1.1 200 OK"
2026-02-23 21:12:17,856 - httpcore.http11 - DEBUG - receive_response_body.started request=<Request [b'GET']>
2026-02-23 21:12:17,857 - httpcore.http11 - DEBUG - receive_response_body.complete
2026-02-23 21:12:17,857 - httpcore.http11 - DEBUG - response_closed.started
2026-02-23 21:12:17,857 - httpcore.http11 - DEBUG - response_closed.complete
2026-02-23 21:12:17,857 - httpcore.http11 - DEBUG - send_request_headers.started request=<Request [b'GET']>
2026-02-23 21:12:17,857 - httpcore.http11 - DEBUG - send_request_headers.complete
2026-02-23 21:12:17,858 - httpcore.http11 - DEBUG - send_request_body.started request=<Request [b'GET']>
2026-02-23 21:12:17,858 - httpcore.http11 - DEBUG - send_request_body.complete
2026-02-23 21:12:17,858 - httpcore.http11 - DEBUG - receive_response_headers.started request=<Request [b'GET']>
2026-02-23 21:12:17,859 - httpcore.http11 - DEBUG - receive_response_headers.complete return_value=(b'HTTP/1.1', 200, b'OK', [(b'Content-Type', b'application/json; charset=utf-8'), (b'Content-Length', b'2'), (b'Connection', b'keep-alive'), (b'Date', b'Mon, 23 Feb 2026 12:12:17 GMT'), (b'Server', b'postgrest/14.5'), (b'Content-Range', b'*/*'), (b'Content-Location', b'/notification_history?identifier=eq.20260331_%C3%AD%C2%83%C2%9C%C3%AC%C2%95%C2%88%C3%AD%C2%95%C2%B4%C3%AC%C2%95%C2%88_%C3%AC%C2%B9%C2%B4%C3%AB%C2%9D%C2%BC%C3%AB%C2%B0%C2%98&select=id&sent_at=gt.2026-02-22T21%3A12%3A17.857304'), (b'Content-Profile', b'public'), (b'Access-Control-Allow-Origin', b'*'), (b'X-Kong-Upstream-Latency', b'1'), (b'X-Kong-Proxy-Latency', b'0'), (b'Via', b'kong/2.8.1')])
2026-02-23 21:12:17,859 - httpx - INFO - HTTP Request: GET http://127.0.0.1:54321/rest/v1/notification_history?select=id&identifier=eq.20260331_%ED%83%9C%EC%95%88%ED%95%B4%EC%95%88_%EC%B9%B4%EB%9D%BC%EB%B0%98&sent_at=gt.2026-02-22T21%3A12%3A17.857304 "HTTP/1.1 200 OK"
2026-02-23 21:12:17,859 - httpcore.http11 - DEBUG - receive_response_body.started request=<Request [b'GET']>
2026-02-23 21:12:17,859 - httpcore.http11 - DEBUG - receive_response_body.complete
2026-02-23 21:12:17,859 - httpcore.http11 - DEBUG - response_closed.started
2026-02-23 21:12:17,859 - httpcore.http11 - DEBUG - response_closed.complete
2026-02-23 21:12:17,860 - __main__ - INFO - DEBUG: Sending notification for 93 items. Token len: 46
2026-02-23 21:12:17,861 - urllib3.connectionpool - DEBUG - Starting new HTTPS connection (1): api.telegram.org:443
2026-02-23 21:12:18,891 - urllib3.connectionpool - DEBUG - https://api.telegram.org:443 "POST /bot8549985747:AAF9TlQvwFqTbx2ZZZoTOOQ_dzKOeZaMRcg/sendMessage HTTP/1.1" 400 78
2026-02-23 21:12:18,892 - werkzeug - INFO - 127.0.0.1 - - [23/Feb/2026 21:12:18] "[35m[1mPOST /api/check HTTP/1.1[0m" 500 -
2026-02-23 21:13:17,808 - httpcore.connection - DEBUG - close.started
2026-02-23 21:13:17,809 - httpcore.connection - DEBUG - close.complete
2026-02-23 21:13:17,809 - httpcore.connection - DEBUG - connect_tcp.started host='127.0.0.1' port=54321 local_address=None timeout=120 socket_options=None
2026-02-23 21:13:17,809 - httpcore.connection - DEBUG - connect_tcp.complete return_value=<httpcore._backends.sync.SyncStream object at 0x000001E2EC26ECF0>
2026-02-23 21:13:17,809 - httpcore.http11 - DEBUG - send_request_headers.started request=<Request [b'GET']>
2026-02-23 21:13:17,810 - httpcore.http11 - DEBUG - send_request_headers.complete
2026-02-23 21:13:17,810 - httpcore.http11 - DEBUG - send_request_body.started request=<Request [b'GET']>
2026-02-23 21:13:17,810 - httpcore.http11 - DEBUG - send_request_body.complete
2026-02-23 21:13:17,810 - httpcore.http11 - DEBUG - receive_response_headers.started request=<Request [b'GET']>
2026-02-23 21:13:17,824 - httpcore.http11 - DEBUG - receive_response_headers.complete return_value=(b'HTTP/1.1', 200, b'OK', [(b'Content-Type', b'application/json; charset=utf-8'), (b'Content-Length', b'288'), (b'Connection', b'keep-alive'), (b'Date', b'Mon, 23 Feb 2026 12:13:17 GMT'), (b'Server', b'postgrest/14.5'), (b'Content-Range', b'0-0/*'), (b'Content-Location', b'/user_settings?id=eq.1&select=%2A'), (b'Content-Profile', b'public'), (b'Access-Control-Allow-Origin', b'*'), (b'X-Kong-Upstream-Latency', b'12'), (b'X-Kong-Proxy-Latency', b'1'), (b'Via', b'kong/2.8.1')])
2026-02-23 21:13:17,824 - httpx - INFO - HTTP Request: GET http://127.0.0.1:54321/rest/v1/user_settings?select=%2A&id=eq.1 "HTTP/1.1 200 OK"
2026-02-23 21:13:17,824 - httpcore.http11 - DEBUG - receive_response_body.started request=<Request [b'GET']>
2026-02-23 21:13:17,824 - httpcore.http11 - DEBUG - receive_response_body.complete
2026-02-23 21:13:17,824 - httpcore.http11 - DEBUG - response_closed.started
2026-02-23 21:13:17,824 - httpcore.http11 - DEBUG - response_closed.complete
2026-02-23 21:13:17,825 - urllib3.connectionpool - DEBUG - Starting new HTTPS connection (1): reservation.knps.or.kr:443
2026-02-23 21:13:18,099 - urllib3.connectionpool - DEBUG - https://reservation.knps.or.kr:443 "POST /reservation/selectCampRemainSiteList.do HTTP/1.1" 200 None
2026-02-23 21:13:18,102 - urllib3.connectionpool - DEBUG - Starting new HTTPS connection (1): reservation.knps.or.kr:443
2026-02-23 21:13:18,367 - urllib3.connectionpool - DEBUG - https://reservation.knps.or.kr:443 "POST /reservation/selectCampRemainSiteList.do HTTP/1.1" 200 None
2026-02-23 21:13:18,370 - urllib3.connectionpool - DEBUG - Starting new HTTPS connection (1): reservation.knps.or.kr:443
2026-02-23 21:13:18,620 - urllib3.connectionpool - DEBUG - https://reservation.knps.or.kr:443 "POST /reservation/selectCampRemainSiteList.do HTTP/1.1" 200 None
2026-02-23 21:13:18,633 - urllib3.connectionpool - DEBUG - Starting new HTTPS connection (1): reservation.knps.or.kr:443
2026-02-23 21:13:18,887 - urllib3.connectionpool - DEBUG - https://reservation.knps.or.kr:443 "POST /reservation/selectCampRemainSiteList.do HTTP/1.1" 200 None
2026-02-23 21:13:18,891 - urllib3.connectionpool - DEBUG - Starting new HTTPS connection (1): reservation.knps.or.kr:443
2026-02-23 21:13:19,165 - urllib3.connectionpool - DEBUG - https://reservation.knps.or.kr:443 "POST /reservation/selectCampRemainSiteList.do HTTP/1.1" 200 None
2026-02-23 21:13:19,168 - urllib3.connectionpool - DEBUG - Starting new HTTPS connection (1): reservation.knps.or.kr:443
2026-02-23 21:13:19,429 - urllib3.connectionpool - DEBUG - https://reservation.knps.or.kr:443 "POST /reservation/selectCampRemainSiteList.do HTTP/1.1" 200 None
2026-02-23 21:13:19,432 - urllib3.connectionpool - DEBUG - Starting new HTTPS connection (1): reservation.knps.or.kr:443
2026-02-23 21:13:19,671 - urllib3.connectionpool - DEBUG - https://reservation.knps.or.kr:443 "POST /reservation/selectCampRemainSiteList.do HTTP/1.1" 200 None
2026-02-23 21:13:19,684 - urllib3.connectionpool - DEBUG - Starting new HTTPS connection (1): reservation.knps.or.kr:443
2026-02-23 21:13:19,937 - urllib3.connectionpool - DEBUG - https://reservation.knps.or.kr:443 "POST /reservation/selectCampRemainSiteList.do HTTP/1.1" 200 None
2026-02-23 21:13:19,939 - urllib3.connectionpool - DEBUG - Starting new HTTPS connection (1): reservation.knps.or.kr:443
2026-02-23 21:13:20,218 - urllib3.connectionpool - DEBUG - https://reservation.knps.or.kr:443 "POST /reservation/selectCampRemainSiteList.do HTTP/1.1" 200 None
2026-02-23 21:13:20,220 - urllib3.connectionpool - DEBUG - Starting new HTTPS connection (1): reservation.knps.or.kr:443
2026-02-23 21:13:20,486 - urllib3.connectionpool - DEBUG - https://reservation.knps.or.kr:443 "POST /reservation/selectCampRemainSiteList.do HTTP/1.1" 200 None
2026-02-23 21:13:20,499 - urllib3.connectionpool - DEBUG - Starting new HTTPS connection (1): reservation.knps.or.kr:443
2026-02-23 21:13:20,730 - urllib3.connectionpool - DEBUG - https://reservation.knps.or.kr:443 "POST /reservation/selectCampRemainSiteList.do HTTP/1.1" 200 None
2026-02-23 21:13:20,743 - urllib3.connectionpool - DEBUG - Starting new HTTPS connection (1): reservation.knps.or.kr:443
2026-02-23 21:13:21,012 - urllib3.connectionpool - DEBUG - https://reservation.knps.or.kr:443 "POST /reservation/selectCampRemainSiteList.do HTTP/1.1" 200 None
2026-02-23 21:13:21,014 - urllib3.connectionpool - DEBUG - Starting new HTTPS connection (1): reservation.knps.or.kr:443
2026-02-23 21:13:21,251 - urllib3.connectionpool - DEBUG - https://reservation.knps.or.kr:443 "POST /reservation/selectCampRemainSiteList.do HTTP/1.1" 200 None
2026-02-23 21:13:21,264 - urllib3.connectionpool - DEBUG - Starting new HTTPS connection (1): reservation.knps.or.kr:443
2026-02-23 21:13:21,513 - urllib3.connectionpool - DEBUG - https://reservation.knps.or.kr:443 "POST /reservation/selectCampRemainSiteList.do HTTP/1.1" 200 None
2026-02-23 21:13:21,514 - urllib3.connectionpool - DEBUG - Starting new HTTPS connection (1): reservation.knps.or.kr:443
2026-02-23 21:13:21,751 - urllib3.connectionpool - DEBUG - https://reservation.knps.or.kr:443 "POST /reservation/selectCampRemainSiteList.do HTTP/1.1" 200 None
2026-02-23 21:13:21,763 - urllib3.connectionpool - DEBUG - Starting new HTTPS connection (1): reservation.knps.or.kr:443
2026-02-23 21:13:22,018 - urllib3.connectionpool - DEBUG - https://reservation.knps.or.kr:443 "POST /reservation/selectCampRemainSiteList.do HTTP/1.1" 200 None
2026-02-23 21:13:22,025 - urllib3.connectionpool - DEBUG - Starting new HTTPS connection (1): reservation.knps.or.kr:443
2026-02-23 21:13:22,283 - urllib3.connectionpool - DEBUG - https://reservation.knps.or.kr:443 "POST /reservation/selectCampRemainSiteList.do HTTP/1.1" 200 None
2026-02-23 21:13:22,287 - urllib3.connectionpool - DEBUG - Starting new HTTPS connection (1): reservation.knps.or.kr:443
2026-02-23 21:13:22,541 - urllib3.connectionpool - DEBUG - https://reservation.knps.or.kr:443 "POST /reservation/selectCampRemainSiteList.do HTTP/1.1" 200 None
2026-02-23 21:13:22,555 - urllib3.connectionpool - DEBUG - Starting new HTTPS connection (1): reservation.knps.or.kr:443
2026-02-23 21:13:22,803 - urllib3.connectionpool - DEBUG - https://reservation.knps.or.kr:443 "POST /reservation/selectCampRemainSiteList.do HTTP/1.1" 200 None
2026-02-23 21:13:22,816 - urllib3.connectionpool - DEBUG - Starting new HTTPS connection (1): reservation.knps.or.kr:443
2026-02-23 21:13:23,075 - urllib3.connectionpool - DEBUG - https://reservation.knps.or.kr:443 "POST /reservation/selectCampRemainSiteList.do HTTP/1.1" 200 None
2026-02-23 21:13:23,078 - urllib3.connectionpool - DEBUG - Starting new HTTPS connection (1): reservation.knps.or.kr:443
2026-02-23 21:13:23,334 - urllib3.connectionpool - DEBUG - https://reservation.knps.or.kr:443 "POST /reservation/selectCampRemainSiteList.do HTTP/1.1" 200 None
2026-02-23 21:13:23,345 - urllib3.connectionpool - DEBUG - Starting new HTTPS connection (1): reservation.knps.or.kr:443
2026-02-23 21:13:23,605 - urllib3.connectionpool - DEBUG - https://reservation.knps.or.kr:443 "POST /reservation/selectCampRemainSiteList.do HTTP/1.1" 200 None
2026-02-23 21:13:23,609 - urllib3.connectionpool - DEBUG - Starting new HTTPS connection (1): reservation.knps.or.kr:443
2026-02-23 21:13:23,859 - urllib3.connectionpool - DEBUG - https://reservation.knps.or.kr:443 "POST /reservation/selectCampRemainSiteList.do HTTP/1.1" 200 None
2026-02-23 21:13:23,873 - urllib3.connectionpool - DEBUG - Starting new HTTPS connection (1): reservation.knps.or.kr:443
2026-02-23 21:13:24,126 - urllib3.connectionpool - DEBUG - https://reservation.knps.or.kr:443 "POST /reservation/selectCampRemainSiteList.do HTTP/1.1" 200 None
2026-02-23 21:13:24,129 - urllib3.connectionpool - DEBUG - Starting new HTTPS connection (1): reservation.knps.or.kr:443
2026-02-23 21:13:24,390 - urllib3.connectionpool - DEBUG - https://reservation.knps.or.kr:443 "POST /reservation/selectCampRemainSiteList.do HTTP/1.1" 200 None
2026-02-23 21:13:24,394 - urllib3.connectionpool - DEBUG - Starting new HTTPS connection (1): reservation.knps.or.kr:443
2026-02-23 21:13:24,643 - urllib3.connectionpool - DEBUG - https://reservation.knps.or.kr:443 "POST /reservation/selectCampRemainSiteList.do HTTP/1.1" 200 None
2026-02-23 21:13:24,654 - urllib3.connectionpool - DEBUG - Starting new HTTPS connection (1): reservation.knps.or.kr:443
2026-02-23 21:13:24,917 - urllib3.connectionpool - DEBUG - https://reservation.knps.or.kr:443 "POST /reservation/selectCampRemainSiteList.do HTTP/1.1" 200 None
2026-02-23 21:13:24,922 - urllib3.connectionpool - DEBUG - Starting new HTTPS connection (1): reservation.knps.or.kr:443
2026-02-23 21:13:25,180 - urllib3.connectionpool - DEBUG - https://reservation.knps.or.kr:443 "POST /reservation/selectCampRemainSiteList.do HTTP/1.1" 200 None
2026-02-23 21:13:25,182 - urllib3.connectionpool - DEBUG - Starting new HTTPS connection (1): reservation.knps.or.kr:443
2026-02-23 21:13:25,438 - urllib3.connectionpool - DEBUG - https://reservation.knps.or.kr:443 "POST /reservation/selectCampRemainSiteList.do HTTP/1.1" 200 None
2026-02-23 21:13:25,442 - urllib3.connectionpool - DEBUG - Starting new HTTPS connection (1): reservation.knps.or.kr:443
2026-02-23 21:13:25,694 - urllib3.connectionpool - DEBUG - https://reservation.knps.or.kr:443 "POST /reservation/selectCampRemainSiteList.do HTTP/1.1" 200 None
2026-02-23 21:13:25,698 - urllib3.connectionpool - DEBUG - Starting new HTTPS connection (1): reservation.knps.or.kr:443
2026-02-23 21:13:25,937 - urllib3.connectionpool - DEBUG - https://reservation.knps.or.kr:443 "POST /reservation/selectCampRemainSiteList.do HTTP/1.1" 200 None
2026-02-23 21:13:25,952 - urllib3.connectionpool - DEBUG - Starting new HTTPS connection (1): reservation.knps.or.kr:443
2026-02-23 21:13:26,212 - urllib3.connectionpool - DEBUG - https://reservation.knps.or.kr:443 "POST /reservation/selectCampRemainSiteList.do HTTP/1.1" 200 None
2026-02-23 21:13:26,214 - urllib3.connectionpool - DEBUG - Starting new HTTPS connection (1): reservation.knps.or.kr:443
2026-02-23 21:13:26,471 - urllib3.connectionpool - DEBUG - https://reservation.knps.or.kr:443 "POST /reservation/selectCampRemainSiteList.do HTTP/1.1" 200 None
2026-02-23 21:13:26,485 - httpcore.connection - DEBUG - close.started
2026-02-23 21:13:26,485 - httpcore.connection - DEBUG - close.complete
2026-02-23 21:13:26,485 - httpcore.connection - DEBUG - connect_tcp.started host='127.0.0.1' port=54321 local_address=None timeout=120 socket_options=None
2026-02-23 21:13:26,486 - httpcore.connection - DEBUG - connect_tcp.complete return_value=<httpcore._backends.sync.SyncStream object at 0x000001E2EC26F460>
2026-02-23 21:13:26,486 - httpcore.http11 - DEBUG - send_request_headers.started request=<Request [b'GET']>
2026-02-23 21:13:26,486 - httpcore.http11 - DEBUG - send_request_headers.complete
2026-02-23 21:13:26,487 - httpcore.http11 - DEBUG - send_request_body.started request=<Request [b'GET']>
2026-02-23 21:13:26,487 - httpcore.http11 - DEBUG - send_request_body.complete
2026-02-23 21:13:26,487 - httpcore.http11 - DEBUG - receive_response_headers.started request=<Request [b'GET']>
2026-02-23 21:13:26,494 - httpcore.http11 - DEBUG - receive_response_headers.complete return_value=(b'HTTP/1.1', 200, b'OK', [(b'Content-Type', b'application/json; charset=utf-8'), (b'Content-Length', b'2'), (b'Connection', b'keep-alive'), (b'Date', b'Mon, 23 Feb 2026 12:13:26 GMT'), (b'Server', b'postgrest/14.5'), (b'Content-Range', b'*/*'), (b'Content-Location', b'/notification_history?identifier=eq.20260313_%C3%AB%C2%8D%C2%95%C3%AC%C2%9C%C2%A0%C3%AC%C2%82%C2%B0_%C3%AC%C2%B9%C2%B4%C3%AB%C2%9D%C2%BC%C3%AB%C2%B0%C2%98&select=id&sent_at=gt.2026-02-22T21%3A13%3A26.484686'), (b'Content-Profile', b'public'), (b'Access-Control-Allow-Origin', b'*'), (b'X-Kong-Upstream-Latency', b'3'), (b'X-Kong-Proxy-Latency', b'0'), (b'Via', b'kong/2.8.1')])
2026-02-23 21:13:26,494 - httpx - INFO - HTTP Request: GET http://127.0.0.1:54321/rest/v1/notification_history?select=id&identifier=eq.20260313_%EB%8D%95%EC%9C%A0%EC%82%B0_%EC%B9%B4%EB%9D%BC%EB%B0%98&sent_at=gt.2026-02-22T21%3A13%3A26.484686 "HTTP/1.1 200 OK"
2026-02-23 21:13:26,494 - httpcore.http11 - DEBUG - receive_response_body.started request=<Request [b'GET']>
2026-02-23 21:13:26,494 - httpcore.http11 - DEBUG - receive_response_body.complete
2026-02-23 21:13:26,494 - httpcore.http11 - DEBUG - response_closed.started
2026-02-23 21:13:26,494 - httpcore.http11 - DEBUG - response_closed.complete
2026-02-23 21:13:26,495 - httpcore.http11 - DEBUG - send_request_headers.started request=<Request [b'GET']>
2026-02-23 21:13:26,495 - httpcore.http11 - DEBUG - send_request_headers.complete
2026-02-23 21:13:26,495 - httpcore.http11 - DEBUG - send_request_body.started request=<Request [b'GET']>
2026-02-23 21:13:26,495 - httpcore.http11 - DEBUG - send_request_body.complete
2026-02-23 21:13:26,495 - httpcore.http11 - DEBUG - receive_response_headers.started request=<Request [b'GET']>
2026-02-23 21:13:26,498 - httpcore.http11 - DEBUG - receive_response_headers.complete return_value=(b'HTTP/1.1', 200, b'OK', [(b'Content-Type', b'application/json; charset=utf-8'), (b'Content-Length', b'2'), (b'Connection', b'keep-alive'), (b'Date', b'Mon, 23 Feb 2026 12:13:26 GMT'), (b'Server', b'postgrest/14.5'), (b'Content-Range', b'*/*'), (b'Content-Location', b'/notification_history?identifier=eq.20260315_%C3%AB%C2%8D%C2%95%C3%AC%C2%9C%C2%A0%C3%AC%C2%82%C2%B0_%C3%AC%C2%B9%C2%B4%C3%AB%C2%9D%C2%BC%C3%AB%C2%B0%C2%98&select=id&sent_at=gt.2026-02-22T21%3A13%3A26.494903'), (b'Content-Profile', b'public'), (b'Access-Control-Allow-Origin', b'*'), (b'X-Kong-Upstream-Latency', b'1'), (b'X-Kong-Proxy-Latency', b'1'), (b'Via', b'kong/2.8.1')])
2026-02-23 21:13:26,499 - httpx - INFO - HTTP Request: GET http://127.0.0.1:54321/rest/v1/notification_history?select=id&identifier=eq.20260315_%EB%8D%95%EC%9C%A0%EC%82%B0_%EC%B9%B4%EB%9D%BC%EB%B0%98&sent_at=gt.2026-02-22T21%3A13%3A26.494903 "HTTP/1.1 200 OK"
2026-02-23 21:13:26,499 - httpcore.http11 - DEBUG - receive_response_body.started request=<Request [b'GET']>
2026-02-23 21:13:26,499 - httpcore.http11 - DEBUG - receive_response_body.complete
2026-02-23 21:13:26,499 - httpcore.http11 - DEBUG - response_closed.started
2026-02-23 21:13:26,499 - httpcore.http11 - DEBUG - response_closed.complete
2026-02-23 21:13:26,500 - httpcore.http11 - DEBUG - send_request_headers.started request=<Request [b'GET']>
2026-02-23 21:13:26,500 - httpcore.http11 - DEBUG - send_request_headers.complete
2026-02-23 21:13:26,500 - httpcore.http11 - DEBUG - send_request_body.started request=<Request [b'GET']>
2026-02-23 21:13:26,500 - httpcore.http11 - DEBUG - send_request_body.complete
2026-02-23 21:13:26,500 - httpcore.http11 - DEBUG - receive_response_headers.started request=<Request [b'GET']>
2026-02-23 21:13:26,503 - httpcore.http11 - DEBUG - receive_response_headers.complete return_value=(b'HTTP/1.1', 200, b'OK', [(b'Content-Type', b'application/json; charset=utf-8'), (b'Content-Length', b'2'), (b'Connection', b'keep-alive'), (b'Date', b'Mon, 23 Feb 2026 12:13:26 GMT'), (b'Server', b'postgrest/14.5'), (b'Content-Range', b'*/*'), (b'Content-Location', b'/notification_history?identifier=eq.20260316_%C3%AB%C2%8D%C2%95%C3%AC%C2%9C%C2%A0%C3%AC%C2%82%C2%B0_%C3%AC%C2%B9%C2%B4%C3%AB%C2%9D%C2%BC%C3%AB%C2%B0%C2%98&select=id&sent_at=gt.2026-02-22T21%3A13%3A26.499634'), (b'Content-Profile', b'public'), (b'Access-Control-Allow-Origin', b'*'), (b'X-Kong-Upstream-Latency', b'1'), (b'X-Kong-Proxy-Latency', b'1'), (b'Via', b'kong/2.8.1')])
2026-02-23 21:13:26,503 - httpx - INFO - HTTP Request: GET http://127.0.0.1:54321/rest/v1/notification_history?select=id&identifier=eq.20260316_%EB%8D%95%EC%9C%A0%EC%82%B0_%EC%B9%B4%EB%9D%BC%EB%B0%98&sent_at=gt.2026-02-22T21%3A13%3A26.499634 "HTTP/1.1 200 OK"
2026-02-23 21:13:26,503 - httpcore.http11 - DEBUG - receive_response_body.started request=<Request [b'GET']>
2026-02-23 21:13:26,503 - httpcore.http11 - DEBUG - receive_response_body.complete
2026-02-23 21:13:26,503 - httpcore.http11 - DEBUG - response_closed.started
2026-02-23 21:13:26,503 - httpcore.http11 - DEBUG - response_closed.complete
2026-02-23 21:13:26,504 - httpcore.http11 - DEBUG - send_request_headers.started request=<Request [b'GET']>
2026-02-23 21:13:26,504 - httpcore.http11 - DEBUG - send_request_headers.complete
2026-02-23 21:13:26,504 - httpcore.http11 - DEBUG - send_request_body.started request=<Request [b'GET']>
2026-02-23 21:13:26,504 - httpcore.http11 - DEBUG - send_request_body.complete
2026-02-23 21:13:26,504 - httpcore.http11 - DEBUG - receive_response_headers.started request=<Request [b'GET']>
2026-02-23 21:13:26,506 - httpcore.http11 - DEBUG - receive_response_headers.complete return_value=(b'HTTP/1.1', 200, b'OK', [(b'Content-Type', b'application/json; charset=utf-8'), (b'Content-Length', b'2'), (b'Connection', b'keep-alive'), (b'Date', b'Mon, 23 Feb 2026 12:13:26 GMT'), (b'Server', b'postgrest/14.5'), (b'Content-Range', b'*/*'), (b'Content-Location', b'/notification_history?identifier=eq.20260317_%C3%AB%C2%8D%C2%95%C3%AC%C2%9C%C2%A0%C3%AC%C2%82%C2%B0_%C3%AC%C2%B9%C2%B4%C3%AB%C2%9D%C2%BC%C3%AB%C2%B0%C2%98&select=id&sent_at=gt.2026-02-22T21%3A13%3A26.503714'), (b'Content-Profile', b'public'), (b'Access-Control-Allow-Origin', b'*'), (b'X-Kong-Upstream-Latency', b'1'), (b'X-Kong-Proxy-Latency', b'0'), (b'Via', b'kong/2.8.1')])
2026-02-23 21:13:26,506 - httpx - INFO - HTTP Request: GET http://127.0.0.1:54321/rest/v1/notification_history?select=id&identifier=eq.20260317_%EB%8D%95%EC%9C%A0%EC%82%B0_%EC%B9%B4%EB%9D%BC%EB%B0%98&sent_at=gt.2026-02-22T21%3A13%3A26.503714 "HTTP/1.1 200 OK"
2026-02-23 21:13:26,506 - httpcore.http11 - DEBUG - receive_response_body.started request=<Request [b'GET']>
2026-02-23 21:13:26,506 - httpcore.http11 - DEBUG - receive_response_body.complete
2026-02-23 21:13:26,506 - httpcore.http11 - DEBUG - response_closed.started
2026-02-23 21:13:26,507 - httpcore.http11 - DEBUG - response_closed.complete
2026-02-23 21:13:26,507 - httpcore.http11 - DEBUG - send_request_headers.started request=<Request [b'GET']>
2026-02-23 21:13:26,507 - httpcore.http11 - DEBUG - send_request_headers.complete
2026-02-23 21:13:26,507 - httpcore.http11 - DEBUG - send_request_body.started request=<Request [b'GET']>
2026-02-23 21:13:26,507 - httpcore.http11 - DEBUG - send_request_body.complete
2026-02-23 21:13:26,507 - httpcore.http11 - DEBUG - receive_response_headers.started request=<Request [b'GET']>
2026-02-23 21:13:26,510 - httpcore.http11 - DEBUG - receive_response_headers.complete return_value=(b'HTTP/1.1', 200, b'OK', [(b'Content-Type', b'application/json; charset=utf-8'), (b'Content-Length', b'2'), (b'Connection', b'keep-alive'), (b'Date', b'Mon, 23 Feb 2026 12:13:26 GMT'), (b'Server', b'postgrest/14.5'), (b'Content-Range', b'*/*'), (b'Content-Location', b'/notification_history?identifier=eq.20260319_%C3%AB%C2%8D%C2%95%C3%AC%C2%9C%C2%A0%C3%AC%C2%82%C2%B0_%C3%AC%C2%B9%C2%B4%C3%AB%C2%9D%C2%BC%C3%AB%C2%B0%C2%98&select=id&sent_at=gt.2026-02-22T21%3A13%3A26.507099'), (b'Content-Profile', b'public'), (b'Access-Control-Allow-Origin', b'*'), (b'X-Kong-Upstream-Latency', b'2'), (b'X-Kong-Proxy-Latency', b'0'), (b'Via', b'kong/2.8.1')])
2026-02-23 21:13:26,510 - httpx - INFO - HTTP Request: GET http://127.0.0.1:54321/rest/v1/notification_history?select=id&identifier=eq.20260319_%EB%8D%95%EC%9C%A0%EC%82%B0_%EC%B9%B4%EB%9D%BC%EB%B0%98&sent_at=gt.2026-02-22T21%3A13%3A26.507099 "HTTP/1.1 200 OK"
2026-02-23 21:13:26,510 - httpcore.http11 - DEBUG - receive_response_body.started request=<Request [b'GET']>
2026-02-23 21:13:26,510 - httpcore.http11 - DEBUG - receive_response_body.complete
2026-02-23 21:13:26,510 - httpcore.http11 - DEBUG - response_closed.started
2026-02-23 21:13:26,510 - httpcore.http11 - DEBUG - response_closed.complete
2026-02-23 21:13:26,511 - httpcore.http11 - DEBUG - send_request_headers.started request=<Request [b'GET']>
2026-02-23 21:13:26,511 - httpcore.http11 - DEBUG - send_request_headers.complete
2026-02-23 21:13:26,511 - httpcore.http11 - DEBUG - send_request_body.started request=<Request [b'GET']>
2026-02-23 21:13:26,511 - httpcore.http11 - DEBUG - send_request_body.complete
2026-02-23 21:13:26,511 - httpcore.http11 - DEBUG - receive_response_headers.started request=<Request [b'GET']>
2026-02-23 21:13:26,514 - httpcore.http11 - DEBUG - receive_response_headers.complete return_value=(b'HTTP/1.1', 200, b'OK', [(b'Content-Type', b'application/json; charset=utf-8'), (b'Content-Length', b'2'), (b'Connection', b'keep-alive'), (b'Date', b'Mon, 23 Feb 2026 12:13:26 GMT'), (b'Server', b'postgrest/14.5'), (b'Content-Range', b'*/*'), (b'Content-Location', b'/notification_history?identifier=eq.20260320_%C3%AB%C2%8D%C2%95%C3%AC%C2%9C%C2%A0%C3%AC%C2%82%C2%B0_%C3%AC%C2%B9%C2%B4%C3%AB%C2%9D%C2%BC%C3%AB%C2%B0%C2%98&select=id&sent_at=gt.2026-02-22T21%3A13%3A26.510925'), (b'Content-Profile', b'public'), (b'Access-Control-Allow-Origin', b'*'), (b'X-Kong-Upstream-Latency', b'1'), (b'X-Kong-Proxy-Latency', b'0'), (b'Via', b'kong/2.8.1')])
2026-02-23 21:13:26,514 - httpx - INFO - HTTP Request: GET http://127.0.0.1:54321/rest/v1/notification_history?select=id&identifier=eq.20260320_%EB%8D%95%EC%9C%A0%EC%82%B0_%EC%B9%B4%EB%9D%BC%EB%B0%98&sent_at=gt.2026-02-22T21%3A13%3A26.510925 "HTTP/1.1 200 OK"
2026-02-23 21:13:26,514 - httpcore.http11 - DEBUG - receive_response_body.started request=<Request [b'GET']>
2026-02-23 21:13:26,514 - httpcore.http11 - DEBUG - receive_response_body.complete
2026-02-23 21:13:26,514 - httpcore.http11 - DEBUG - response_closed.started
2026-02-23 21:13:26,514 - httpcore.http11 - DEBUG - response_closed.complete
2026-02-23 21:13:26,515 - httpcore.http11 - DEBUG - send_request_headers.started request=<Request [b'GET']>
2026-02-23 21:13:26,515 - httpcore.http11 - DEBUG - send_request_headers.complete
2026-02-23 21:13:26,516 - httpcore.http11 - DEBUG - send_request_body.started request=<Request [b'GET']>
2026-02-23 21:13:26,516 - httpcore.http11 - DEBUG - send_request_body.complete
2026-02-23 21:13:26,516 - httpcore.http11 - DEBUG - receive_response_headers.started request=<Request [b'GET']>
2026-02-23 21:13:26,518 - httpcore.http11 - DEBUG - receive_response_headers.complete return_value=(b'HTTP/1.1', 200, b'OK', [(b'Content-Type', b'application/json; charset=utf-8'), (b'Content-Length', b'2'), (b'Connection', b'keep-alive'), (b'Date', b'Mon, 23 Feb 2026 12:13:26 GMT'), (b'Server', b'postgrest/14.5'), (b'Content-Range', b'*/*'), (b'Content-Location', b'/notification_history?identifier=eq.20260322_%C3%AB%C2%8D%C2%95%C3%AC%C2%9C%C2%A0%C3%AC%C2%82%C2%B0_%C3%AC%C2%B9%C2%B4%C3%AB%C2%9D%C2%BC%C3%AB%C2%B0%C2%98&select=id&sent_at=gt.2026-02-22T21%3A13%3A26.515068'), (b'Content-Profile', b'public'), (b'Access-Control-Allow-Origin', b'*'), (b'X-Kong-Upstream-Latency', b'1'), (b'X-Kong-Proxy-Latency', b'0'), (b'Via', b'kong/2.8.1')])
2026-02-23 21:13:26,518 - httpx - INFO - HTTP Request: GET http://127.0.0.1:54321/rest/v1/notification_history?select=id&identifier=eq.20260322_%EB%8D%95%EC%9C%A0%EC%82%B0_%EC%B9%B4%EB%9D%BC%EB%B0%98&sent_at=gt.2026-02-22T21%3A13%3A26.515068 "HTTP/1.1 200 OK"
2026-02-23 21:13:26,518 - httpcore.http11 - DEBUG - receive_response_body.started request=<Request [b'GET']>
2026-02-23 21:13:26,518 - httpcore.http11 - DEBUG - receive_response_body.complete
2026-02-23 21:13:26,518 - httpcore.http11 - DEBUG - response_closed.started
2026-02-23 21:13:26,518 - httpcore.http11 - DEBUG - response_closed.complete
2026-02-23 21:13:26,519 - httpcore.http11 - DEBUG - send_request_headers.started request=<Request [b'GET']>
2026-02-23 21:13:26,519 - httpcore.http11 - DEBUG - send_request_headers.complete
2026-02-23 21:13:26,519 - httpcore.http11 - DEBUG - send_request_body.started request=<Request [b'GET']>
2026-02-23 21:13:26,519 - httpcore.http11 - DEBUG - send_request_body.complete
2026-02-23 21:13:26,519 - httpcore.http11 - DEBUG - receive_response_headers.started request=<Request [b'GET']>
2026-02-23 21:13:26,521 - httpcore.http11 - DEBUG - receive_response_headers.complete return_value=(b'HTTP/1.1', 200, b'OK', [(b'Content-Type', b'application/json; charset=utf-8'), (b'Content-Length', b'2'), (b'Connection', b'keep-alive'), (b'Date', b'Mon, 23 Feb 2026 12:13:26 GMT'), (b'Server', b'postgrest/14.5'), (b'Content-Range', b'*/*'), (b'Content-Location', b'/notification_history?identifier=eq.20260323_%C3%AB%C2%8D%C2%95%C3%AC%C2%9C%C2%A0%C3%AC%C2%82%C2%B0_%C3%AC%C2%B9%C2%B4%C3%AB%C2%9D%C2%BC%C3%AB%C2%B0%C2%98&select=id&sent_at=gt.2026-02-22T21%3A13%3A26.518827'), (b'Content-Profile', b'public'), (b'Access-Control-Allow-Origin', b'*'), (b'X-Kong-Upstream-Latency', b'1'), (b'X-Kong-Proxy-Latency', b'0'), (b'Via', b'kong/2.8.1')])
2026-02-23 21:13:26,521 - httpx - INFO - HTTP Request: GET http://127.0.0.1:54321/rest/v1/notification_history?select=id&identifier=eq.20260323_%EB%8D%95%EC%9C%A0%EC%82%B0_%EC%B9%B4%EB%9D%BC%EB%B0%98&sent_at=gt.2026-02-22T21%3A13%3A26.518827 "HTTP/1.1 200 OK"
2026-02-23 21:13:26,521 - httpcore.http11 - DEBUG - receive_response_body.started request=<Request [b'GET']>
2026-02-23 21:13:26,521 - httpcore.http11 - DEBUG - receive_response_body.complete
2026-02-23 21:13:26,521 - httpcore.http11 - DEBUG - response_closed.started
2026-02-23 21:13:26,521 - httpcore.http11 - DEBUG - response_closed.complete
2026-02-23 21:13:26,522 - httpcore.http11 - DEBUG - send_request_headers.started request=<Request [b'GET']>
2026-02-23 21:13:26,522 - httpcore.http11 - DEBUG - send_request_headers.complete
2026-02-23 21:13:26,522 - httpcore.http11 - DEBUG - send_request_body.started request=<Request [b'GET']>
2026-02-23 21:13:26,522 - httpcore.http11 - DEBUG - send_request_body.complete
2026-02-23 21:13:26,522 - httpcore.http11 - DEBUG - receive_response_headers.started request=<Request [b'GET']>
2026-02-23 21:13:26,524 - httpcore.http11 - DEBUG - receive_response_headers.complete return_value=(b'HTTP/1.1', 200, b'OK', [(b'Content-Type', b'application/json; charset=utf-8'), (b'Content-Length', b'2'), (b'Connection', b'keep-alive'), (b'Date', b'Mon, 23 Feb 2026 12:13:26 GMT'), (b'Server', b'postgrest/14.5'), (b'Content-Range', b'*/*'), (b'Content-Location', b'/notification_history?identifier=eq.20260324_%C3%AB%C2%8D%C2%95%C3%AC%C2%9C%C2%A0%C3%AC%C2%82%C2%B0_%C3%AC%C2%B9%C2%B4%C3%AB%C2%9D%C2%BC%C3%AB%C2%B0%C2%98&select=id&sent_at=gt.2026-02-22T21%3A13%3A26.521865'), (b'Content-Profile', b'public'), (b'Access-Control-Allow-Origin', b'*'), (b'X-Kong-Upstream-Latency', b'1'), (b'X-Kong-Proxy-Latency', b'0'), (b'Via', b'kong/2.8.1')])
2026-02-23 21:13:26,525 - httpx - INFO - HTTP Request: GET http://127.0.0.1:54321/rest/v1/notification_history?select=id&identifier=eq.20260324_%EB%8D%95%EC%9C%A0%EC%82%B0_%EC%B9%B4%EB%9D%BC%EB%B0%98&sent_at=gt.2026-02-22T21%3A13%3A26.521865 "HTTP/1.1 200 OK"
2026-02-23 21:13:26,525 - httpcore.http11 - DEBUG - receive_response_body.started request=<Request [b'GET']>
2026-02-23 21:13:26,525 - httpcore.http11 - DEBUG - receive_response_body.complete
2026-02-23 21:13:26,525 - httpcore.http11 - DEBUG - response_closed.started
2026-02-23 21:13:26,525 - httpcore.http11 - DEBUG - response_closed.complete
2026-02-23 21:13:26,525 - httpcore.http11 - DEBUG - send_request_headers.started request=<Request [b'GET']>
2026-02-23 21:13:26,526 - httpcore.http11 - DEBUG - send_request_headers.complete
2026-02-23 21:13:26,526 - httpcore.http11 - DEBUG - send_request_body.started request=<Request [b'GET']>
2026-02-23 21:13:26,526 - httpcore.http11 - DEBUG - send_request_body.complete
2026-02-23 21:13:26,526 - httpcore.http11 - DEBUG - receive_response_headers.started request=<Request [b'GET']>
2026-02-23 21:13:26,530 - httpcore.http11 - DEBUG - receive_response_headers.complete return_value=(b'HTTP/1.1', 200, b'OK', [(b'Content-Type', b'application/json; charset=utf-8'), (b'Content-Length', b'2'), (b'Connection', b'keep-alive'), (b'Date', b'Mon, 23 Feb 2026 12:13:26 GMT'), (b'Server', b'postgrest/14.5'), (b'Content-Range', b'*/*'), (b'Content-Location', b'/notification_history?identifier=eq.20260326_%C3%AB%C2%8D%C2%95%C3%AC%C2%9C%C2%A0%C3%AC%C2%82%C2%B0_%C3%AC%C2%B9%C2%B4%C3%AB%C2%9D%C2%BC%C3%AB%C2%B0%C2%98&select=id&sent_at=gt.2026-02-22T21%3A13%3A26.525505'), (b'Content-Profile', b'public'), (b'Access-Control-Allow-Origin', b'*'), (b'X-Kong-Upstream-Latency', b'2'), (b'X-Kong-Proxy-Latency', b'0'), (b'Via', b'kong/2.8.1')])
2026-02-23 21:13:26,530 - httpx - INFO - HTTP Request: GET http://127.0.0.1:54321/rest/v1/notification_history?select=id&identifier=eq.20260326_%EB%8D%95%EC%9C%A0%EC%82%B0_%EC%B9%B4%EB%9D%BC%EB%B0%98&sent_at=gt.2026-02-22T21%3A13%3A26.525505 "HTTP/1.1 200 OK"
2026-02-23 21:13:26,530 - httpcore.http11 - DEBUG - receive_response_body.started request=<Request [b'GET']>
2026-02-23 21:13:26,530 - httpcore.http11 - DEBUG - receive_response_body.complete
2026-02-23 21:13:26,530 - httpcore.http11 - DEBUG - response_closed.started
2026-02-23 21:13:26,530 - httpcore.http11 - DEBUG - response_closed.complete
2026-02-23 21:13:26,531 - httpcore.http11 - DEBUG - send_request_headers.started request=<Request [b'GET']>
2026-02-23 21:13:26,531 - httpcore.http11 - DEBUG - send_request_headers.complete
2026-02-23 21:13:26,531 - httpcore.http11 - DEBUG - send_request_body.started request=<Request [b'GET']>
2026-02-23 21:13:26,531 - httpcore.http11 - DEBUG - send_request_body.complete
2026-02-23 21:13:26,531 - httpcore.http11 - DEBUG - receive_response_headers.started request=<Request [b'GET']>
2026-02-23 21:13:26,538 - httpcore.http11 - DEBUG - receive_response_headers.complete return_value=(b'HTTP/1.1', 200, b'OK', [(b'Content-Type', b'application/json; charset=utf-8'), (b'Content-Length', b'2'), (b'Connection', b'keep-alive'), (b'Date', b'Mon, 23 Feb 2026 12:13:26 GMT'), (b'Server', b'postgrest/14.5'), (b'Content-Range', b'*/*'), (b'Content-Location', b'/notification_history?identifier=eq.20260327_%C3%AB%C2%8D%C2%95%C3%AC%C2%9C%C2%A0%C3%AC%C2%82%C2%B0_%C3%AC%C2%B9%C2%B4%C3%AB%C2%9D%C2%BC%C3%AB%C2%B0%C2%98&select=id&sent_at=gt.2026-02-22T21%3A13%3A26.530751'), (b'Content-Profile', b'public'), (b'Access-Control-Allow-Origin', b'*'), (b'X-Kong-Upstream-Latency', b'2'), (b'X-Kong-Proxy-Latency', b'3'), (b'Via', b'kong/2.8.1')])
2026-02-23 21:13:26,538 - httpx - INFO - HTTP Request: GET http://127.0.0.1:54321/rest/v1/notification_history?select=id&identifier=eq.20260327_%EB%8D%95%EC%9C%A0%EC%82%B0_%EC%B9%B4%EB%9D%BC%EB%B0%98&sent_at=gt.2026-02-22T21%3A13%3A26.530751 "HTTP/1.1 200 OK"
2026-02-23 21:13:26,538 - httpcore.http11 - DEBUG - receive_response_body.started request=<Request [b'GET']>
2026-02-23 21:13:26,538 - httpcore.http11 - DEBUG - receive_response_body.complete
2026-02-23 21:13:26,538 - httpcore.http11 - DEBUG - response_closed.started
2026-02-23 21:13:26,538 - httpcore.http11 - DEBUG - response_closed.complete
2026-02-23 21:13:26,539 - httpcore.http11 - DEBUG - send_request_headers.started request=<Request [b'GET']>
2026-02-23 21:13:26,539 - httpcore.http11 - DEBUG - send_request_headers.complete
2026-02-23 21:13:26,539 - httpcore.http11 - DEBUG - send_request_body.started request=<Request [b'GET']>
2026-02-23 21:13:26,539 - httpcore.http11 - DEBUG - send_request_body.complete
2026-02-23 21:13:26,539 - httpcore.http11 - DEBUG - receive_response_headers.started request=<Request [b'GET']>
2026-02-23 21:13:26,541 - httpcore.http11 - DEBUG - receive_response_headers.complete return_value=(b'HTTP/1.1', 200, b'OK', [(b'Content-Type', b'application/json; charset=utf-8'), (b'Content-Length', b'2'), (b'Connection', b'keep-alive'), (b'Date', b'Mon, 23 Feb 2026 12:13:26 GMT'), (b'Server', b'postgrest/14.5'), (b'Content-Range', b'*/*'), (b'Content-Location', b'/notification_history?identifier=eq.20260329_%C3%AB%C2%8D%C2%95%C3%AC%C2%9C%C2%A0%C3%AC%C2%82%C2%B0_%C3%AC%C2%B9%C2%B4%C3%AB%C2%9D%C2%BC%C3%AB%C2%B0%C2%98&select=id&sent_at=gt.2026-02-22T21%3A13%3A26.538985'), (b'Content-Profile', b'public'), (b'Access-Control-Allow-Origin', b'*'), (b'X-Kong-Upstream-Latency', b'1'), (b'X-Kong-Proxy-Latency', b'0'), (b'Via', b'kong/2.8.1')])
2026-02-23 21:13:26,541 - httpx - INFO - HTTP Request: GET http://127.0.0.1:54321/rest/v1/notification_history?select=id&identifier=eq.20260329_%EB%8D%95%EC%9C%A0%EC%82%B0_%EC%B9%B4%EB%9D%BC%EB%B0%98&sent_at=gt.2026-02-22T21%3A13%3A26.538985 "HTTP/1.1 200 OK"
2026-02-23 21:13:26,541 - httpcore.http11 - DEBUG - receive_response_body.started request=<Request [b'GET']>
2026-02-23 21:13:26,541 - httpcore.http11 - DEBUG - receive_response_body.complete
2026-02-23 21:13:26,542 - httpcore.http11 - DEBUG - response_closed.started
2026-02-23 21:13:26,542 - httpcore.http11 - DEBUG - response_closed.complete
2026-02-23 21:13:26,542 - httpcore.http11 - DEBUG - send_request_headers.started request=<Request [b'GET']>
2026-02-23 21:13:26,543 - httpcore.http11 - DEBUG - send_request_headers.complete
2026-02-23 21:13:26,543 - httpcore.http11 - DEBUG - send_request_body.started request=<Request [b'GET']>
2026-02-23 21:13:26,543 - httpcore.http11 - DEBUG - send_request_body.complete
2026-02-23 21:13:26,543 - httpcore.http11 - DEBUG - receive_response_headers.started request=<Request [b'GET']>
2026-02-23 21:13:26,545 - httpcore.http11 - DEBUG - receive_response_headers.complete return_value=(b'HTTP/1.1', 200, b'OK', [(b'Content-Type', b'application/json; charset=utf-8'), (b'Content-Length', b'2'), (b'Connection', b'keep-alive'), (b'Date', b'Mon, 23 Feb 2026 12:13:26 GMT'), (b'Server', b'postgrest/14.5'), (b'Content-Range', b'*/*'), (b'Content-Location', b'/notification_history?identifier=eq.20260330_%C3%AB%C2%8D%C2%95%C3%AC%C2%9C%C2%A0%C3%AC%C2%82%C2%B0_%C3%AC%C2%B9%C2%B4%C3%AB%C2%9D%C2%BC%C3%AB%C2%B0%C2%98&select=id&sent_at=gt.2026-02-22T21%3A13%3A26.542179'), (b'Content-Profile', b'public'), (b'Access-Control-Allow-Origin', b'*'), (b'X-Kong-Upstream-Latency', b'1'), (b'X-Kong-Proxy-Latency', b'0'), (b'Via', b'kong/2.8.1')])
2026-02-23 21:13:26,545 - httpx - INFO - HTTP Request: GET http://127.0.0.1:54321/rest/v1/notification_history?select=id&identifier=eq.20260330_%EB%8D%95%EC%9C%A0%EC%82%B0_%EC%B9%B4%EB%9D%BC%EB%B0%98&sent_at=gt.2026-02-22T21%3A13%3A26.542179 "HTTP/1.1 200 OK"
2026-02-23 21:13:26,545 - httpcore.http11 - DEBUG - receive_response_body.started request=<Request [b'GET']>
2026-02-23 21:13:26,545 - httpcore.http11 - DEBUG - receive_response_body.complete
2026-02-23 21:13:26,545 - httpcore.http11 - DEBUG - response_closed.started
2026-02-23 21:13:26,545 - httpcore.http11 - DEBUG - response_closed.complete
2026-02-23 21:13:26,545 - httpcore.http11 - DEBUG - send_request_headers.started request=<Request [b'GET']>
2026-02-23 21:13:26,546 - httpcore.http11 - DEBUG - send_request_headers.complete
2026-02-23 21:13:26,546 - httpcore.http11 - DEBUG - send_request_body.started request=<Request [b'GET']>
2026-02-23 21:13:26,546 - httpcore.http11 - DEBUG - send_request_body.complete
2026-02-23 21:13:26,546 - httpcore.http11 - DEBUG - receive_response_headers.started request=<Request [b'GET']>
2026-02-23 21:13:26,548 - httpcore.http11 - DEBUG - receive_response_headers.complete return_value=(b'HTTP/1.1', 200, b'OK', [(b'Content-Type', b'application/json; charset=utf-8'), (b'Content-Length', b'2'), (b'Connection', b'keep-alive'), (b'Date', b'Mon, 23 Feb 2026 12:13:26 GMT'), (b'Server', b'postgrest/14.5'), (b'Content-Range', b'*/*'), (b'Content-Location', b'/notification_history?identifier=eq.20260331_%C3%AB%C2%8D%C2%95%C3%AC%C2%9C%C2%A0%C3%AC%C2%82%C2%B0_%C3%AC%C2%B9%C2%B4%C3%AB%C2%9D%C2%BC%C3%AB%C2%B0%C2%98&select=id&sent_at=gt.2026-02-22T21%3A13%3A26.545638'), (b'Content-Profile', b'public'), (b'Access-Control-Allow-Origin', b'*'), (b'X-Kong-Upstream-Latency', b'1'), (b'X-Kong-Proxy-Latency', b'0'), (b'Via', b'kong/2.8.1')])
2026-02-23 21:13:26,548 - httpx - INFO - HTTP Request: GET http://127.0.0.1:54321/rest/v1/notification_history?select=id&identifier=eq.20260331_%EB%8D%95%EC%9C%A0%EC%82%B0_%EC%B9%B4%EB%9D%BC%EB%B0%98&sent_at=gt.2026-02-22T21%3A13%3A26.545638 "HTTP/1.1 200 OK"
2026-02-23 21:13:26,549 - httpcore.http11 - DEBUG - receive_response_body.started request=<Request [b'GET']>
2026-02-23 21:13:26,549 - httpcore.http11 - DEBUG - receive_response_body.complete
2026-02-23 21:13:26,549 - httpcore.http11 - DEBUG - response_closed.started
2026-02-23 21:13:26,549 - httpcore.http11 - DEBUG - response_closed.complete
2026-02-23 21:13:26,549 - __main__ - INFO - DEBUG: Sending notification for 14 items. Token len: 46
2026-02-23 21:13:26,550 - urllib3.connectionpool - DEBUG - Starting new HTTPS connection (1): api.telegram.org:443
2026-02-23 21:13:27,582 - urllib3.connectionpool - DEBUG - https://api.telegram.org:443 "POST /bot8549985747:AAF9TlQvwFqTbx2ZZZoTOOQ_dzKOeZaMRcg/sendMessage HTTP/1.1" 200 3069
2026-02-23 21:13:27,583 - httpcore.http11 - DEBUG - send_request_headers.started request=<Request [b'POST']>
2026-02-23 21:13:27,584 - httpcore.http11 - DEBUG - send_request_headers.complete
2026-02-23 21:13:27,584 - httpcore.http11 - DEBUG - send_request_body.started request=<Request [b'POST']>
2026-02-23 21:13:27,585 - httpcore.http11 - DEBUG - send_request_body.complete
2026-02-23 21:13:27,585 - httpcore.http11 - DEBUG - receive_response_headers.started request=<Request [b'POST']>
2026-02-23 21:13:27,592 - httpcore.http11 - DEBUG - receive_response_headers.complete return_value=(b'HTTP/1.1', 201, b'Created', [(b'Content-Type', b'application/json; charset=utf-8'), (b'Content-Length', b'99'), (b'Connection', b'keep-alive'), (b'Date', b'Mon, 23 Feb 2026 12:13:27 GMT'), (b'Server', b'postgrest/14.5'), (b'Content-Range', b'*/*'), (b'Preference-Applied', b'return=representation'), (b'Content-Profile', b'public'), (b'Access-Control-Allow-Origin', b'*'), (b'X-Kong-Upstream-Latency', b'5'), (b'X-Kong-Proxy-Latency', b'1'), (b'Via', b'kong/2.8.1')])
2026-02-23 21:13:27,593 - httpx - INFO - HTTP Request: POST http://127.0.0.1:54321/rest/v1/notification_history "HTTP/1.1 201 Created"
2026-02-23 21:13:27,593 - httpcore.http11 - DEBUG - receive_response_body.started request=<Request [b'POST']>
2026-02-23 21:13:27,593 - httpcore.http11 - DEBUG - receive_response_body.complete
2026-02-23 21:13:27,593 - httpcore.http11 - DEBUG - response_closed.started
2026-02-23 21:13:27,593 - httpcore.http11 - DEBUG - response_closed.complete
2026-02-23 21:13:27,594 - httpcore.http11 - DEBUG - send_request_headers.started request=<Request [b'POST']>
2026-02-23 21:13:27,594 - httpcore.http11 - DEBUG - send_request_headers.complete
2026-02-23 21:13:27,594 - httpcore.http11 - DEBUG - send_request_body.started request=<Request [b'POST']>
2026-02-23 21:13:27,595 - httpcore.http11 - DEBUG - send_request_body.complete
2026-02-23 21:13:27,595 - httpcore.http11 - DEBUG - receive_response_headers.started request=<Request [b'POST']>
2026-02-23 21:13:27,598 - httpcore.http11 - DEBUG - receive_response_headers.complete return_value=(b'HTTP/1.1', 201, b'Created', [(b'Content-Type', b'application/json; charset=utf-8'), (b'Content-Length', b'98'), (b'Connection', b'keep-alive'), (b'Date', b'Mon, 23 Feb 2026 12:13:27 GMT'), (b'Server', b'postgrest/14.5'), (b'Content-Range', b'*/*'), (b'Preference-Applied', b'return=representation'), (b'Content-Profile', b'public'), (b'Access-Control-Allow-Origin', b'*'), (b'X-Kong-Upstream-Latency', b'2'), (b'X-Kong-Proxy-Latency', b'1'), (b'Via', b'kong/2.8.1')])
2026-02-23 21:13:27,600 - httpx - INFO - HTTP Request: POST http://127.0.0.1:54321/rest/v1/notification_history "HTTP/1.1 201 Created"
2026-02-23 21:13:27,600 - httpcore.http11 - DEBUG - receive_response_body.started request=<Request [b'POST']>
2026-02-23 21:13:27,600 - httpcore.http11 - DEBUG - receive_response_body.complete
2026-02-23 21:13:27,601 - httpcore.http11 - DEBUG - response_closed.started
2026-02-23 21:13:27,601 - httpcore.http11 - DEBUG - response_closed.complete
2026-02-23 21:13:27,601 - httpcore.http11 - DEBUG - send_request_headers.started request=<Request [b'POST']>
2026-02-23 21:13:27,602 - httpcore.http11 - DEBUG - send_request_headers.complete
2026-02-23 21:13:27,602 - httpcore.http11 - DEBUG - send_request_body.started request=<Request [b'POST']>
2026-02-23 21:13:27,603 - httpcore.http11 - DEBUG - send_request_body.complete
2026-02-23 21:13:27,603 - httpcore.http11 - DEBUG - receive_response_headers.started request=<Request [b'POST']>
2026-02-23 21:13:27,607 - httpcore.http11 - DEBUG - receive_response_headers.complete return_value=(b'HTTP/1.1', 201, b'Created', [(b'Content-Type', b'application/json; charset=utf-8'), (b'Content-Length', b'99'), (b'Connection', b'keep-alive'), (b'Date', b'Mon, 23 Feb 2026 12:13:27 GMT'), (b'Server', b'postgrest/14.5'), (b'Content-Range', b'*/*'), (b'Preference-Applied', b'return=representation'), (b'Content-Profile', b'public'), (b'Access-Control-Allow-Origin', b'*'), (b'X-Kong-Upstream-Latency', b'3'), (b'X-Kong-Proxy-Latency', b'1'), (b'Via', b'kong/2.8.1')])
2026-02-23 21:13:27,607 - httpx - INFO - HTTP Request: POST http://127.0.0.1:54321/rest/v1/notification_history "HTTP/1.1 201 Created"
2026-02-23 21:13:27,607 - httpcore.http11 - DEBUG - receive_response_body.started request=<Request [b'POST']>
2026-02-23 21:13:27,607 - httpcore.http11 - DEBUG - receive_response_body.complete
2026-02-23 21:13:27,607 - httpcore.http11 - DEBUG - response_closed.started
2026-02-23 21:13:27,608 - httpcore.http11 - DEBUG - response_closed.complete
2026-02-23 21:13:27,608 - httpcore.http11 - DEBUG - send_request_headers.started request=<Request [b'POST']>
2026-02-23 21:13:27,608 - httpcore.http11 - DEBUG - send_request_headers.complete
2026-02-23 21:13:27,609 - httpcore.http11 - DEBUG - send_request_body.started request=<Request [b'POST']>
2026-02-23 21:13:27,609 - httpcore.http11 - DEBUG - send_request_body.complete
2026-02-23 21:13:27,609 - httpcore.http11 - DEBUG - receive_response_headers.started request=<Request [b'POST']>
2026-02-23 21:13:27,613 - httpcore.http11 - DEBUG - receive_response_headers.complete return_value=(b'HTTP/1.1', 201, b'Created', [(b'Content-Type', b'application/json; charset=utf-8'), (b'Content-Length', b'99'), (b'Connection', b'keep-alive'), (b'Date', b'Mon, 23 Feb 2026 12:13:27 GMT'), (b'Server', b'postgrest/14.5'), (b'Content-Range', b'*/*'), (b'Preference-Applied', b'return=representation'), (b'Content-Profile', b'public'), (b'Access-Control-Allow-Origin', b'*'), (b'X-Kong-Upstream-Latency', b'3'), (b'X-Kong-Proxy-Latency', b'0'), (b'Via', b'kong/2.8.1')])
2026-02-23 21:13:27,613 - httpx - INFO - HTTP Request: POST http://127.0.0.1:54321/rest/v1/notification_history "HTTP/1.1 201 Created"
2026-02-23 21:13:27,614 - httpcore.http11 - DEBUG - receive_response_body.started request=<Request [b'POST']>
2026-02-23 21:13:27,614 - httpcore.http11 - DEBUG - receive_response_body.complete
2026-02-23 21:13:27,614 - httpcore.http11 - DEBUG - response_closed.started
2026-02-23 21:13:27,614 - httpcore.http11 - DEBUG - response_closed.complete
2026-02-23 21:13:27,615 - httpcore.http11 - DEBUG - send_request_headers.started request=<Request [b'POST']>
2026-02-23 21:13:27,615 - httpcore.http11 - DEBUG - send_request_headers.complete
2026-02-23 21:13:27,615 - httpcore.http11 - DEBUG - send_request_body.started request=<Request [b'POST']>
2026-02-23 21:13:27,615 - httpcore.http11 - DEBUG - send_request_body.complete
2026-02-23 21:13:27,616 - httpcore.http11 - DEBUG - receive_response_headers.started request=<Request [b'POST']>
2026-02-23 21:13:27,621 - httpcore.http11 - DEBUG - receive_response_headers.complete return_value=(b'HTTP/1.1', 201, b'Created', [(b'Content-Type', b'application/json; charset=utf-8'), (b'Content-Length', b'99'), (b'Connection', b'keep-alive'), (b'Date', b'Mon, 23 Feb 2026 12:13:27 GMT'), (b'Server', b'postgrest/14.5'), (b'Content-Range', b'*/*'), (b'Preference-Applied', b'return=representation'), (b'Content-Profile', b'public'), (b'Access-Control-Allow-Origin', b'*'), (b'X-Kong-Upstream-Latency', b'4'), (b'X-Kong-Proxy-Latency', b'0'), (b'Via', b'kong/2.8.1')])
2026-02-23 21:13:27,621 - httpx - INFO - HTTP Request: POST http://127.0.0.1:54321/rest/v1/notification_history "HTTP/1.1 201 Created"
2026-02-23 21:13:27,621 - httpcore.http11 - DEBUG - receive_response_body.started request=<Request [b'POST']>
2026-02-23 21:13:27,621 - httpcore.http11 - DEBUG - receive_response_body.complete
2026-02-23 21:13:27,621 - httpcore.http11 - DEBUG - response_closed.started
2026-02-23 21:13:27,622 - httpcore.http11 - DEBUG - response_closed.complete
2026-02-23 21:13:27,622 - httpcore.http11 - DEBUG - send_request_headers.started request=<Request [b'POST']>
2026-02-23 21:13:27,623 - httpcore.http11 - DEBUG - send_request_headers.complete
2026-02-23 21:13:27,623 - httpcore.http11 - DEBUG - send_request_body.started request=<Request [b'POST']>
2026-02-23 21:13:27,623 - httpcore.http11 - DEBUG - send_request_body.complete
2026-02-23 21:13:27,623 - httpcore.http11 - DEBUG - receive_response_headers.started request=<Request [b'POST']>
2026-02-23 21:13:27,627 - httpcore.http11 - DEBUG - receive_response_headers.complete return_value=(b'HTTP/1.1', 201, b'Created', [(b'Content-Type', b'application/json; charset=utf-8'), (b'Content-Length', b'99'), (b'Connection', b'keep-alive'), (b'Date', b'Mon, 23 Feb 2026 12:13:27 GMT'), (b'Server', b'postgrest/14.5'), (b'Content-Range', b'*/*'), (b'Preference-Applied', b'return=representation'), (b'Content-Profile', b'public'), (b'Access-Control-Allow-Origin', b'*'), (b'X-Kong-Upstream-Latency', b'3'), (b'X-Kong-Proxy-Latency', b'0'), (b'Via', b'kong/2.8.1')])
2026-02-23 21:13:27,627 - httpx - INFO - HTTP Request: POST http://127.0.0.1:54321/rest/v1/notification_history "HTTP/1.1 201 Created"
2026-02-23 21:13:27,627 - httpcore.http11 - DEBUG - receive_response_body.started request=<Request [b'POST']>
2026-02-23 21:13:27,627 - httpcore.http11 - DEBUG - receive_response_body.complete
2026-02-23 21:13:27,627 - httpcore.http11 - DEBUG - response_closed.started
2026-02-23 21:13:27,627 - httpcore.http11 - DEBUG - response_closed.complete
2026-02-23 21:13:27,628 - httpcore.http11 - DEBUG - send_request_headers.started request=<Request [b'POST']>
2026-02-23 21:13:27,628 - httpcore.http11 - DEBUG - send_request_headers.complete
2026-02-23 21:13:27,628 - httpcore.http11 - DEBUG - send_request_body.started request=<Request [b'POST']>
2026-02-23 21:13:27,629 - httpcore.http11 - DEBUG - send_request_body.complete
2026-02-23 21:13:27,629 - httpcore.http11 - DEBUG - receive_response_headers.started request=<Request [b'POST']>
2026-02-23 21:13:27,632 - httpcore.http11 - DEBUG - receive_response_headers.complete return_value=(b'HTTP/1.1', 201, b'Created', [(b'Content-Type', b'application/json; charset=utf-8'), (b'Content-Length', b'99'), (b'Connection', b'keep-alive'), (b'Date', b'Mon, 23 Feb 2026 12:13:27 GMT'), (b'Server', b'postgrest/14.5'), (b'Content-Range', b'*/*'), (b'Preference-Applied', b'return=representation'), (b'Content-Profile', b'public'), (b'Access-Control-Allow-Origin', b'*'), (b'X-Kong-Upstream-Latency', b'2'), (b'X-Kong-Proxy-Latency', b'1'), (b'Via', b'kong/2.8.1')])
2026-02-23 21:13:27,632 - httpx - INFO - HTTP Request: POST http://127.0.0.1:54321/rest/v1/notification_history "HTTP/1.1 201 Created"
2026-02-23 21:13:27,632 - httpcore.http11 - DEBUG - receive_response_body.started request=<Request [b'POST']>
2026-02-23 21:13:27,633 - httpcore.http11 - DEBUG - receive_response_body.complete
2026-02-23 21:13:27,633 - httpcore.http11 - DEBUG - response_closed.started
2026-02-23 21:13:27,633 - httpcore.http11 - DEBUG - response_closed.complete
2026-02-23 21:13:27,634 - httpcore.http11 - DEBUG - send_request_headers.started request=<Request [b'POST']>
2026-02-23 21:13:27,634 - httpcore.http11 - DEBUG - send_request_headers.complete
2026-02-23 21:13:27,634 - httpcore.http11 - DEBUG - send_request_body.started request=<Request [b'POST']>
2026-02-23 21:13:27,634 - httpcore.http11 - DEBUG - send_request_body.complete
2026-02-23 21:13:27,634 - httpcore.http11 - DEBUG - receive_response_headers.started request=<Request [b'POST']>
2026-02-23 21:13:27,639 - httpcore.http11 - DEBUG - receive_response_headers.complete return_value=(b'HTTP/1.1', 201, b'Created', [(b'Content-Type', b'application/json; charset=utf-8'), (b'Content-Length', b'99'), (b'Connection', b'keep-alive'), (b'Date', b'Mon, 23 Feb 2026 12:13:27 GMT'), (b'Server', b'postgrest/14.5'), (b'Content-Range', b'*/*'), (b'Preference-Applied', b'return=representation'), (b'Content-Profile', b'public'), (b'Access-Control-Allow-Origin', b'*'), (b'X-Kong-Upstream-Latency', b'2'), (b'X-Kong-Proxy-Latency', b'1'), (b'Via', b'kong/2.8.1')])
2026-02-23 21:13:27,639 - httpx - INFO - HTTP Request: POST http://127.0.0.1:54321/rest/v1/notification_history "HTTP/1.1 201 Created"
2026-02-23 21:13:27,639 - httpcore.http11 - DEBUG - receive_response_body.started request=<Request [b'POST']>
2026-02-23 21:13:27,639 - httpcore.http11 - DEBUG - receive_response_body.complete
2026-02-23 21:13:27,639 - httpcore.http11 - DEBUG - response_closed.started
2026-02-23 21:13:27,639 - httpcore.http11 - DEBUG - response_closed.complete
2026-02-23 21:13:27,640 - httpcore.http11 - DEBUG - send_request_headers.started request=<Request [b'POST']>
2026-02-23 21:13:27,640 - httpcore.http11 - DEBUG - send_request_headers.complete
2026-02-23 21:13:27,641 - httpcore.http11 - DEBUG - send_request_body.started request=<Request [b'POST']>
2026-02-23 21:13:27,641 - httpcore.http11 - DEBUG - send_request_body.complete
2026-02-23 21:13:27,641 - httpcore.http11 - DEBUG - receive_response_headers.started request=<Request [b'POST']>
2026-02-23 21:13:27,647 - httpcore.http11 - DEBUG - receive_response_headers.complete return_value=(b'HTTP/1.1', 201, b'Created', [(b'Content-Type', b'application/json; charset=utf-8'), (b'Content-Length', b'97'), (b'Connection', b'keep-alive'), (b'Date', b'Mon, 23 Feb 2026 12:13:27 GMT'), (b'Server', b'postgrest/14.5'), (b'Content-Range', b'*/*'), (b'Preference-Applied', b'return=representation'), (b'Content-Profile', b'public'), (b'Access-Control-Allow-Origin', b'*'), (b'X-Kong-Upstream-Latency', b'4'), (b'X-Kong-Proxy-Latency', b'1'), (b'Via', b'kong/2.8.1')])
2026-02-23 21:13:27,647 - httpx - INFO - HTTP Request: POST http://127.0.0.1:54321/rest/v1/notification_history "HTTP/1.1 201 Created"
2026-02-23 21:13:27,648 - httpcore.http11 - DEBUG - receive_response_body.started request=<Request [b'POST']>
2026-02-23 21:13:27,648 - httpcore.http11 - DEBUG - receive_response_body.complete
2026-02-23 21:13:27,648 - httpcore.http11 - DEBUG - response_closed.started
2026-02-23 21:13:27,648 - httpcore.http11 - DEBUG - response_closed.complete
2026-02-23 21:13:27,649 - httpcore.http11 - DEBUG - send_request_headers.started request=<Request [b'POST']>
2026-02-23 21:13:27,649 - httpcore.http11 - DEBUG - send_request_headers.complete
2026-02-23 21:13:27,650 - httpcore.http11 - DEBUG - send_request_body.started request=<Request [b'POST']>
2026-02-23 21:13:27,650 - httpcore.http11 - DEBUG - send_request_body.complete
2026-02-23 21:13:27,650 - httpcore.http11 - DEBUG - receive_response_headers.started request=<Request [b'POST']>
2026-02-23 21:13:27,655 - httpcore.http11 - DEBUG - receive_response_headers.complete return_value=(b'HTTP/1.1', 201, b'Created', [(b'Content-Type', b'application/json; charset=utf-8'), (b'Content-Length', b'100'), (b'Connection', b'keep-alive'), (b'Date', b'Mon, 23 Feb 2026 12:13:27 GMT'), (b'Server', b'postgrest/14.5'), (b'Content-Range', b'*/*'), (b'Preference-Applied', b'return=representation'), (b'Content-Profile', b'public'), (b'Access-Control-Allow-Origin', b'*'), (b'X-Kong-Upstream-Latency', b'4'), (b'X-Kong-Proxy-Latency', b'0'), (b'Via', b'kong/2.8.1')])
2026-02-23 21:13:27,655 - httpx - INFO - HTTP Request: POST http://127.0.0.1:54321/rest/v1/notification_history "HTTP/1.1 201 Created"
2026-02-23 21:13:27,656 - httpcore.http11 - DEBUG - receive_response_body.started request=<Request [b'POST']>
2026-02-23 21:13:27,656 - httpcore.http11 - DEBUG - receive_response_body.complete
2026-02-23 21:13:27,657 - httpcore.http11 - DEBUG - response_closed.started
2026-02-23 21:13:27,657 - httpcore.http11 - DEBUG - response_closed.complete
2026-02-23 21:13:27,658 - httpcore.http11 - DEBUG - send_request_headers.started request=<Request [b'POST']>
2026-02-23 21:13:27,658 - httpcore.http11 - DEBUG - send_request_headers.complete
2026-02-23 21:13:27,659 - httpcore.http11 - DEBUG - send_request_body.started request=<Request [b'POST']>
2026-02-23 21:13:27,659 - httpcore.http11 - DEBUG - send_request_body.complete
2026-02-23 21:13:27,659 - httpcore.http11 - DEBUG - receive_response_headers.started request=<Request [b'POST']>
2026-02-23 21:13:27,664 - httpcore.http11 - DEBUG - receive_response_headers.complete return_value=(b'HTTP/1.1', 201, b'Created', [(b'Content-Type', b'application/json; charset=utf-8'), (b'Content-Length', b'100'), (b'Connection', b'keep-alive'), (b'Date', b'Mon, 23 Feb 2026 12:13:27 GMT'), (b'Server', b'postgrest/14.5'), (b'Content-Range', b'*/*'), (b'Preference-Applied', b'return=representation'), (b'Content-Profile', b'public'), (b'Access-Control-Allow-Origin', b'*'), (b'X-Kong-Upstream-Latency', b'4'), (b'X-Kong-Proxy-Latency', b'0'), (b'Via', b'kong/2.8.1')])
2026-02-23 21:13:27,664 - httpx - INFO - HTTP Request: POST http://127.0.0.1:54321/rest/v1/notification_history "HTTP/1.1 201 Created"
2026-02-23 21:13:27,664 - httpcore.http11 - DEBUG - receive_response_body.started request=<Request [b'POST']>
2026-02-23 21:13:27,664 - httpcore.http11 - DEBUG - receive_response_body.complete
2026-02-23 21:13:27,664 - httpcore.http11 - DEBUG - response_closed.started
2026-02-23 21:13:27,664 - httpcore.http11 - DEBUG - response_closed.complete
2026-02-23 21:13:27,665 - httpcore.http11 - DEBUG - send_request_headers.started request=<Request [b'POST']>
2026-02-23 21:13:27,665 - httpcore.http11 - DEBUG - send_request_headers.complete
2026-02-23 21:13:27,665 - httpcore.http11 - DEBUG - send_request_body.started request=<Request [b'POST']>
2026-02-23 21:13:27,666 - httpcore.http11 - DEBUG - send_request_body.complete
2026-02-23 21:13:27,666 - httpcore.http11 - DEBUG - receive_response_headers.started request=<Request [b'POST']>
2026-02-23 21:13:27,669 - httpcore.http11 - DEBUG - receive_response_headers.complete return_value=(b'HTTP/1.1', 201, b'Created', [(b'Content-Type', b'application/json; charset=utf-8'), (b'Content-Length', b'100'), (b'Connection', b'keep-alive'), (b'Date', b'Mon, 23 Feb 2026 12:13:27 GMT'), (b'Server', b'postgrest/14.5'), (b'Content-Range', b'*/*'), (b'Preference-Applied', b'return=representation'), (b'Content-Profile', b'public'), (b'Access-Control-Allow-Origin', b'*'), (b'X-Kong-Upstream-Latency', b'2'), (b'X-Kong-Proxy-Latency', b'1'), (b'Via', b'kong/2.8.1')])
2026-02-23 21:13:27,669 - httpx - INFO - HTTP Request: POST http://127.0.0.1:54321/rest/v1/notification_history "HTTP/1.1 201 Created"
2026-02-23 21:13:27,670 - httpcore.http11 - DEBUG - receive_response_body.started request=<Request [b'POST']>
2026-02-23 21:13:27,670 - httpcore.http11 - DEBUG - receive_response_body.complete
2026-02-23 21:13:27,670 - httpcore.http11 - DEBUG - response_closed.started
2026-02-23 21:13:27,670 - httpcore.http11 - DEBUG - response_closed.complete
2026-02-23 21:13:27,670 - httpcore.http11 - DEBUG - send_request_headers.started request=<Request [b'POST']>
2026-02-23 21:13:27,671 - httpcore.http11 - DEBUG - send_request_headers.complete
2026-02-23 21:13:27,671 - httpcore.http11 - DEBUG - send_request_body.started request=<Request [b'POST']>
2026-02-23 21:13:27,671 - httpcore.http11 - DEBUG - send_request_body.complete
2026-02-23 21:13:27,671 - httpcore.http11 - DEBUG - receive_response_headers.started request=<Request [b'POST']>
2026-02-23 21:13:27,676 - httpcore.http11 - DEBUG - receive_response_headers.complete return_value=(b'HTTP/1.1', 201, b'Created', [(b'Content-Type', b'application/json; charset=utf-8'), (b'Content-Length', b'100'), (b'Connection', b'keep-alive'), (b'Date', b'Mon, 23 Feb 2026 12:13:27 GMT'), (b'Server', b'postgrest/14.5'), (b'Content-Range', b'*/*'), (b'Preference-Applied', b'return=representation'), (b'Content-Profile', b'public'), (b'Access-Control-Allow-Origin', b'*'), (b'X-Kong-Upstream-Latency', b'4'), (b'X-Kong-Proxy-Latency', b'0'), (b'Via', b'kong/2.8.1')])
2026-02-23 21:13:27,676 - httpx - INFO - HTTP Request: POST http://127.0.0.1:54321/rest/v1/notification_history "HTTP/1.1 201 Created"
2026-02-23 21:13:27,677 - httpcore.http11 - DEBUG - receive_response_body.started request=<Request [b'POST']>
2026-02-23 21:13:27,677 - httpcore.http11 - DEBUG - receive_response_body.complete
2026-02-23 21:13:27,677 - httpcore.http11 - DEBUG - response_closed.started
2026-02-23 21:13:27,677 - httpcore.http11 - DEBUG - response_closed.complete
2026-02-23 21:13:27,678 - httpcore.http11 - DEBUG - send_request_headers.started request=<Request [b'POST']>
2026-02-23 21:13:27,678 - httpcore.http11 - DEBUG - send_request_headers.complete
2026-02-23 21:13:27,679 - httpcore.http11 - DEBUG - send_request_body.started request=<Request [b'POST']>
2026-02-23 21:13:27,679 - httpcore.http11 - DEBUG - send_request_body.complete
2026-02-23 21:13:27,679 - httpcore.http11 - DEBUG - receive_response_headers.started request=<Request [b'POST']>
2026-02-23 21:13:27,683 - httpcore.http11 - DEBUG - receive_response_headers.complete return_value=(b'HTTP/1.1', 201, b'Created', [(b'Content-Type', b'application/json; charset=utf-8'), (b'Content-Length', b'100'), (b'Connection', b'keep-alive'), (b'Date', b'Mon, 23 Feb 2026 12:13:27 GMT'), (b'Server', b'postgrest/14.5'), (b'Content-Range', b'*/*'), (b'Preference-Applied', b'return=representation'), (b'Content-Profile', b'public'), (b'Access-Control-Allow-Origin', b'*'), (b'X-Kong-Upstream-Latency', b'3'), (b'X-Kong-Proxy-Latency', b'0'), (b'Via', b'kong/2.8.1')])
2026-02-23 21:13:27,683 - httpx - INFO - HTTP Request: POST http://127.0.0.1:54321/rest/v1/notification_history "HTTP/1.1 201 Created"
2026-02-23 21:13:27,683 - httpcore.http11 - DEBUG - receive_response_body.started request=<Request [b'POST']>
2026-02-23 21:13:27,683 - httpcore.http11 - DEBUG - receive_response_body.complete
2026-02-23 21:13:27,683 - httpcore.http11 - DEBUG - response_closed.started
2026-02-23 21:13:27,683 - httpcore.http11 - DEBUG - response_closed.complete
2026-02-23 21:13:27,684 - werkzeug - INFO - 127.0.0.1 - - [23/Feb/2026 21:13:27] "POST /api/check HTTP/1.1" 200 -
2026-02-23 21:13:39,202 - werkzeug - INFO - 127.0.0.1 - - [23/Feb/2026 21:13:39] "[36mGET / HTTP/1.1[0m" 304 -
2026-02-23 21:13:39,294 - httpcore.connection - DEBUG - close.started
2026-02-23 21:13:39,294 - httpcore.connection - DEBUG - close.complete
2026-02-23 21:13:39,294 - httpcore.connection - DEBUG - connect_tcp.started host='127.0.0.1' port=54321 local_address=None timeout=120 socket_options=None
2026-02-23 21:13:39,295 - httpcore.connection - DEBUG - connect_tcp.complete return_value=<httpcore._backends.sync.SyncStream object at 0x000001E2EC398650>
2026-02-23 21:13:39,295 - httpcore.http11 - DEBUG - send_request_headers.started request=<Request [b'GET']>
2026-02-23 21:13:39,295 - httpcore.http11 - DEBUG - send_request_headers.complete
2026-02-23 21:13:39,295 - httpcore.http11 - DEBUG - send_request_body.started request=<Request [b'GET']>
2026-02-23 21:13:39,295 - httpcore.http11 - DEBUG - send_request_body.complete
2026-02-23 21:13:39,295 - httpcore.http11 - DEBUG - receive_response_headers.started request=<Request [b'GET']>
2026-02-23 21:13:39,304 - httpcore.http11 - DEBUG - receive_response_headers.complete return_value=(b'HTTP/1.1', 200, b'OK', [(b'Content-Type', b'application/json; charset=utf-8'), (b'Content-Length', b'288'), (b'Connection', b'keep-alive'), (b'Date', b'Mon, 23 Feb 2026 12:13:39 GMT'), (b'Server', b'postgrest/14.5'), (b'Content-Range', b'0-0/*'), (b'Content-Location', b'/user_settings?id=eq.1&select=%2A'), (b'Content-Profile', b'public'), (b'Access-Control-Allow-Origin', b'*'), (b'X-Kong-Upstream-Latency', b'3'), (b'X-Kong-Proxy-Latency', b'1'), (b'Via', b'kong/2.8.1')])
2026-02-23 21:13:39,304 - httpx - INFO - HTTP Request: GET http://127.0.0.1:54321/rest/v1/user_settings?select=%2A&id=eq.1 "HTTP/1.1 200 OK"
2026-02-23 21:13:39,304 - httpcore.http11 - DEBUG - receive_response_body.started request=<Request [b'GET']>
2026-02-23 21:13:39,305 - httpcore.http11 - DEBUG - receive_response_body.complete
2026-02-23 21:13:39,305 - httpcore.http11 - DEBUG - response_closed.started
2026-02-23 21:13:39,305 - httpcore.http11 - DEBUG - response_closed.complete
2026-02-23 21:13:39,305 - werkzeug - INFO - 127.0.0.1 - - [23/Feb/2026 21:13:39] "GET /api/settings HTTP/1.1" 200 -
2026-02-23 21:13:52,469 - httpcore.connection - DEBUG - close.started
2026-02-23 21:13:52,469 - httpcore.connection - DEBUG - close.complete
2026-02-23 21:13:52,469 - httpcore.connection - DEBUG - connect_tcp.started host='127.0.0.1' port=54321 local_address=None timeout=120 socket_options=None
2026-02-23 21:13:52,470 - httpcore.connection - DEBUG - connect_tcp.complete return_value=<httpcore._backends.sync.SyncStream object at 0x000001E2EC398C50>
2026-02-23 21:13:52,470 - httpcore.http11 - DEBUG - send_request_headers.started request=<Request [b'GET']>
2026-02-23 21:13:52,470 - httpcore.http11 - DEBUG - send_request_headers.complete
2026-02-23 21:13:52,470 - httpcore.http11 - DEBUG - send_request_body.started request=<Request [b'GET']>
2026-02-23 21:13:52,470 - httpcore.http11 - DEBUG - send_request_body.complete
2026-02-23 21:13:52,470 - httpcore.http11 - DEBUG - receive_response_headers.started request=<Request [b'GET']>
2026-02-23 21:13:52,474 - httpcore.http11 - DEBUG - receive_response_headers.complete return_value=(b'HTTP/1.1', 200, b'OK', [(b'Content-Type', b'application/json; charset=utf-8'), (b'Content-Length', b'288'), (b'Connection', b'keep-alive'), (b'Date', b'Mon, 23 Feb 2026 12:13:52 GMT'), (b'Server', b'postgrest/14.5'), (b'Content-Range', b'0-0/*'), (b'Content-Location', b'/user_settings?id=eq.1&select=%2A'), (b'Content-Profile', b'public'), (b'Access-Control-Allow-Origin', b'*'), (b'X-Kong-Upstream-Latency', b'2'), (b'X-Kong-Proxy-Latency', b'1'), (b'Via', b'kong/2.8.1')])
2026-02-23 21:13:52,474 - httpx - INFO - HTTP Request: GET http://127.0.0.1:54321/rest/v1/user_settings?select=%2A&id=eq.1 "HTTP/1.1 200 OK"
2026-02-23 21:13:52,474 - httpcore.http11 - DEBUG - receive_response_body.started request=<Request [b'GET']>
2026-02-23 21:13:52,474 - httpcore.http11 - DEBUG - receive_response_body.complete
2026-02-23 21:13:52,474 - httpcore.http11 - DEBUG - response_closed.started
2026-02-23 21:13:52,475 - httpcore.http11 - DEBUG - response_closed.complete
2026-02-23 21:13:52,477 - urllib3.connectionpool - DEBUG - Starting new HTTPS connection (1): reservation.knps.or.kr:443
2026-02-23 21:13:52,751 - urllib3.connectionpool - DEBUG - https://reservation.knps.or.kr:443 "POST /reservation/selectCampRemainSiteList.do HTTP/1.1" 200 None
2026-02-23 21:13:52,754 - urllib3.connectionpool - DEBUG - Starting new HTTPS connection (1): reservation.knps.or.kr:443
2026-02-23 21:13:52,978 - urllib3.connectionpool - DEBUG - https://reservation.knps.or.kr:443 "POST /reservation/selectCampRemainSiteList.do HTTP/1.1" 200 None
2026-02-23 21:13:52,991 - urllib3.connectionpool - DEBUG - Starting new HTTPS connection (1): reservation.knps.or.kr:443
2026-02-23 21:13:53,228 - urllib3.connectionpool - DEBUG - https://reservation.knps.or.kr:443 "POST /reservation/selectCampRemainSiteList.do HTTP/1.1" 200 None
2026-02-23 21:13:53,232 - urllib3.connectionpool - DEBUG - Starting new HTTPS connection (1): reservation.knps.or.kr:443
2026-02-23 21:13:53,487 - urllib3.connectionpool - DEBUG - https://reservation.knps.or.kr:443 "POST /reservation/selectCampRemainSiteList.do HTTP/1.1" 200 None
2026-02-23 21:13:53,500 - urllib3.connectionpool - DEBUG - Starting new HTTPS connection (1): reservation.knps.or.kr:443
2026-02-23 21:13:53,765 - urllib3.connectionpool - DEBUG - https://reservation.knps.or.kr:443 "POST /reservation/selectCampRemainSiteList.do HTTP/1.1" 200 None
2026-02-23 21:13:53,769 - urllib3.connectionpool - DEBUG - Starting new HTTPS connection (1): reservation.knps.or.kr:443
2026-02-23 21:13:54,026 - urllib3.connectionpool - DEBUG - https://reservation.knps.or.kr:443 "POST /reservation/selectCampRemainSiteList.do HTTP/1.1" 200 None
2026-02-23 21:13:54,030 - urllib3.connectionpool - DEBUG - Starting new HTTPS connection (1): reservation.knps.or.kr:443
2026-02-23 21:13:54,280 - urllib3.connectionpool - DEBUG - https://reservation.knps.or.kr:443 "POST /reservation/selectCampRemainSiteList.do HTTP/1.1" 200 None
2026-02-23 21:13:54,294 - urllib3.connectionpool - DEBUG - Starting new HTTPS connection (1): reservation.knps.or.kr:443
2026-02-23 21:13:54,574 - urllib3.connectionpool - DEBUG - https://reservation.knps.or.kr:443 "POST /reservation/selectCampRemainSiteList.do HTTP/1.1" 200 None
2026-02-23 21:13:54,578 - urllib3.connectionpool - DEBUG - Starting new HTTPS connection (1): reservation.knps.or.kr:443
2026-02-23 21:13:54,853 - urllib3.connectionpool - DEBUG - https://reservation.knps.or.kr:443 "POST /reservation/selectCampRemainSiteList.do HTTP/1.1" 200 None
2026-02-23 21:13:54,856 - urllib3.connectionpool - DEBUG - Starting new HTTPS connection (1): reservation.knps.or.kr:443
2026-02-23 21:13:55,115 - urllib3.connectionpool - DEBUG - https://reservation.knps.or.kr:443 "POST /reservation/selectCampRemainSiteList.do HTTP/1.1" 200 None
2026-02-23 21:13:55,119 - urllib3.connectionpool - DEBUG - Starting new HTTPS connection (1): reservation.knps.or.kr:443
2026-02-23 21:13:55,370 - urllib3.connectionpool - DEBUG - https://reservation.knps.or.kr:443 "POST /reservation/selectCampRemainSiteList.do HTTP/1.1" 200 None
2026-02-23 21:13:55,381 - urllib3.connectionpool - DEBUG - Starting new HTTPS connection (1): reservation.knps.or.kr:443
2026-02-23 21:13:55,638 - urllib3.connectionpool - DEBUG - https://reservation.knps.or.kr:443 "POST /reservation/selectCampRemainSiteList.do HTTP/1.1" 200 None
2026-02-23 21:13:55,641 - urllib3.connectionpool - DEBUG - Starting new HTTPS connection (1): reservation.knps.or.kr:443
2026-02-23 21:13:55,901 - urllib3.connectionpool - DEBUG - https://reservation.knps.or.kr:443 "POST /reservation/selectCampRemainSiteList.do HTTP/1.1" 200 None
2026-02-23 21:13:55,904 - urllib3.connectionpool - DEBUG - Starting new HTTPS connection (1): reservation.knps.or.kr:443
2026-02-23 21:13:56,153 - urllib3.connectionpool - DEBUG - https://reservation.knps.or.kr:443 "POST /reservation/selectCampRemainSiteList.do HTTP/1.1" 200 None
2026-02-23 21:13:56,166 - urllib3.connectionpool - DEBUG - Starting new HTTPS connection (1): reservation.knps.or.kr:443
2026-02-23 21:13:56,409 - urllib3.connectionpool - DEBUG - https://reservation.knps.or.kr:443 "POST /reservation/selectCampRemainSiteList.do HTTP/1.1" 200 None
2026-02-23 21:13:56,422 - urllib3.connectionpool - DEBUG - Starting new HTTPS connection (1): reservation.knps.or.kr:443
2026-02-23 21:13:56,665 - urllib3.connectionpool - DEBUG - https://reservation.knps.or.kr:443 "POST /reservation/selectCampRemainSiteList.do HTTP/1.1" 200 None
2026-02-23 21:13:56,669 - urllib3.connectionpool - DEBUG - Starting new HTTPS connection (1): reservation.knps.or.kr:443
2026-02-23 21:13:56,932 - urllib3.connectionpool - DEBUG - https://reservation.knps.or.kr:443 "POST /reservation/selectCampRemainSiteList.do HTTP/1.1" 200 None
2026-02-23 21:13:56,936 - urllib3.connectionpool - DEBUG - Starting new HTTPS connection (1): reservation.knps.or.kr:443
2026-02-23 21:13:57,182 - urllib3.connectionpool - DEBUG - https://reservation.knps.or.kr:443 "POST /reservation/selectCampRemainSiteList.do HTTP/1.1" 200 None
2026-02-23 21:13:57,185 - urllib3.connectionpool - DEBUG - Starting new HTTPS connection (1): reservation.knps.or.kr:443
2026-02-23 21:13:57,423 - urllib3.connectionpool - DEBUG - https://reservation.knps.or.kr:443 "POST /reservation/selectCampRemainSiteList.do HTTP/1.1" 200 None
2026-02-23 21:13:57,426 - urllib3.connectionpool - DEBUG - Starting new HTTPS connection (1): reservation.knps.or.kr:443
2026-02-23 21:13:57,675 - urllib3.connectionpool - DEBUG - https://reservation.knps.or.kr:443 "POST /reservation/selectCampRemainSiteList.do HTTP/1.1" 200 None
2026-02-23 21:13:57,689 - urllib3.connectionpool - DEBUG - Starting new HTTPS connection (1): reservation.knps.or.kr:443
2026-02-23 21:13:57,957 - urllib3.connectionpool - DEBUG - https://reservation.knps.or.kr:443 "POST /reservation/selectCampRemainSiteList.do HTTP/1.1" 200 None
2026-02-23 21:13:57,960 - urllib3.connectionpool - DEBUG - Starting new HTTPS connection (1): reservation.knps.or.kr:443
2026-02-23 21:13:58,194 - urllib3.connectionpool - DEBUG - https://reservation.knps.or.kr:443 "POST /reservation/selectCampRemainSiteList.do HTTP/1.1" 200 None
2026-02-23 21:13:58,206 - urllib3.connectionpool - DEBUG - Starting new HTTPS connection (1): reservation.knps.or.kr:443
2026-02-23 21:13:58,441 - urllib3.connectionpool - DEBUG - https://reservation.knps.or.kr:443 "POST /reservation/selectCampRemainSiteList.do HTTP/1.1" 200 None
2026-02-23 21:13:58,455 - urllib3.connectionpool - DEBUG - Starting new HTTPS connection (1): reservation.knps.or.kr:443
2026-02-23 21:13:58,727 - urllib3.connectionpool - DEBUG - https://reservation.knps.or.kr:443 "POST /reservation/selectCampRemainSiteList.do HTTP/1.1" 200 None
2026-02-23 21:13:58,730 - urllib3.connectionpool - DEBUG - Starting new HTTPS connection (1): reservation.knps.or.kr:443
2026-02-23 21:13:58,988 - urllib3.connectionpool - DEBUG - https://reservation.knps.or.kr:443 "POST /reservation/selectCampRemainSiteList.do HTTP/1.1" 200 None
2026-02-23 21:13:58,991 - urllib3.connectionpool - DEBUG - Starting new HTTPS connection (1): reservation.knps.or.kr:443
2026-02-23 21:13:59,238 - urllib3.connectionpool - DEBUG - https://reservation.knps.or.kr:443 "POST /reservation/selectCampRemainSiteList.do HTTP/1.1" 200 None
2026-02-23 21:13:59,241 - urllib3.connectionpool - DEBUG - Starting new HTTPS connection (1): reservation.knps.or.kr:443
2026-02-23 21:13:59,495 - urllib3.connectionpool - DEBUG - https://reservation.knps.or.kr:443 "POST /reservation/selectCampRemainSiteList.do HTTP/1.1" 200 None
2026-02-23 21:13:59,497 - urllib3.connectionpool - DEBUG - Starting new HTTPS connection (1): reservation.knps.or.kr:443
2026-02-23 21:13:59,776 - urllib3.connectionpool - DEBUG - https://reservation.knps.or.kr:443 "POST /reservation/selectCampRemainSiteList.do HTTP/1.1" 200 None
2026-02-23 21:13:59,778 - urllib3.connectionpool - DEBUG - Starting new HTTPS connection (1): reservation.knps.or.kr:443
2026-02-23 21:14:00,026 - urllib3.connectionpool - DEBUG - https://reservation.knps.or.kr:443 "POST /reservation/selectCampRemainSiteList.do HTTP/1.1" 200 None
2026-02-23 21:14:00,038 - urllib3.connectionpool - DEBUG - Starting new HTTPS connection (1): reservation.knps.or.kr:443
2026-02-23 21:14:00,300 - urllib3.connectionpool - DEBUG - https://reservation.knps.or.kr:443 "POST /reservation/selectCampRemainSiteList.do HTTP/1.1" 200 None
2026-02-23 21:14:00,302 - urllib3.connectionpool - DEBUG - Starting new HTTPS connection (1): reservation.knps.or.kr:443
2026-02-23 21:14:00,549 - urllib3.connectionpool - DEBUG - https://reservation.knps.or.kr:443 "POST /reservation/selectCampRemainSiteList.do HTTP/1.1" 200 None
2026-02-23 21:14:00,551 - urllib3.connectionpool - DEBUG - Starting new HTTPS connection (1): reservation.knps.or.kr:443
2026-02-23 21:14:00,820 - urllib3.connectionpool - DEBUG - https://reservation.knps.or.kr:443 "POST /reservation/selectCampRemainSiteList.do HTTP/1.1" 200 None
2026-02-23 21:14:00,822 - urllib3.connectionpool - DEBUG - Starting new HTTPS connection (1): reservation.knps.or.kr:443
2026-02-23 21:14:01,113 - urllib3.connectionpool - DEBUG - https://reservation.knps.or.kr:443 "POST /reservation/selectCampRemainSiteList.do HTTP/1.1" 200 None
2026-02-23 21:14:01,115 - httpcore.connection - DEBUG - close.started
2026-02-23 21:14:01,115 - httpcore.connection - DEBUG - close.complete
2026-02-23 21:14:01,115 - httpcore.connection - DEBUG - connect_tcp.started host='127.0.0.1' port=54321 local_address=None timeout=120 socket_options=None
2026-02-23 21:14:01,116 - httpcore.connection - DEBUG - connect_tcp.complete return_value=<httpcore._backends.sync.SyncStream object at 0x000001E2EBBBD400>
2026-02-23 21:14:01,116 - httpcore.http11 - DEBUG - send_request_headers.started request=<Request [b'GET']>
2026-02-23 21:14:01,117 - httpcore.http11 - DEBUG - send_request_headers.complete
2026-02-23 21:14:01,117 - httpcore.http11 - DEBUG - send_request_body.started request=<Request [b'GET']>
2026-02-23 21:14:01,117 - httpcore.http11 - DEBUG - send_request_body.complete
2026-02-23 21:14:01,117 - httpcore.http11 - DEBUG - receive_response_headers.started request=<Request [b'GET']>
2026-02-23 21:14:01,120 - httpcore.http11 - DEBUG - receive_response_headers.complete return_value=(b'HTTP/1.1', 200, b'OK', [(b'Content-Type', b'application/json; charset=utf-8'), (b'Content-Length', b'10'), (b'Connection', b'keep-alive'), (b'Date', b'Mon, 23 Feb 2026 12:14:01 GMT'), (b'Server', b'postgrest/14.5'), (b'Content-Range', b'0-0/*'), (b'Content-Location', b'/notification_history?identifier=eq.20260313_%C3%AB%C2%8D%C2%95%C3%AC%C2%9C%C2%A0%C3%AC%C2%82%C2%B0_%C3%AC%C2%B9%C2%B4%C3%AB%C2%9D%C2%BC%C3%AB%C2%B0%C2%98&select=id&sent_at=gt.2026-02-22T21%3A14%3A01.115154'), (b'Content-Profile', b'public'), (b'Access-Control-Allow-Origin', b'*'), (b'X-Kong-Upstream-Latency', b'2'), (b'X-Kong-Proxy-Latency', b'0'), (b'Via', b'kong/2.8.1')])
2026-02-23 21:14:01,120 - httpx - INFO - HTTP Request: GET http://127.0.0.1:54321/rest/v1/notification_history?select=id&identifier=eq.20260313_%EB%8D%95%EC%9C%A0%EC%82%B0_%EC%B9%B4%EB%9D%BC%EB%B0%98&sent_at=gt.2026-02-22T21%3A14%3A01.115154 "HTTP/1.1 200 OK"
2026-02-23 21:14:01,120 - httpcore.http11 - DEBUG - receive_response_body.started request=<Request [b'GET']>
2026-02-23 21:14:01,120 - httpcore.http11 - DEBUG - receive_response_body.complete
2026-02-23 21:14:01,120 - httpcore.http11 - DEBUG - response_closed.started
2026-02-23 21:14:01,120 - httpcore.http11 - DEBUG - response_closed.complete
2026-02-23 21:14:01,121 - httpcore.http11 - DEBUG - send_request_headers.started request=<Request [b'GET']>
2026-02-23 21:14:01,121 - httpcore.http11 - DEBUG - send_request_headers.complete
2026-02-23 21:14:01,121 - httpcore.http11 - DEBUG - send_request_body.started request=<Request [b'GET']>
2026-02-23 21:14:01,121 - httpcore.http11 - DEBUG - send_request_body.complete
2026-02-23 21:14:01,121 - httpcore.http11 - DEBUG - receive_response_headers.started request=<Request [b'GET']>
2026-02-23 21:14:01,123 - httpcore.http11 - DEBUG - receive_response_headers.complete return_value=(b'HTTP/1.1', 200, b'OK', [(b'Content-Type', b'application/json; charset=utf-8'), (b'Content-Length', b'10'), (b'Connection', b'keep-alive'), (b'Date', b'Mon, 23 Feb 2026 12:14:01 GMT'), (b'Server', b'postgrest/14.5'), (b'Content-Range', b'0-0/*'), (b'Content-Location', b'/notification_history?identifier=eq.20260315_%C3%AB%C2%8D%C2%95%C3%AC%C2%9C%C2%A0%C3%AC%C2%82%C2%B0_%C3%AC%C2%B9%C2%B4%C3%AB%C2%9D%C2%BC%C3%AB%C2%B0%C2%98&select=id&sent_at=gt.2026-02-22T21%3A14%3A01.120794'), (b'Content-Profile', b'public'), (b'Access-Control-Allow-Origin', b'*'), (b'X-Kong-Upstream-Latency', b'1'), (b'X-Kong-Proxy-Latency', b'0'), (b'Via', b'kong/2.8.1')])
2026-02-23 21:14:01,123 - httpx - INFO - HTTP Request: GET http://127.0.0.1:54321/rest/v1/notification_history?select=id&identifier=eq.20260315_%EB%8D%95%EC%9C%A0%EC%82%B0_%EC%B9%B4%EB%9D%BC%EB%B0%98&sent_at=gt.2026-02-22T21%3A14%3A01.120794 "HTTP/1.1 200 OK"
2026-02-23 21:14:01,124 - httpcore.http11 - DEBUG - receive_response_body.started request=<Request [b'GET']>
2026-02-23 21:14:01,124 - httpcore.http11 - DEBUG - receive_response_body.complete
2026-02-23 21:14:01,124 - httpcore.http11 - DEBUG - response_closed.started
2026-02-23 21:14:01,124 - httpcore.http11 - DEBUG - response_closed.complete
2026-02-23 21:14:01,124 - httpcore.http11 - DEBUG - send_request_headers.started request=<Request [b'GET']>
2026-02-23 21:14:01,124 - httpcore.http11 - DEBUG - send_request_headers.complete
2026-02-23 21:14:01,125 - httpcore.http11 - DEBUG - send_request_body.started request=<Request [b'GET']>
2026-02-23 21:14:01,125 - httpcore.http11 - DEBUG - send_request_body.complete
2026-02-23 21:14:01,125 - httpcore.http11 - DEBUG - receive_response_headers.started request=<Request [b'GET']>
2026-02-23 21:14:01,127 - httpcore.http11 - DEBUG - receive_response_headers.complete return_value=(b'HTTP/1.1', 200, b'OK', [(b'Content-Type', b'application/json; charset=utf-8'), (b'Content-Length', b'10'), (b'Connection', b'keep-alive'), (b'Date', b'Mon, 23 Feb 2026 12:14:01 GMT'), (b'Server', b'postgrest/14.5'), (b'Content-Range', b'0-0/*'), (b'Content-Location', b'/notification_history?identifier=eq.20260316_%C3%AB%C2%8D%C2%95%C3%AC%C2%9C%C2%A0%C3%AC%C2%82%C2%B0_%C3%AC%C2%B9%C2%B4%C3%AB%C2%9D%C2%BC%C3%AB%C2%B0%C2%98&select=id&sent_at=gt.2026-02-22T21%3A14%3A01.124407'), (b'Content-Profile', b'public'), (b'Access-Control-Allow-Origin', b'*'), (b'X-Kong-Upstream-Latency', b'1'), (b'X-Kong-Proxy-Latency', b'0'), (b'Via', b'kong/2.8.1')])
2026-02-23 21:14:01,127 - httpx - INFO - HTTP Request: GET http://127.0.0.1:54321/rest/v1/notification_history?select=id&identifier=eq.20260316_%EB%8D%95%EC%9C%A0%EC%82%B0_%EC%B9%B4%EB%9D%BC%EB%B0%98&sent_at=gt.2026-02-22T21%3A14%3A01.124407 "HTTP/1.1 200 OK"
2026-02-23 21:14:01,127 - httpcore.http11 - DEBUG - receive_response_body.started request=<Request [b'GET']>
2026-02-23 21:14:01,127 - httpcore.http11 - DEBUG - receive_response_body.complete
2026-02-23 21:14:01,127 - httpcore.http11 - DEBUG - response_closed.started
2026-02-23 21:14:01,127 - httpcore.http11 - DEBUG - response_closed.complete
2026-02-23 21:14:01,127 - httpcore.http11 - DEBUG - send_request_headers.started request=<Request [b'GET']>
2026-02-23 21:14:01,127 - httpcore.http11 - DEBUG - send_request_headers.complete
2026-02-23 21:14:01,127 - httpcore.http11 - DEBUG - send_request_body.started request=<Request [b'GET']>
2026-02-23 21:14:01,127 - httpcore.http11 - DEBUG - send_request_body.complete
2026-02-23 21:14:01,128 - httpcore.http11 - DEBUG - receive_response_headers.started request=<Request [b'GET']>
2026-02-23 21:14:01,129 - httpcore.http11 - DEBUG - receive_response_headers.complete return_value=(b'HTTP/1.1', 200, b'OK', [(b'Content-Type', b'application/json; charset=utf-8'), (b'Content-Length', b'10'), (b'Connection', b'keep-alive'), (b'Date', b'Mon, 23 Feb 2026 12:14:01 GMT'), (b'Server', b'postgrest/14.5'), (b'Content-Range', b'0-0/*'), (b'Content-Location', b'/notification_history?identifier=eq.20260317_%C3%AB%C2%8D%C2%95%C3%AC%C2%9C%C2%A0%C3%AC%C2%82%C2%B0_%C3%AC%C2%B9%C2%B4%C3%AB%C2%9D%C2%BC%C3%AB%C2%B0%C2%98&select=id&sent_at=gt.2026-02-22T21%3A14%3A01.127417'), (b'Content-Profile', b'public'), (b'Access-Control-Allow-Origin', b'*'), (b'X-Kong-Upstream-Latency', b'1'), (b'X-Kong-Proxy-Latency', b'0'), (b'Via', b'kong/2.8.1')])
2026-02-23 21:14:01,130 - httpx - INFO - HTTP Request: GET http://127.0.0.1:54321/rest/v1/notification_history?select=id&identifier=eq.20260317_%EB%8D%95%EC%9C%A0%EC%82%B0_%EC%B9%B4%EB%9D%BC%EB%B0%98&sent_at=gt.2026-02-22T21%3A14%3A01.127417 "HTTP/1.1 200 OK"
2026-02-23 21:14:01,130 - httpcore.http11 - DEBUG - receive_response_body.started request=<Request [b'GET']>
2026-02-23 21:14:01,130 - httpcore.http11 - DEBUG - receive_response_body.complete
2026-02-23 21:14:01,130 - httpcore.http11 - DEBUG - response_closed.started
2026-02-23 21:14:01,130 - httpcore.http11 - DEBUG - response_closed.complete
2026-02-23 21:14:01,130 - httpcore.http11 - DEBUG - send_request_headers.started request=<Request [b'GET']>
2026-02-23 21:14:01,130 - httpcore.http11 - DEBUG - send_request_headers.complete
2026-02-23 21:14:01,131 - httpcore.http11 - DEBUG - send_request_body.started request=<Request [b'GET']>
2026-02-23 21:14:01,131 - httpcore.http11 - DEBUG - send_request_body.complete
2026-02-23 21:14:01,131 - httpcore.http11 - DEBUG - receive_response_headers.started request=<Request [b'GET']>
2026-02-23 21:14:01,132 - httpcore.http11 - DEBUG - receive_response_headers.complete return_value=(b'HTTP/1.1', 200, b'OK', [(b'Content-Type', b'application/json; charset=utf-8'), (b'Content-Length', b'10'), (b'Connection', b'keep-alive'), (b'Date', b'Mon, 23 Feb 2026 12:14:01 GMT'), (b'Server', b'postgrest/14.5'), (b'Content-Range', b'0-0/*'), (b'Content-Location', b'/notification_history?identifier=eq.20260319_%C3%AB%C2%8D%C2%95%C3%AC%C2%9C%C2%A0%C3%AC%C2%82%C2%B0_%C3%AC%C2%B9%C2%B4%C3%AB%C2%9D%C2%BC%C3%AB%C2%B0%C2%98&select=id&sent_at=gt.2026-02-22T21%3A14%3A01.130361'), (b'Content-Profile', b'public'), (b'Access-Control-Allow-Origin', b'*'), (b'X-Kong-Upstream-Latency', b'1'), (b'X-Kong-Proxy-Latency', b'0'), (b'Via', b'kong/2.8.1')])
2026-02-23 21:14:01,132 - httpx - INFO - HTTP Request: GET http://127.0.0.1:54321/rest/v1/notification_history?select=id&identifier=eq.20260319_%EB%8D%95%EC%9C%A0%EC%82%B0_%EC%B9%B4%EB%9D%BC%EB%B0%98&sent_at=gt.2026-02-22T21%3A14%3A01.130361 "HTTP/1.1 200 OK"
2026-02-23 21:14:01,133 - httpcore.http11 - DEBUG - receive_response_body.started request=<Request [b'GET']>
2026-02-23 21:14:01,133 - httpcore.http11 - DEBUG - receive_response_body.complete
2026-02-23 21:14:01,133 - httpcore.http11 - DEBUG - response_closed.started
2026-02-23 21:14:01,133 - httpcore.http11 - DEBUG - response_closed.complete
2026-02-23 21:14:01,133 - httpcore.http11 - DEBUG - send_request_headers.started request=<Request [b'GET']>
2026-02-23 21:14:01,133 - httpcore.http11 - DEBUG - send_request_headers.complete
2026-02-23 21:14:01,133 - httpcore.http11 - DEBUG - send_request_body.started request=<Request [b'GET']>
2026-02-23 21:14:01,133 - httpcore.http11 - DEBUG - send_request_body.complete
2026-02-23 21:14:01,133 - httpcore.http11 - DEBUG - receive_response_headers.started request=<Request [b'GET']>
2026-02-23 21:14:01,135 - httpcore.http11 - DEBUG - receive_response_headers.complete return_value=(b'HTTP/1.1', 200, b'OK', [(b'Content-Type', b'application/json; charset=utf-8'), (b'Content-Length', b'10'), (b'Connection', b'keep-alive'), (b'Date', b'Mon, 23 Feb 2026 12:14:01 GMT'), (b'Server', b'postgrest/14.5'), (b'Content-Range', b'0-0/*'), (b'Content-Location', b'/notification_history?identifier=eq.20260320_%C3%AB%C2%8D%C2%95%C3%AC%C2%9C%C2%A0%C3%AC%C2%82%C2%B0_%C3%AC%C2%B9%C2%B4%C3%AB%C2%9D%C2%BC%C3%AB%C2%B0%C2%98&select=id&sent_at=gt.2026-02-22T21%3A14%3A01.133241'), (b'Content-Profile', b'public'), (b'Access-Control-Allow-Origin', b'*'), (b'X-Kong-Upstream-Latency', b'0'), (b'X-Kong-Proxy-Latency', b'1'), (b'Via', b'kong/2.8.1')])
2026-02-23 21:14:01,135 - httpx - INFO - HTTP Request: GET http://127.0.0.1:54321/rest/v1/notification_history?select=id&identifier=eq.20260320_%EB%8D%95%EC%9C%A0%EC%82%B0_%EC%B9%B4%EB%9D%BC%EB%B0%98&sent_at=gt.2026-02-22T21%3A14%3A01.133241 "HTTP/1.1 200 OK"
2026-02-23 21:14:01,135 - httpcore.http11 - DEBUG - receive_response_body.started request=<Request [b'GET']>
2026-02-23 21:14:01,135 - httpcore.http11 - DEBUG - receive_response_body.complete
2026-02-23 21:14:01,135 - httpcore.http11 - DEBUG - response_closed.started
2026-02-23 21:14:01,135 - httpcore.http11 - DEBUG - response_closed.complete
2026-02-23 21:14:01,136 - httpcore.http11 - DEBUG - send_request_headers.started request=<Request [b'GET']>
2026-02-23 21:14:01,136 - httpcore.http11 - DEBUG - send_request_headers.complete
2026-02-23 21:14:01,136 - httpcore.http11 - DEBUG - send_request_body.started request=<Request [b'GET']>
2026-02-23 21:14:01,136 - httpcore.http11 - DEBUG - send_request_body.complete
2026-02-23 21:14:01,136 - httpcore.http11 - DEBUG - receive_response_headers.started request=<Request [b'GET']>
2026-02-23 21:14:01,138 - httpcore.http11 - DEBUG - receive_response_headers.complete return_value=(b'HTTP/1.1', 200, b'OK', [(b'Content-Type', b'application/json; charset=utf-8'), (b'Content-Length', b'10'), (b'Connection', b'keep-alive'), (b'Date', b'Mon, 23 Feb 2026 12:14:01 GMT'), (b'Server', b'postgrest/14.5'), (b'Content-Range', b'0-0/*'), (b'Content-Location', b'/notification_history?identifier=eq.20260322_%C3%AB%C2%8D%C2%95%C3%AC%C2%9C%C2%A0%C3%AC%C2%82%C2%B0_%C3%AC%C2%B9%C2%B4%C3%AB%C2%9D%C2%BC%C3%AB%C2%B0%C2%98&select=id&sent_at=gt.2026-02-22T21%3A14%3A01.136046'), (b'Content-Profile', b'public'), (b'Access-Control-Allow-Origin', b'*'), (b'X-Kong-Upstream-Latency', b'1'), (b'X-Kong-Proxy-Latency', b'1'), (b'Via', b'kong/2.8.1')])
2026-02-23 21:14:01,138 - httpx - INFO - HTTP Request: GET http://127.0.0.1:54321/rest/v1/notification_history?select=id&identifier=eq.20260322_%EB%8D%95%EC%9C%A0%EC%82%B0_%EC%B9%B4%EB%9D%BC%EB%B0%98&sent_at=gt.2026-02-22T21%3A14%3A01.136046 "HTTP/1.1 200 OK"
2026-02-23 21:14:01,138 - httpcore.http11 - DEBUG - receive_response_body.started request=<Request [b'GET']>
2026-02-23 21:14:01,138 - httpcore.http11 - DEBUG - receive_response_body.complete
2026-02-23 21:14:01,138 - httpcore.http11 - DEBUG - response_closed.started
2026-02-23 21:14:01,139 - httpcore.http11 - DEBUG - response_closed.complete
2026-02-23 21:14:01,139 - httpcore.http11 - DEBUG - send_request_headers.started request=<Request [b'GET']>
2026-02-23 21:14:01,139 - httpcore.http11 - DEBUG - send_request_headers.complete
2026-02-23 21:14:01,139 - httpcore.http11 - DEBUG - send_request_body.started request=<Request [b'GET']>
2026-02-23 21:14:01,139 - httpcore.http11 - DEBUG - send_request_body.complete
2026-02-23 21:14:01,139 - httpcore.http11 - DEBUG - receive_response_headers.started request=<Request [b'GET']>
2026-02-23 21:14:01,141 - httpcore.http11 - DEBUG - receive_response_headers.complete return_value=(b'HTTP/1.1', 200, b'OK', [(b'Content-Type', b'application/json; charset=utf-8'), (b'Content-Length', b'10'), (b'Connection', b'keep-alive'), (b'Date', b'Mon, 23 Feb 2026 12:14:01 GMT'), (b'Server', b'postgrest/14.5'), (b'Content-Range', b'0-0/*'), (b'Content-Location', b'/notification_history?identifier=eq.20260323_%C3%AB%C2%8D%C2%95%C3%AC%C2%9C%C2%A0%C3%AC%C2%82%C2%B0_%C3%AC%C2%B9%C2%B4%C3%AB%C2%9D%C2%BC%C3%AB%C2%B0%C2%98&select=id&sent_at=gt.2026-02-22T21%3A14%3A01.139122'), (b'Content-Profile', b'public'), (b'Access-Control-Allow-Origin', b'*'), (b'X-Kong-Upstream-Latency', b'1'), (b'X-Kong-Proxy-Latency', b'0'), (b'Via', b'kong/2.8.1')])
2026-02-23 21:14:01,141 - httpx - INFO - HTTP Request: GET http://127.0.0.1:54321/rest/v1/notification_history?select=id&identifier=eq.20260323_%EB%8D%95%EC%9C%A0%EC%82%B0_%EC%B9%B4%EB%9D%BC%EB%B0%98&sent_at=gt.2026-02-22T21%3A14%3A01.139122 "HTTP/1.1 200 OK"
2026-02-23 21:14:01,141 - httpcore.http11 - DEBUG - receive_response_body.started request=<Request [b'GET']>
2026-02-23 21:14:01,141 - httpcore.http11 - DEBUG - receive_response_body.complete
2026-02-23 21:14:01,141 - httpcore.http11 - DEBUG - response_closed.started
2026-02-23 21:14:01,141 - httpcore.http11 - DEBUG - response_closed.complete
2026-02-23 21:14:01,141 - httpcore.http11 - DEBUG - send_request_headers.started request=<Request [b'GET']>
2026-02-23 21:14:01,142 - httpcore.http11 - DEBUG - send_request_headers.complete
2026-02-23 21:14:01,142 - httpcore.http11 - DEBUG - send_request_body.started request=<Request [b'GET']>
2026-02-23 21:14:01,142 - httpcore.http11 - DEBUG - send_request_body.complete
2026-02-23 21:14:01,142 - httpcore.http11 - DEBUG - receive_response_headers.started request=<Request [b'GET']>
2026-02-23 21:14:01,143 - httpcore.http11 - DEBUG - receive_response_headers.complete return_value=(b'HTTP/1.1', 200, b'OK', [(b'Content-Type', b'application/json; charset=utf-8'), (b'Content-Length', b'10'), (b'Connection', b'keep-alive'), (b'Date', b'Mon, 23 Feb 2026 12:14:01 GMT'), (b'Server', b'postgrest/14.5'), (b'Content-Range', b'0-0/*'), (b'Content-Location', b'/notification_history?identifier=eq.20260324_%C3%AB%C2%8D%C2%95%C3%AC%C2%9C%C2%A0%C3%AC%C2%82%C2%B0_%C3%AC%C2%B9%C2%B4%C3%AB%C2%9D%C2%BC%C3%AB%C2%B0%C2%98&select=id&sent_at=gt.2026-02-22T21%3A14%3A01.141587'), (b'Content-Profile', b'public'), (b'Access-Control-Allow-Origin', b'*'), (b'X-Kong-Upstream-Latency', b'1'), (b'X-Kong-Proxy-Latency', b'0'), (b'Via', b'kong/2.8.1')])
2026-02-23 21:14:01,143 - httpx - INFO - HTTP Request: GET http://127.0.0.1:54321/rest/v1/notification_history?select=id&identifier=eq.20260324_%EB%8D%95%EC%9C%A0%EC%82%B0_%EC%B9%B4%EB%9D%BC%EB%B0%98&sent_at=gt.2026-02-22T21%3A14%3A01.141587 "HTTP/1.1 200 OK"
2026-02-23 21:14:01,143 - httpcore.http11 - DEBUG - receive_response_body.started request=<Request [b'GET']>
2026-02-23 21:14:01,143 - httpcore.http11 - DEBUG - receive_response_body.complete
2026-02-23 21:14:01,144 - httpcore.http11 - DEBUG - response_closed.started
2026-02-23 21:14:01,144 - httpcore.http11 - DEBUG - response_closed.complete
2026-02-23 21:14:01,144 - httpcore.http11 - DEBUG - send_request_headers.started request=<Request [b'GET']>
2026-02-23 21:14:01,144 - httpcore.http11 - DEBUG - send_request_headers.complete
2026-02-23 21:14:01,144 - httpcore.http11 - DEBUG - send_request_body.started request=<Request [b'GET']>
2026-02-23 21:14:01,144 - httpcore.http11 - DEBUG - send_request_body.complete
2026-02-23 21:14:01,144 - httpcore.http11 - DEBUG - receive_response_headers.started request=<Request [b'GET']>
2026-02-23 21:14:01,146 - httpcore.http11 - DEBUG - receive_response_headers.complete return_value=(b'HTTP/1.1', 200, b'OK', [(b'Content-Type', b'application/json; charset=utf-8'), (b'Content-Length', b'11'), (b'Connection', b'keep-alive'), (b'Date', b'Mon, 23 Feb 2026 12:14:01 GMT'), (b'Server', b'postgrest/14.5'), (b'Content-Range', b'0-0/*'), (b'Content-Location', b'/notification_history?identifier=eq.20260326_%C3%AB%C2%8D%C2%95%C3%AC%C2%9C%C2%A0%C3%AC%C2%82%C2%B0_%C3%AC%C2%B9%C2%B4%C3%AB%C2%9D%C2%BC%C3%AB%C2%B0%C2%98&select=id&sent_at=gt.2026-02-22T21%3A14%3A01.144137'), (b'Content-Profile', b'public'), (b'Access-Control-Allow-Origin', b'*'), (b'X-Kong-Upstream-Latency', b'0'), (b'X-Kong-Proxy-Latency', b'1'), (b'Via', b'kong/2.8.1')])
2026-02-23 21:14:01,146 - httpx - INFO - HTTP Request: GET http://127.0.0.1:54321/rest/v1/notification_history?select=id&identifier=eq.20260326_%EB%8D%95%EC%9C%A0%EC%82%B0_%EC%B9%B4%EB%9D%BC%EB%B0%98&sent_at=gt.2026-02-22T21%3A14%3A01.144137 "HTTP/1.1 200 OK"
2026-02-23 21:14:01,146 - httpcore.http11 - DEBUG - receive_response_body.started request=<Request [b'GET']>
2026-02-23 21:14:01,146 - httpcore.http11 - DEBUG - receive_response_body.complete
2026-02-23 21:14:01,146 - httpcore.http11 - DEBUG - response_closed.started
2026-02-23 21:14:01,147 - httpcore.http11 - DEBUG - response_closed.complete
2026-02-23 21:14:01,147 - httpcore.http11 - DEBUG - send_request_headers.started request=<Request [b'GET']>
2026-02-23 21:14:01,147 - httpcore.http11 - DEBUG - send_request_headers.complete
2026-02-23 21:14:01,147 - httpcore.http11 - DEBUG - send_request_body.started request=<Request [b'GET']>
2026-02-23 21:14:01,147 - httpcore.http11 - DEBUG - send_request_body.complete
2026-02-23 21:14:01,147 - httpcore.http11 - DEBUG - receive_response_headers.started request=<Request [b'GET']>
2026-02-23 21:14:01,149 - httpcore.http11 - DEBUG - receive_response_headers.complete return_value=(b'HTTP/1.1', 200, b'OK', [(b'Content-Type', b'application/json; charset=utf-8'), (b'Content-Length', b'11'), (b'Connection', b'keep-alive'), (b'Date', b'Mon, 23 Feb 2026 12:14:01 GMT'), (b'Server', b'postgrest/14.5'), (b'Content-Range', b'0-0/*'), (b'Content-Location', b'/notification_history?identifier=eq.20260327_%C3%AB%C2%8D%C2%95%C3%AC%C2%9C%C2%A0%C3%AC%C2%82%C2%B0_%C3%AC%C2%B9%C2%B4%C3%AB%C2%9D%C2%BC%C3%AB%C2%B0%C2%98&select=id&sent_at=gt.2026-02-22T21%3A14%3A01.147108'), (b'Content-Profile', b'public'), (b'Access-Control-Allow-Origin', b'*'), (b'X-Kong-Upstream-Latency', b'0'), (b'X-Kong-Proxy-Latency', b'1'), (b'Via', b'kong/2.8.1')])
2026-02-23 21:14:01,149 - httpx - INFO - HTTP Request: GET http://127.0.0.1:54321/rest/v1/notification_history?select=id&identifier=eq.20260327_%EB%8D%95%EC%9C%A0%EC%82%B0_%EC%B9%B4%EB%9D%BC%EB%B0%98&sent_at=gt.2026-02-22T21%3A14%3A01.147108 "HTTP/1.1 200 OK"
2026-02-23 21:14:01,149 - httpcore.http11 - DEBUG - receive_response_body.started request=<Request [b'GET']>
2026-02-23 21:14:01,149 - httpcore.http11 - DEBUG - receive_response_body.complete
2026-02-23 21:14:01,149 - httpcore.http11 - DEBUG - response_closed.started
2026-02-23 21:14:01,149 - httpcore.http11 - DEBUG - response_closed.complete
2026-02-23 21:14:01,149 - httpcore.http11 - DEBUG - send_request_headers.started request=<Request [b'GET']>
2026-02-23 21:14:01,150 - httpcore.http11 - DEBUG - send_request_headers.complete
2026-02-23 21:14:01,150 - httpcore.http11 - DEBUG - send_request_body.started request=<Request [b'GET']>
2026-02-23 21:14:01,150 - httpcore.http11 - DEBUG - send_request_body.complete
2026-02-23 21:14:01,150 - httpcore.http11 - DEBUG - receive_response_headers.started request=<Request [b'GET']>
2026-02-23 21:14:01,151 - httpcore.http11 - DEBUG - receive_response_headers.complete return_value=(b'HTTP/1.1', 200, b'OK', [(b'Content-Type', b'application/json; charset=utf-8'), (b'Content-Length', b'11'), (b'Connection', b'keep-alive'), (b'Date', b'Mon, 23 Feb 2026 12:14:01 GMT'), (b'Server', b'postgrest/14.5'), (b'Content-Range', b'0-0/*'), (b'Content-Location', b'/notification_history?identifier=eq.20260329_%C3%AB%C2%8D%C2%95%C3%AC%C2%9C%C2%A0%C3%AC%C2%82%C2%B0_%C3%AC%C2%B9%C2%B4%C3%AB%C2%9D%C2%BC%C3%AB%C2%B0%C2%98&select=id&sent_at=gt.2026-02-22T21%3A14%3A01.149694'), (b'Content-Profile', b'public'), (b'Access-Control-Allow-Origin', b'*'), (b'X-Kong-Upstream-Latency', b'1'), (b'X-Kong-Proxy-Latency', b'0'), (b'Via', b'kong/2.8.1')])
2026-02-23 21:14:01,152 - httpx - INFO - HTTP Request: GET http://127.0.0.1:54321/rest/v1/notification_history?select=id&identifier=eq.20260329_%EB%8D%95%EC%9C%A0%EC%82%B0_%EC%B9%B4%EB%9D%BC%EB%B0%98&sent_at=gt.2026-02-22T21%3A14%3A01.149694 "HTTP/1.1 200 OK"
2026-02-23 21:14:01,152 - httpcore.http11 - DEBUG - receive_response_body.started request=<Request [b'GET']>
2026-02-23 21:14:01,152 - httpcore.http11 - DEBUG - receive_response_body.complete
2026-02-23 21:14:01,152 - httpcore.http11 - DEBUG - response_closed.started
2026-02-23 21:14:01,152 - httpcore.http11 - DEBUG - response_closed.complete
2026-02-23 21:14:01,152 - httpcore.http11 - DEBUG - send_request_headers.started request=<Request [b'GET']>
2026-02-23 21:14:01,152 - httpcore.http11 - DEBUG - send_request_headers.complete
2026-02-23 21:14:01,152 - httpcore.http11 - DEBUG - send_request_body.started request=<Request [b'GET']>
2026-02-23 21:14:01,152 - httpcore.http11 - DEBUG - send_request_body.complete
2026-02-23 21:14:01,152 - httpcore.http11 - DEBUG - receive_response_headers.started request=<Request [b'GET']>
2026-02-23 21:14:01,154 - httpcore.http11 - DEBUG - receive_response_headers.complete return_value=(b'HTTP/1.1', 200, b'OK', [(b'Content-Type', b'application/json; charset=utf-8'), (b'Content-Length', b'11'), (b'Connection', b'keep-alive'), (b'Date', b'Mon, 23 Feb 2026 12:14:01 GMT'), (b'Server', b'postgrest/14.5'), (b'Content-Range', b'0-0/*'), (b'Content-Location', b'/notification_history?identifier=eq.20260330_%C3%AB%C2%8D%C2%95%C3%AC%C2%9C%C2%A0%C3%AC%C2%82%C2%B0_%C3%AC%C2%B9%C2%B4%C3%AB%C2%9D%C2%BC%C3%AB%C2%B0%C2%98&select=id&sent_at=gt.2026-02-22T21%3A14%3A01.152290'), (b'Content-Profile', b'public'), (b'Access-Control-Allow-Origin', b'*'), (b'X-Kong-Upstream-Latency', b'0'), (b'X-Kong-Proxy-Latency', b'0'), (b'Via', b'kong/2.8.1')])
2026-02-23 21:14:01,154 - httpx - INFO - HTTP Request: GET http://127.0.0.1:54321/rest/v1/notification_history?select=id&identifier=eq.20260330_%EB%8D%95%EC%9C%A0%EC%82%B0_%EC%B9%B4%EB%9D%BC%EB%B0%98&sent_at=gt.2026-02-22T21%3A14%3A01.152290 "HTTP/1.1 200 OK"
2026-02-23 21:14:01,154 - httpcore.http11 - DEBUG - receive_response_body.started request=<Request [b'GET']>
2026-02-23 21:14:01,154 - httpcore.http11 - DEBUG - receive_response_body.complete
2026-02-23 21:14:01,154 - httpcore.http11 - DEBUG - response_closed.started
2026-02-23 21:14:01,154 - httpcore.http11 - DEBUG - response_closed.complete
2026-02-23 21:14:01,155 - httpcore.http11 - DEBUG - send_request_headers.started request=<Request [b'GET']>
2026-02-23 21:14:01,155 - httpcore.http11 - DEBUG - send_request_headers.complete
2026-02-23 21:14:01,155 - httpcore.http11 - DEBUG - send_request_body.started request=<Request [b'GET']>
2026-02-23 21:14:01,155 - httpcore.http11 - DEBUG - send_request_body.complete
2026-02-23 21:14:01,155 - httpcore.http11 - DEBUG - receive_response_headers.started request=<Request [b'GET']>
2026-02-23 21:14:01,157 - httpcore.http11 - DEBUG - receive_response_headers.complete return_value=(b'HTTP/1.1', 200, b'OK', [(b'Content-Type', b'application/json; charset=utf-8'), (b'Content-Length', b'11'), (b'Connection', b'keep-alive'), (b'Date', b'Mon, 23 Feb 2026 12:14:01 GMT'), (b'Server', b'postgrest/14.5'), (b'Content-Range', b'0-0/*'), (b'Content-Location', b'/notification_history?identifier=eq.20260331_%C3%AB%C2%8D%C2%95%C3%AC%C2%9C%C2%A0%C3%AC%C2%82%C2%B0_%C3%AC%C2%B9%C2%B4%C3%AB%C2%9D%C2%BC%C3%AB%C2%B0%C2%98&select=id&sent_at=gt.2026-02-22T21%3A14%3A01.154984'), (b'Content-Profile', b'public'), (b'Access-Control-Allow-Origin', b'*'), (b'X-Kong-Upstream-Latency', b'1'), (b'X-Kong-Proxy-Latency', b'0'), (b'Via', b'kong/2.8.1')])
2026-02-23 21:14:01,157 - httpx - INFO - HTTP Request: GET http://127.0.0.1:54321/rest/v1/notification_history?select=id&identifier=eq.20260331_%EB%8D%95%EC%9C%A0%EC%82%B0_%EC%B9%B4%EB%9D%BC%EB%B0%98&sent_at=gt.2026-02-22T21%3A14%3A01.154984 "HTTP/1.1 200 OK"
2026-02-23 21:14:01,157 - httpcore.http11 - DEBUG - receive_response_body.started request=<Request [b'GET']>
2026-02-23 21:14:01,157 - httpcore.http11 - DEBUG - receive_response_body.complete
2026-02-23 21:14:01,157 - httpcore.http11 - DEBUG - response_closed.started
2026-02-23 21:14:01,157 - httpcore.http11 - DEBUG - response_closed.complete
2026-02-23 21:14:01,157 - werkzeug - INFO - 127.0.0.1 - - [23/Feb/2026 21:14:01] "POST /api/check HTTP/1.1" 200 -
